,species,mhc,peptide_length,sequence,meas
4201,horse,ELA-A1,12,RVEDVTNTAELW,-1.3979400086720375
4202,horse,ELA-A1,12,RVEDVTNTKEYW,-1.5563025007672873
4203,horse,ELA-A1,12,RVEDVTNTAEYW,-1.5910646070264989
4204,horse,ELA-A1,12,RVEDVKNTAEYW,-1.8129133566428557
4205,horse,ELA-A1,12,RVEDKTNTAEYW,-1.845098040014257
4206,horse,ELA-A1,12,RVEDVTNTALYW,-1.8920946026904804
4207,horse,ELA-A1,12,RVEDVTNKAEYW,-1.9030899869919435
4208,horse,ELA-A1,12,RVEDVTNTAEYL,-1.9867717342662448
4209,horse,ELA-A1,12,RVEKVTNTAEYW,-2.041392685158225
4210,horse,ELA-A1,12,RVEDVTLTAEYW,-2.1760912590556813
4211,horse,ELA-A1,12,LVEDVTNTAEYW,-2.230448921378274
4212,horse,ELA-A1,12,RVLDVTNTAEYW,-2.716003343634799
4213,horse,ELA-A1,12,GSQKLTTGNCNW,-2.781755374652469
4214,horse,ELA-A1,12,HVKDETNTTEYW,-2.9444826721501687
