,species,mhc,peptide_length,sequence,meas
55890,human,HLA-A*66:01,10,AVFDRKSDAK,-1.8260748027008264
55891,human,HLA-A*66:01,10,LALEGSLQKR,-2.7120156749360955
55892,human,HLA-A*66:01,10,KVFPYALINK,-3.843526358183924
55893,human,HLA-A*66:01,10,LALEVARQKR,-4.112821821868572
55894,human,HLA-A*66:01,10,SPGDLQTLAL,-4.5192419942197315
55895,human,HLA-A*66:01,10,PLALEGSLQK,-4.685825973354078
55896,human,HLA-A*66:01,10,TLALEVAQQK,-4.757139286778179
