,species,mhc,peptide_length,sequence,meas
15002,human,HLA-A*02:01,14,ILGGGLLVGLLPAV,-1.8761437616540544
15003,human,HLA-A*02:01,14,TLLVLGILLVVAGL,-3.339777199966872
15004,human,HLA-A*02:01,14,NPTQAPVIQLHAVY,-3.7581019747817273
15005,human,HLA-A*02:01,14,DEPASTEPVHDQLL,-4.1602787834211465
15006,human,HLA-A*02:01,14,SLLMWITQCFLPVF,-4.174292455102708
15007,human,HLA-A*02:01,14,LVSDYCNVLNKEFT,-4.352256633501644
15008,human,HLA-A*02:01,14,QKEEAAICGQMDLS,-4.656503216849695
15009,human,HLA-A*02:01,14,FRNLAYGRTCVLGK,-4.767328955470724
