,species,mhc,peptide_length,sequence,meas
22803,human,HLA-A*02:03,12,DILSGIFSNPHP,-1.6280172806849202
22804,human,HLA-A*02:03,12,SDILSGIFSNPH,-2.771783918327002
22805,human,HLA-A*02:03,12,IPQSLDSYWTSL,-2.7818675273081364
22806,human,HLA-A*02:03,12,TLVGLAIGLVLL,-2.8155322951024835
22807,human,HLA-A*02:03,12,SLVWAPLILAYF,-4.094127138479776
22808,human,HLA-A*02:03,12,LVGKLNWASQIY,-4.575954728766799
22809,human,HLA-A*02:03,12,DPHGPVQLSYYD,-4.803024796517232
