,species,mhc,peptide_length,sequence,meas
52143,human,HLA-A*31:01,13,FSLPFPFLYKFLL,-2.9027642004247407
52144,human,HLA-A*31:01,13,STLERTSKASLER,-2.9260714261279666
52145,human,HLA-A*31:01,13,LAYFPVFRFLNGS,-3.0560827138371938
52146,human,HLA-A*31:01,13,CFTSLVWAPLILA,-3.0828908447657315
52147,human,HLA-A*31:01,13,PLILAYFPVFRFL,-3.613159080298541
52148,human,HLA-A*31:01,13,SVNCFTSLVWAPL,-4.122050814349908
52149,human,HLA-A*31:01,13,AYIAFPTSCHMFI,-4.1962949951851805
52150,human,HLA-A*31:01,13,VWAPLILAYFPVF,-4.252786586362896
52151,human,HLA-A*31:01,13,AFPTSCHMFIICF,-4.330086028101883
