,species,mhc,peptide_length,sequence,meas
4186,gorilla,Gogo-B*0101,9,IRFPKTFGW,-1.4771212547196624
4187,gorilla,Gogo-B*0101,9,RRYQKSTEL,-1.724275869600789
4188,gorilla,Gogo-B*0101,9,IRYPKTFGW,-1.7323937598229686
4189,gorilla,Gogo-B*0101,9,KRYKSIVKY,-2.0
4190,gorilla,Gogo-B*0101,9,SRDKTIIMW,-2.1072099696478683
4191,gorilla,Gogo-B*0101,9,KRGILTLKY,-2.8247764624755467
4192,gorilla,Gogo-B*0101,9,ILFPKTFGW,-2.999130541287371
4193,gorilla,Gogo-B*0101,9,GRFKLIVLY,-3.4900990050633047
4194,gorilla,Gogo-B*0101,9,IFFPKTFGW,-3.501606922418829
4195,gorilla,Gogo-B*0101,9,IKFPKTFGW,-3.515078675075922
4196,gorilla,Gogo-B*0101,9,KRKKAYADF,-3.786396461372304
4197,gorilla,Gogo-B*0101,9,ERYLKDQQL,-4.163727735958904
4198,gorilla,Gogo-B*0101,9,INFPKTFGW,-4.370013187554124
4199,gorilla,Gogo-B*0101,9,IDFPKTFGW,-5.030935532847987
