,species,mhc,peptide_length,sequence,meas
6322,human,HLA-A*01:01,13,SVNCFTSLVWAPL,-3.0330473546674357
6323,human,HLA-A*01:01,13,CFTSLVWAPLILA,-3.9423418674741626
6324,human,HLA-A*01:01,13,VWAPLILAYFPVF,-4.067115288759248
6325,human,HLA-A*01:01,13,FSLPFPFLYKFLL,-4.090255934373457
6326,human,HLA-A*01:01,13,PLILAYFPVFRFL,-4.346240275670262
6327,human,HLA-A*01:01,13,LAYFPVFRFLNGS,-4.539613379325266
6328,human,HLA-A*01:01,13,AFPTSCHMFIICF,-4.7161340187173675
