,species,mhc,peptide_length,sequence,meas
43768,human,HLA-A*26:02,11,RSLYNTIATLY,-2.964730921053629
43769,human,HLA-A*26:02,11,KSLYNTIATLY,-3.0261245167454502
43770,human,HLA-A*26:02,11,KSLFNTIAVLY,-3.0441476208787233
43771,human,HLA-A*26:02,11,RSLFNTIAVLY,-3.1306553490220312
43772,human,HLA-A*26:02,11,KSLYNTIAVLY,-3.1436392352745437
43773,human,HLA-A*26:02,11,KSLFNTVAVLY,-3.3057811512549824
43774,human,HLA-A*26:02,11,RSLFNTIATLY,-3.332842266994352
43775,human,HLA-A*26:02,11,RSLYNTVAVLY,-3.3734637216323686
43776,human,HLA-A*26:02,11,RSLFNTVATLY,-3.4569730136358183
43777,human,HLA-A*26:02,11,RSLFNTVAVLY,-3.4874212113594742
