,species,mhc,peptide_length,sequence,meas
55837,human,HLA-A*33:01,11,ITKGLGISYGR,-1.181739087549578
55838,human,HLA-A*33:01,11,STLPETTVVRR,-2.26255433132708
55839,human,HLA-A*33:01,11,HTLWKAGILYK,-2.6055204700123507
55840,human,HLA-A*33:01,11,DSVKGRFTISR,-2.7712053394179312
55841,human,HLA-A*33:01,11,LPFPFLYKFLL,-2.9813171364968043
55842,human,HLA-A*33:01,11,LERTSKASLER,-3.400528074758824
55843,human,HLA-A*33:01,11,RLRDLLLIVTR,-3.4104204416990385
55844,human,HLA-A*33:01,11,RTLDFHDSNVK,-4.372684296975945
55845,human,HLA-A*33:01,11,KAFSPEVIPMF,-4.492663994559599
55846,human,HLA-A*33:01,11,AYISSEATTPV,-4.525029853177727
55847,human,HLA-A*33:01,11,VTVYYGVPVWK,-4.573324244689398
55848,human,HLA-A*33:01,11,KTKPPLPSVKK,-4.623033674506619
55849,human,HLA-A*33:01,11,QALSPRTLNAW,-4.712272897501294
55850,human,HLA-A*33:01,11,RRQDILDLWIY,-4.750930835770896
55851,human,HLA-A*33:01,11,ALVEICTEMEK,-4.804386575783202
