,species,mhc,peptide_length,sequence,meas
55854,human,HLA-A*33:01,13,FSLPFPFLYKFLL,-2.33044988728967
55855,human,HLA-A*33:01,13,STLERTSKASLER,-2.9152386609480185
55856,human,HLA-A*33:01,13,SVNCFTSLVWAPL,-3.403638291735952
55857,human,HLA-A*33:01,13,PLILAYFPVFRFL,-3.7201076316972346
55858,human,HLA-A*33:01,13,LAYFPVFRFLNGS,-3.8378753663819154
55859,human,HLA-A*33:01,13,AYIAFPTSCHMFI,-4.206060468166558
55860,human,HLA-A*33:01,13,VWAPLILAYFPVF,-4.40398969134653
55861,human,HLA-A*33:01,13,CFTSLVWAPLILA,-4.416146451902599
55862,human,HLA-A*33:01,13,AFPTSCHMFIICF,-4.622068058910216
