,species,mhc,peptide_length,sequence,meas
22835,human,HLA-A*02:05,9,WLSLLVPFV,-0.6020599913279624
22836,human,HLA-A*02:05,9,YLVAYQATL,-0.6334684555795865
22837,human,HLA-A*02:05,9,YLVKYQATV,-0.6334684555795865
22838,human,HLA-A*02:05,9,YQVAYQATV,-0.6334684555795865
22839,human,HLA-A*02:05,9,YLVAYQAKV,-0.7358415258870618
22840,human,HLA-A*02:05,9,LLFGYPVYV,-0.7558748556724915
22841,human,HLA-A*02:05,9,IVGAETFYV,-0.8129133566428556
22842,human,HLA-A*02:05,9,YLKAYQATV,-0.8341281081233913
22843,human,HLA-A*02:05,9,YLVAYQATV,-0.97136062077877
22844,human,HLA-A*02:05,9,ILKEPVHGV,-0.9731278535996988
22845,human,HLA-A*02:05,9,AMAKAAAAV,-1.0
22846,human,HLA-A*02:05,9,ALAKAAAAV,-1.0552587879836277
22847,human,HLA-A*02:05,9,YVVAYQATV,-1.077164338829825
22848,human,HLA-A*02:05,9,YTVAYQATV,-1.1019909525170637
22849,human,HLA-A*02:05,9,YLVAYQATI,-1.1563461908715824
22850,human,HLA-A*02:05,9,YIVAYQATV,-1.253258021856963
22851,human,HLA-A*02:05,9,YLVAYKATV,-1.253258021856963
22852,human,HLA-A*02:05,9,YLVAKQATV,-1.2717417305464565
22853,human,HLA-A*02:05,9,LLGRNSFEV,-1.2787536009528289
22854,human,HLA-A*02:05,9,ALAKAAAAL,-1.3226830313587359
22855,human,HLA-A*02:05,9,ATAKAAAAV,-1.3324384599156054
22856,human,HLA-A*02:05,9,KLVAYQATV,-1.3547152586214366
22857,human,HLA-A*02:05,9,YLVAYQKTV,-1.487340621898735
22858,human,HLA-A*02:05,9,AVAKAAAAV,-1.5501680379641094
22859,human,HLA-A*02:05,9,AIAKAAAAV,-1.6211309147494757
22860,human,HLA-A*02:05,9,ALAKAAAAI,-1.80663248425064
22861,human,HLA-A*02:05,9,ALAKAAAAM,-1.864301100242164
22862,human,HLA-A*02:05,9,ALAKAAAAA,-1.9822712330395684
22863,human,HLA-A*02:05,9,AAAKAAAAV,-2.204586454757299
22864,human,HLA-A*02:05,9,YLVAYQATT,-2.4030192312050564
22865,human,HLA-A*02:05,9,ASAKAAAAV,-2.592075669422633
22866,human,HLA-A*02:05,9,VKSMILHEI,-3.6622075378820025
22867,human,HLA-A*02:05,9,LQTTIHDII,-4.32221929473392
22868,human,HLA-A*02:05,9,AEMWAQDAA,-4.477314779396393
22869,human,HLA-A*02:05,9,EMWAQDAAM,-4.741006398527642
