,species,mhc,peptide_length,sequence,meas
43520,human,HLA-A*26:01,13,SVNCFTSLVWAPL,-3.7622414650441183
43521,human,HLA-A*26:01,13,CFTSLVWAPLILA,-4.149241674437683
43522,human,HLA-A*26:01,13,PLILAYFPVFRFL,-4.4154036158034335
43523,human,HLA-A*26:01,13,AFPTSCHMFIICF,-4.494956945159681
43524,human,HLA-A*26:01,13,VWAPLILAYFPVF,-4.5174583710180425
