,species,mhc,peptide_length,sequence,meas
55899,human,HLA-A*68:01,8,YADSVKGR,-3.0699303641257
55900,human,HLA-A*68:01,8,YLQMNSLR,-3.1636065944262888
55901,human,HLA-A*68:01,8,RYPLTFGW,-3.2359205501271004
55902,human,HLA-A*68:01,8,MTYKAAVL,-3.378127546092152
55903,human,HLA-A*68:01,8,PSLPSPSR,-3.380054387842633
55904,human,HLA-A*68:01,8,EVAQRAYR,-3.7999755955591934
55905,human,HLA-A*68:01,8,CCFHCQVC,-4.1350760494134375
55906,human,HLA-A*68:01,8,HHIWQNLL,-4.179735990328985
55907,human,HLA-A*68:01,8,VGNVYVKF,-4.251781681078566
55908,human,HLA-A*68:01,8,FLKEEGGL,-4.500135759399537
55909,human,HLA-A*68:01,8,PLRPMTYK,-4.553293438827269
55910,human,HLA-A*68:01,8,RRDYRRGL,-4.586264879328547
55911,human,HLA-A*68:01,8,PLRPMTYR,-4.608226858900374
55912,human,HLA-A*68:01,8,FLKEKGGL,-4.620940837109788
55913,human,HLA-A*68:01,8,TAFTIPSI,-4.928242134538047
