,species,mhc,peptide_length,sequence,meas
59075,human,HLA-A*68:01,11,ITKGLGISYGR,-1.1171763372296886
59076,human,HLA-A*68:01,11,STLPETTVVRR,-1.4209719955949343
59077,human,HLA-A*68:01,11,HTLWKAGILYK,-1.6531481643238481
59078,human,HLA-A*68:01,11,DSVKGRFTISR,-2.103906168173007
59079,human,HLA-A*68:01,11,VTVYYGVPVWK,-2.2329886841469944
59080,human,HLA-A*68:01,11,RLRDLLLIVTR,-3.4857182642101483
59081,human,HLA-A*68:01,11,LPFPFLYKFLL,-3.5916366455089843
59082,human,HLA-A*68:01,11,ALVEICTEMEK,-3.793453633421117
59083,human,HLA-A*68:01,11,KTKPPLPSVKK,-3.8316802469869433
59084,human,HLA-A*68:01,11,LERTSKASLER,-3.8717580133681935
59085,human,HLA-A*68:01,11,RTLDFHDSNVK,-3.965041342888144
59086,human,HLA-A*68:01,11,QAISPRTLNAW,-4.557837407942598
59087,human,HLA-A*68:01,11,RRQDILDLWIY,-4.563012916079553
59088,human,HLA-A*68:01,11,GSPGDLQTLAL,-4.643675149223081
59089,human,HLA-A*68:01,11,ISDSNPYLTQW,-4.67433070111408
59090,human,HLA-A*68:01,11,KAFSPEVIPMF,-4.69847170432089
59091,human,HLA-A*68:01,11,VPVWKEATTTL,-4.7314706017568735
