,species,mhc,peptide_length,sequence,meas
27277,human,HLA-A*02:07,10,FLPSDKFPSV,-1.1064560862083812
27278,human,HLA-A*02:07,10,FLPKDYFPSV,-1.2477842948870272
27279,human,HLA-A*02:07,10,FLPSDFFPSV,-1.2787536009528289
27280,human,HLA-A*02:07,10,FLPSDYFPSV,-1.3617278360175928
27281,human,HLA-A*02:07,10,FLPSKYFPSV,-1.4323085326557603
27282,human,HLA-A*02:07,10,FIPSDYFPSV,-1.870366444301116
27283,human,HLA-A*02:07,10,FIPSYDFPSV,-1.870366444301116
27284,human,HLA-A*02:07,10,FLPSDYFKSV,-1.9637878273455556
27285,human,HLA-A*02:07,10,KLPSDYFPSV,-1.9815164432470105
27286,human,HLA-A*02:07,10,FLPSDYFPSL,-2.0
27287,human,HLA-A*02:07,10,FLPSDFFPSI,-2.170261715394957
27288,human,HLA-A*02:07,10,FLPSDYFPSI,-2.1856356328424464
27289,human,HLA-A*02:07,10,FLPSDYFPKV,-2.2156005556334493
27290,human,HLA-A*02:07,10,FVPSDYFPSV,-2.361727836017593
27291,human,HLA-A*02:07,10,FQPSDYFPSV,-2.6374517020635606
27292,human,HLA-A*02:07,10,FLPSDYFPST,-2.9303641473880737
27293,human,HLA-A*02:07,10,FLPSDYKPSV,-2.9303641473880737
27294,human,HLA-A*02:07,10,YLQLVFGIEV,-3.0224283711854865
27295,human,HLA-A*02:07,10,GMPEGDLVYV,-3.1455071714096627
27296,human,HLA-A*02:07,10,FLPSDYFPSP,-3.361727836017593
27297,human,HLA-A*02:07,10,FFPSDYFPSV,-3.3840037586692686
27298,human,HLA-A*02:07,10,FTPSDYFPSV,-3.4641003859619963
27299,human,HLA-A*02:07,10,FLKSDYFPSV,-3.469633535444908
27300,human,HLA-A*02:07,10,LLWKGEGAVV,-3.617734035364018
27301,human,HLA-A*02:07,10,YMIDPSGVSY,-4.10508621309088
27302,human,HLA-A*02:07,10,FLPSDYFPSF,-4.157607853361668
27303,human,HLA-A*02:07,10,FPPSDYFPSV,-4.185635632842446
27304,human,HLA-A*02:07,10,ALAETSYVKV,-4.3680450262086765
27305,human,HLA-A*02:07,10,ITSQDVLYSW,-4.602818579950952
