,species,mhc,peptide_length,sequence,meas
29061,human,HLA-A*03:01,8,RMYSPTSI,-2.122438548367279
29062,human,HLA-A*03:01,8,CAHHFWTK,-2.226439733128213
29063,human,HLA-A*03:01,8,TINYTIFK,-2.6384692889332126
29064,human,HLA-A*03:01,8,RYPLTFGW,-3.2145812098291366
29065,human,HLA-A*03:01,8,KLWASQIY,-3.5245282799412063
29066,human,HLA-A*03:01,8,PLRPMTYR,-3.576412840943163
29067,human,HLA-A*03:01,8,PLRPMTYK,-3.634882080590746
29068,human,HLA-A*03:01,8,WTLVVLLI,-4.104053227024426
29069,human,HLA-A*03:01,8,FLKEEGGL,-4.125949253507118
29070,human,HLA-A*03:01,8,AQFSPQYL,-4.203428396214976
29071,human,HLA-A*03:01,8,HRCQAIRK,-4.261128530371992
29072,human,HLA-A*03:01,8,FLKEKGGL,-4.2793595011970265
29073,human,HLA-A*03:01,8,MTYKAAVL,-4.3755471909786765
29074,human,HLA-A*03:01,8,RYSIFFDY,-4.451313971307185
29075,human,HLA-A*03:01,8,KFSNSNIY,-4.605886588261933
29076,human,HLA-A*03:01,8,RFPLCFGW,-4.625145718419399
29077,human,HLA-A*03:01,8,CCFHCQVC,-4.643029230405658
29078,human,HLA-A*03:01,8,RYPLCFGW,-4.6546164758589805
29079,human,HLA-A*03:01,8,RYPLTLGW,-4.740783933896736
29080,human,HLA-A*03:01,8,FLKENGGL,-4.767290137343675
29081,human,HLA-A*03:01,8,FSNSNIYK,-4.830508484556075
29082,human,HLA-A*03:01,8,RFPLTFGW,-4.850654640016933
29083,human,HLA-A*03:01,8,HHIWQNLL,-4.868451107879724
29084,human,HLA-A*03:01,8,FLKEQGGL,-4.868764648749685
29085,human,HLA-A*03:01,8,FLKEMGGL,-4.8932067530598475
