,species,mhc,peptide_length,sequence,meas
6283,human,HLA-A*01:01,11,LLDAHIPQLVA,-0.9597687272947866
6284,human,HLA-A*01:01,11,WMMWYWGPSLY,-1.2121876044039581
6285,human,HLA-A*01:01,11,LTFGRETVLEY,-1.2253092817258628
6286,human,HLA-A*01:01,11,SLRAEDTAVYY,-1.8314949168303107
6287,human,HLA-A*01:01,11,LLAKSVFNSLY,-1.968482948553935
6288,human,HLA-A*01:01,11,NSLRAEDTAVY,-2.1302928206375102
6289,human,HLA-A*01:01,11,CAASGFTFSSY,-2.2124589723063663
6290,human,HLA-A*01:01,11,RSLYNTVATLY,-2.9700322800072767
6291,human,HLA-A*01:01,11,KSLFNTIATLY,-3.009450895798694
6292,human,HLA-A*01:01,11,RSLFNTIATLY,-3.096562438374136
6293,human,HLA-A*01:01,11,AEMKTDAATLA,-3.155177101553825
6294,human,HLA-A*01:01,11,RSLYNTIATLY,-3.2166935991697545
6295,human,HLA-A*01:01,11,MTIASVPTSRY,-3.3096301674258988
6296,human,HLA-A*01:01,11,RSLFNTVATLY,-3.3110796521350867
6297,human,HLA-A*01:01,11,KSLFNTVATLY,-3.3242824552976926
6298,human,HLA-A*01:01,11,KSLFNTIAVLY,-3.3283796034387376
6299,human,HLA-A*01:01,11,KSLYNTIATLY,-3.4646385590950333
6300,human,HLA-A*01:01,11,KSLYNTIAVLY,-3.483301952358167
6301,human,HLA-A*01:01,11,AIGVLIGGLEW,-3.552102533791196
6302,human,HLA-A*01:01,11,SLRLSCAASGF,-3.5946096228035334
6303,human,HLA-A*01:01,11,KSLYNTVAVLY,-3.6498214632245647
6304,human,HLA-A*01:01,11,KRQEILDLWVY,-3.823150428291677
6305,human,HLA-A*01:01,11,AYISSEATTPV,-3.9069910832973953
6306,human,HLA-A*01:01,11,RLRDLLLIVTR,-4.041375646267017
6307,human,HLA-A*01:01,11,QYAEMWAQDAA,-4.0447977326818565
6308,human,HLA-A*01:01,11,EMKTDAATLAQ,-4.053602205282358
6309,human,HLA-A*01:01,11,TQGYFPDWQNY,-4.348613344621709
6310,human,HLA-A*01:01,11,ERFAVNPGLLE,-4.354960423902156
6311,human,HLA-A*01:01,11,RRQDILDLWIY,-4.399066306174763
6312,human,HLA-A*01:01,11,RDYVDRFFKTL,-4.457733961130249
6313,human,HLA-A*01:01,11,ISDSNPYLTQW,-4.496382231170437
6314,human,HLA-A*01:01,11,AFEDLRLLSFI,-4.544829201809111
6315,human,HLA-A*01:01,11,ACQGVGGPGHK,-4.613326229026417
6316,human,HLA-A*01:01,11,AVINTTCNYGQ,-4.629093067321043
6317,human,HLA-A*01:01,11,ATAGLTHMMIW,-4.651036777565754
6318,human,HLA-A*01:01,11,EVQLVESGGGL,-4.738908341216886
