,species,mhc,peptide_length,sequence,meas
27223,human,HLA-A*02:06,12,DILSGIFSNPHP,-2.5949792515258987
27224,human,HLA-A*02:06,12,TLVGLAIGLVLL,-2.891928571914215
27225,human,HLA-A*02:06,12,DPHGPVQLSYYD,-3.8815654547887375
27226,human,HLA-A*02:06,12,SLVWAPLILAYF,-4.257061567946706
27227,human,HLA-A*02:06,12,IPQSLDSYWTSL,-4.294099176252447
