,species,mhc,peptide_length,sequence,meas
45482,human,HLA-A*30:01,8,AQFSPQYL,-2.9525031850461168
45483,human,HLA-A*30:01,8,RGYVFQGL,-3.2825430996633678
45484,human,HLA-A*30:01,8,TAFTIPSI,-3.634988740572646
45485,human,HLA-A*30:01,8,RMYSPTSI,-3.810573844706508
45486,human,HLA-A*30:01,8,PLRPMTYK,-3.9445678300342415
45487,human,HLA-A*30:01,8,TAFTIPST,-4.010258591937609
45488,human,HLA-A*30:01,8,RYPLTFGW,-4.414038832937082
45489,human,HLA-A*30:01,8,RFPLTFGW,-4.431708563389959
45490,human,HLA-A*30:01,8,RYPLTLGW,-4.5614540371665075
45491,human,HLA-A*30:01,8,RRDYRRGL,-4.593730482987559
45492,human,HLA-A*30:01,8,AFPTSCHM,-4.621301985599804
45493,human,HLA-A*30:01,8,VGNVYVKF,-4.670365248062909
