,species,mhc,peptide_length,sequence,meas
2463,chimpanzee,Patr-B*1301,8,RPPLGNWF,-0.825909350365244
2464,chimpanzee,Patr-B*1301,8,YPALMPLY,-2.3201462861110542
2465,chimpanzee,Patr-B*1301,8,VGNVYVKF,-3.265442171056795
2466,chimpanzee,Patr-B*1301,8,AQFSPQYL,-3.4133159716824197
2467,chimpanzee,Patr-B*1301,8,RGYVFQGL,-3.7508981740580185
2468,chimpanzee,Patr-B*1301,8,RRDYRRGL,-3.9951452593047554
2469,chimpanzee,Patr-B*1301,8,GDYKLVEI,-4.385486669944986
2470,chimpanzee,Patr-B*1301,8,YHSNVKEL,-4.836731407538223
