,species,mhc,peptide_length,sequence,meas
27243,human,HLA-A*02:06,15,LKFSLPFPFLYKFLL,-3.3604297724217527
27244,human,HLA-A*02:06,15,LTLAIYHPQQFVYAG,-3.9003544531909884
27245,human,HLA-A*02:06,15,RLFNANAEEYHALSA,-4.0534895418676875
27246,human,HLA-A*02:06,15,RALIKTLPRASYSSH,-4.457612013727838
27247,human,HLA-A*02:06,15,ERPIFPHPSKPTFLP,-4.6044138966744885
27248,human,HLA-A*02:06,15,EISTNIRQAGVQYSR,-5.121043692583924
