,species,mhc,peptide_length,sequence,meas
27251,human,HLA-A*02:07,9,RLPLVLPAV,-0.9493900066449128
27252,human,HLA-A*02:07,9,YLDLALMSV,-1.6434526764861874
27253,human,HLA-A*02:07,9,FLWGPRALV,-1.7481880270062005
27254,human,HLA-A*02:07,9,LLPFVQWFV,-1.944482672150169
27255,human,HLA-A*02:07,9,YMDDVVLGV,-1.9637878273455556
27256,human,HLA-A*02:07,9,SLDSWWTSV,-2.3729120029701067
27257,human,HLA-A*02:07,9,YVDRFYKTL,-2.444044795918076
27258,human,HLA-A*02:07,9,RMPEAAPPV,-2.7387805584843687
27259,human,HLA-A*02:07,9,WLSLLVPFV,-2.7387805584843687
27260,human,HLA-A*02:07,9,SLDLASLIL,-3.1936810295412816
27261,human,HLA-A*02:07,9,LVPFVQWFV,-3.402433346219312
27262,human,HLA-A*02:07,9,KLPQLCTEL,-3.4248816366310666
27263,human,HLA-A*02:07,9,ALDVYNGLL,-3.776192514747072
27264,human,HLA-A*02:07,9,CILESLFRA,-3.8117760216029035
27265,human,HLA-A*02:07,9,AAPLILSRI,-3.8221680793680175
27266,human,HLA-A*02:07,9,KMQKEYALL,-4.024702372545268
27267,human,HLA-A*02:07,9,YVIPHVHAF,-4.138145209280348
27268,human,HLA-A*02:07,9,WVDLRSLFL,-4.429316152131662
27269,human,HLA-A*02:07,9,GTIKGGEMK,-4.56601743348166
27270,human,HLA-A*02:07,9,KQQNFYALF,-4.5674936719755586
27271,human,HLA-A*02:07,9,KQQQIHALF,-4.569392643808673
27272,human,HLA-A*02:07,9,VTSPYTVEW,-4.610021133717459
27273,human,HLA-A*02:07,9,TSIGDKMQK,-4.684981299485195
27274,human,HLA-A*02:07,9,KMKEIAEAY,-4.7273452723190434
27275,human,HLA-A*02:07,9,SIRDGVRAY,-4.778266133148972
27276,human,HLA-A*02:07,9,FIKDGSSTY,-4.797498835172385
