,species,mhc,peptide_length,sequence,meas
43868,human,HLA-A*29:02,8,ASFCGSPY,-1.9390197764486663
43869,human,HLA-A*29:02,8,RYSIFFDY,-2.2371042704778894
43870,human,HLA-A*29:02,8,FSLPAQLL,-3.25428179762723
43871,human,HLA-A*29:02,8,LVESGGGL,-3.478377386127697
43872,human,HLA-A*29:02,8,HHIWQNLL,-3.728093673935996
43873,human,HLA-A*29:02,8,LSCAASGF,-3.7722628711678174
43874,human,HLA-A*29:02,8,VPLRPMTY,-3.9226322048012285
43875,human,HLA-A*29:02,8,MTYKAAVL,-3.951690626987282
43876,human,HLA-A*29:02,8,CCFHCQVC,-4.2120214056765715
43877,human,HLA-A*29:02,8,NIILKANF,-4.229321337334164
43878,human,HLA-A*29:02,8,KLWASQIY,-4.3752388863210845
43879,human,HLA-A*29:02,8,LYLQMNSL,-4.402278972314963
43880,human,HLA-A*29:02,8,PLRPMTYK,-4.54126165709005
43881,human,HLA-A*29:02,8,TFHGAKEI,-4.586315363467199
43882,human,HLA-A*29:02,8,MIWDPNGW,-4.623336166662007
43883,human,HLA-A*29:02,8,QIIKLLPF,-4.705087232512742
43884,human,HLA-A*29:02,8,EVAQRAYR,-4.762406622560408
43885,human,HLA-A*29:02,8,RGYVFQGL,-4.779837994775937
43886,human,HLA-A*29:02,8,FPTSCHMF,-4.805222925237147
43887,human,HLA-A*29:02,8,SLPSPSRL,-4.814446734104366
43888,human,HLA-A*29:02,8,KAFSPEVI,-4.815907174969862
43889,human,HLA-A*29:02,8,GDYKLVEI,-4.840968332530184
43890,human,HLA-A*29:02,8,RYPLTFGW,-4.8435588684366095
43891,human,HLA-A*29:02,8,FLKEKGGL,-4.9050544757789565
