,species,mhc,peptide_length,sequence,meas
89444,human,HLA-C*07:01,11,VALFSSCPVAY,-2.537819095073274
89445,human,HLA-C*07:01,11,MVRVLTVIKEY,-2.613312839305109
89446,human,HLA-C*07:01,11,TFVPIAWAAAY,-3.137037454789513
89447,human,HLA-C*07:01,11,YFYYNAFHWAI,-3.1394067417723703
