,species,mhc,peptide_length,sequence,meas
55870,human,HLA-A*66:01,9,MAIHRSLTK,-0.7781512503836436
55871,human,HLA-A*66:01,9,YVFPVIFSR,-0.7998610461245887
55872,human,HLA-A*66:01,9,HVIQNAFRK,-1.0791812460476249
55873,human,HLA-A*66:01,9,YTGAMTSKF,-1.146128035678238
55874,human,HLA-A*66:01,9,MTAASYARY,-1.1760912590556811
55875,human,HLA-A*66:01,9,EVIRATYPS,-1.3979400086720375
55876,human,HLA-A*66:01,9,GTYKRVTEK,-1.7160033436347992
55877,human,HLA-A*66:01,9,ETVWPFFYA,-2.004321373782642
55878,human,HLA-A*66:01,9,MTYLDGHPV,-2.127104798364808
55879,human,HLA-A*66:01,9,EVCQATSQY,-2.1789769472931693
55880,human,HLA-A*66:01,9,EVRKAIEFV,-2.4471580313422194
55881,human,HLA-A*66:01,9,YSQGAFTPL,-2.4683473304121573
55882,human,HLA-A*66:01,9,QTVEMSPFY,-3.1149444157125847
55883,human,HLA-A*66:01,9,YHIPGDTLF,-3.5527954421086934
55884,human,HLA-A*66:01,9,AINSEMFLR,-3.6577247911655615
55885,human,HLA-A*66:01,9,DVCGMFTNR,-4.081036674023315
55886,human,HLA-A*66:01,9,SITEVECFL,-4.164069134921063
55887,human,HLA-A*66:01,9,PGDLQTLAL,-4.530140558769582
55888,human,HLA-A*66:01,9,AINSEMFLL,-4.564330309474851
55889,human,HLA-A*66:01,9,PLALEGSLQ,-4.685822321854299
