,species,mhc,peptide_length,sequence,meas
66216,human,HLA-B*07:02,11,SPYRTLMSCPI,-0.6020599913279624
66217,human,HLA-B*07:02,11,LPFQNIHPITI,-1.7634279935629371
66218,human,HLA-B*07:02,11,GPGAGSLQPLA,-1.9668742037926912
66219,human,HLA-B*07:02,11,QPRAPIRPIPT,-2.041392685158225
66220,human,HLA-B*07:02,11,RPQVPLRPMTY,-2.242637136454284
66221,human,HLA-B*07:02,11,LPSCPTNFCIF,-2.750096692480672
66222,human,HLA-B*07:02,11,RARIKTRLFTI,-2.8656960599160706
66223,human,HLA-B*07:02,11,SPNQARAQAAL,-2.966751664051378
66224,human,HLA-B*07:02,11,VPVWKEATTTL,-3.0378431808430206
66225,human,HLA-B*07:02,11,LPFPFLYKFLL,-3.081790445177248
66226,human,HLA-B*07:02,11,YPALMPLYACI,-3.1411892521680413
66227,human,HLA-B*07:02,11,SPNPTVEAGRT,-3.3655659341290245
66228,human,HLA-B*07:02,11,PPPSLPSPSRL,-3.4853650093456774
66229,human,HLA-B*07:02,11,GSPGDLQTLAL,-3.6399322007238513
66230,human,HLA-B*07:02,11,PPYCTIAPVGI,-3.650511552215933
66231,human,HLA-B*07:02,11,SELPQWLSANR,-3.6936305944884302
66232,human,HLA-B*07:02,11,AAYHPQQFIYA,-3.7935860982205374
66233,human,HLA-B*07:02,11,AEQASQDVKNW,-3.9308408363106953
66234,human,HLA-B*07:02,11,QPGGSLRLSCA,-3.9600364195582114
66235,human,HLA-B*07:02,11,QPQLPYPQPQL,-3.9834510271564127
66236,human,HLA-B*07:02,11,EMKTDAATLAQ,-4.029466558905825
66237,human,HLA-B*07:02,11,LVTMGTGTFGR,-4.136893827501387
66238,human,HLA-B*07:02,11,GLPVEYLQVPS,-4.204815852707082
66239,human,HLA-B*07:02,11,STHEANTMAMM,-4.4329035406039665
66240,human,HLA-B*07:02,11,KAFSPEVIPMF,-4.46638650637259
66241,human,HLA-B*07:02,11,RRQDILDLWIY,-4.509688472741843
66242,human,HLA-B*07:02,11,RRARSLSAERY,-4.512759535200098
66243,human,HLA-B*07:02,11,ACQGVGGPGHK,-4.579253042083463
66244,human,HLA-B*07:02,11,KTKPPLPSVKK,-4.608010993065046
66245,human,HLA-B*07:02,11,AEMKTDAATLA,-4.696471980617644
66246,human,HLA-B*07:02,11,KRQEILDLWVY,-4.751363784537139
66247,human,HLA-B*07:02,11,RLRDLLLIVTR,-4.763537911416074
