,species,mhc,peptide_length,sequence,meas
53048,human,HLA-A*32:01,11,ISDSNPYLTQW,-3.56931812166673
53049,human,HLA-A*32:01,11,RSLYNTVATLY,-3.8635839230901294
53050,human,HLA-A*32:01,11,RSLFNTVATLY,-3.9469584989545776
53051,human,HLA-A*32:01,11,QALSPRTLNAW,-4.006992791445625
53052,human,HLA-A*32:01,11,LPFPFLYKFLL,-4.502242729803858
53053,human,HLA-A*32:01,11,QAISPRTLNAW,-4.562048672345568
53054,human,HLA-A*32:01,11,AEQASQEVKNW,-4.683824508333295
