,species,mhc,peptide_length,sequence,meas
76339,human,HLA-B*35:01,11,HPVGEADYFEY,-0.9030899869919436
76340,human,HLA-B*35:01,11,VALFSSCPVAY,-1.1419620693755044
76341,human,HLA-B*35:01,11,MVRVLTVIKEY,-1.3152423389394887
76342,human,HLA-B*35:01,11,QPQPFPSQQPY,-1.6655376532076205
76343,human,HLA-B*35:01,11,LPSCPTNFCIF,-1.679425998523029
76344,human,HLA-B*35:01,11,LPFPFLYKFLL,-2.0253758179164096
76345,human,HLA-B*35:01,11,FLLPILSQIYT,-2.315129910426479
76346,human,HLA-B*35:01,11,TFVPIAWAAAY,-2.3702041464004138
76347,human,HLA-B*35:01,11,RSLFNTVAVLY,-2.5877109650189114
76348,human,HLA-B*35:01,11,QPQPFRPQQPY,-2.8043275679014017
76349,human,HLA-B*35:01,11,LVTMGTGTFGR,-2.9892717733902847
76350,human,HLA-B*35:01,11,KSLFNTIAVLY,-3.003029470553618
76351,human,HLA-B*35:01,11,RMILPMSRAFR,-3.2279894704275933
76352,human,HLA-B*35:01,11,KSLFNTVAVLY,-3.2347702951609163
76353,human,HLA-B*35:01,11,KSLFNTVATLY,-3.3821972103774534
76354,human,HLA-B*35:01,11,QTVEDEARRMW,-3.62999541828341
76355,human,HLA-B*35:01,11,RPQVPLRPMTY,-3.772217342977238
76356,human,HLA-B*35:01,11,TQGYFPDWQNY,-3.8085997191842553
76357,human,HLA-B*35:01,11,ALVEICTEMEK,-3.8434771455975874
76358,human,HLA-B*35:01,11,VPVWKEATTTL,-4.4174287188422445
76359,human,HLA-B*35:01,11,KAFSPEVIPMF,-4.525650851464726
76360,human,HLA-B*35:01,11,QPQLPYPQPQL,-4.609455776841801
76361,human,HLA-B*35:01,11,RLRDLLLIVTR,-4.655800658625964
76362,human,HLA-B*35:01,11,KRQEILDLWVY,-4.6946078310133625
76363,human,HLA-B*35:01,11,RRQDILDLWIY,-4.718028939188713
76364,human,HLA-B*35:01,11,RRARSLSAERY,-4.746698326577929
76365,human,HLA-B*35:01,11,KTKPPLPSVKK,-4.755112266395071
76366,human,HLA-B*35:01,11,QAISPRTLNAW,-4.7809284811003065
