,species,mhc,peptide_length,sequence,meas
63375,human,HLA-A*74:01,9,SLARRHLAR,-1.6434506621447462
63376,human,HLA-A*74:01,9,QIYPGIKVR,-1.7075681078294085
63377,human,HLA-A*74:01,9,SQARRHLAR,-2.1172713026177368
63378,human,HLA-A*74:01,9,RQIHSISER,-2.1702615871606894
63379,human,HLA-A*74:01,9,AIFQSSMTK,-2.3560259683495377
63380,human,HLA-A*74:01,9,KLDKWEKIR,-2.428136362023498
63381,human,HLA-A*74:01,9,KVVPRRKAK,-2.7411535499409787
63382,human,HLA-A*74:01,9,KIQNFRVYY,-3.7541199117600494
63383,human,HLA-A*74:01,9,AFDLSFFLK,-4.301028331661486
63384,human,HLA-A*74:01,9,KFDSSLARR,-4.301028331661486
63385,human,HLA-A*74:01,9,LAFPQGEAR,-4.301028331661486
63386,human,HLA-A*74:01,9,SLTETTNQK,-4.301028331661486
63387,human,HLA-A*74:01,9,QVPLRPMTY,-4.301028331661486
63388,human,HLA-A*74:01,9,PIPVGDIYK,-4.301028331661486
63389,human,HLA-A*74:01,9,ITLWQRPLV,-4.301028331661486
