,species,mhc,peptide_length,sequence,meas
14990,human,HLA-A*02:01,13,VLGMLIPLSVCSV,-1.353216104797092
14991,human,HLA-A*02:01,13,GLIDIAPHQISSV,-1.6020599913279625
14992,human,HLA-A*02:01,13,ILAILAIATLMSV,-1.6275961764403482
14993,human,HLA-A*02:01,13,FSLPFPFLYKFLL,-1.8657221227197496
14994,human,HLA-A*02:01,13,SLAALIVGLVFAL,-1.8860967768207257
14995,human,HLA-A*02:01,13,SVNCFTSLVWAPL,-2.173269741116459
14996,human,HLA-A*02:01,13,VLGATLLFFVIAL,-3.149377738849205
14997,human,HLA-A*02:01,13,AYIAFPTSCHMFI,-3.597222930441073
14998,human,HLA-A*02:01,13,CFTSLVWAPLILA,-3.8520186338176687
14999,human,HLA-A*02:01,13,VWAPLILAYFPVF,-4.3360468444062645
15000,human,HLA-A*02:01,13,PLILAYFPVFRFL,-4.630926955607925
15001,human,HLA-A*02:01,13,LAYFPVFRFLNGS,-4.649821236107459
