,species,mhc,peptide_length,sequence,meas
82661,human,HLA-B*46:01,10,YMIDPSGVSY,-1.6051506879122532
82662,human,HLA-B*46:01,10,ITSQDVLYSW,-3.02429463463515
82663,human,HLA-B*46:01,10,TSTLQEQIAW,-3.03375897782198
82664,human,HLA-B*46:01,10,KAVRLIKFLY,-3.976465659874514
82665,human,HLA-B*46:01,10,HTQGYFPDWQ,-4.051353622940462
82666,human,HLA-B*46:01,10,TSNLQEQIAW,-4.1907428526485315
82667,human,HLA-B*46:01,10,TSNLQEQIGW,-4.293589871688675
82668,human,HLA-B*46:01,10,ITSQDVLHSW,-4.4150867879103615
82669,human,HLA-B*46:01,10,TSTLQEQIGW,-4.4936150225189175
82670,human,HLA-B*46:01,10,FLPSDYFPSV,-4.744727494931436
