,species,mhc,peptide_length,sequence,meas
76511,human,HLA-B*37:01,11,RQSSGSSSSGF,-2.500876535959436
76512,human,HLA-B*37:01,11,KVADVDLAVPV,-2.9574795721546585
76513,human,HLA-B*37:01,11,YYQSGLSIVMP,-3.1278026270299586
76514,human,HLA-B*37:01,11,STHEANTMAMM,-3.9529177564921776
