,species,mhc,peptide_length,sequence,meas
89013,human,HLA-C*06:02,8,YRNIVNML,-0.8870814713233216
89014,human,HLA-C*06:02,8,FRNIVNYL,-1.048605274165074
89015,human,HLA-C*06:02,8,FRNIVNML,-1.9743123346968
89016,human,HLA-C*06:02,8,AQFSPQYL,-3.551019933846681
89017,human,HLA-C*06:02,8,YHSNVKEL,-3.755872956963343
89018,human,HLA-C*06:02,8,FLKEKGGL,-3.873185283296004
89019,human,HLA-C*06:02,8,GDYKLVEI,-4.2176642882134985
89020,human,HLA-C*06:02,8,FLKEQGGL,-4.22893934803404
89021,human,HLA-C*06:02,8,RRDYRRGL,-4.534729630895598
89022,human,HLA-C*06:02,8,FLKEMGGL,-4.63291842958781
89023,human,HLA-C*06:02,8,FLKENGGL,-4.776586037475816
89024,human,HLA-C*06:02,8,FPTSCHMF,-4.912078656357805
