,species,mhc,peptide_length,sequence,meas
68326,human,HLA-B*15:01,8,KLWASQIY,-1.5958927808534598
68327,human,HLA-B*15:01,8,AQFSPQYL,-2.0308111391261368
68328,human,HLA-B*15:01,8,RRDYRRGL,-2.0700880053214332
68329,human,HLA-B*15:01,8,RMYSPTSI,-2.3379002625318703
68330,human,HLA-B*15:01,8,VGNVYVKF,-2.414495886171088
68331,human,HLA-B*15:01,8,FLKENGGL,-3.106979880564217
68332,human,HLA-B*15:01,8,FLKEMGGL,-3.2914034773950904
68333,human,HLA-B*15:01,8,RGYVFQGL,-3.2963470719546604
68334,human,HLA-B*15:01,8,FLKEQGGL,-3.308056906861708
68335,human,HLA-B*15:01,8,YLKDQQLL,-3.4477629998551347
68336,human,HLA-B*15:01,8,RGPDAFRF,-3.496520747324752
68337,human,HLA-B*15:01,8,FLKEEGGL,-3.515797755803551
68338,human,HLA-B*15:01,8,GDYKLVEI,-3.5360273251186025
68339,human,HLA-B*15:01,8,YHSNVKEL,-3.59658302645632
68340,human,HLA-B*15:01,8,RLEELRGF,-3.904572782254476
68341,human,HLA-B*15:01,8,AVLTRGTF,-3.9428567086692055
68342,human,HLA-B*15:01,8,KFSNSNIY,-3.952457600284116
68343,human,HLA-B*15:01,8,TAFTIPSI,-4.071442261434549
68344,human,HLA-B*15:01,8,AEMKTDAA,-4.101235841511252
68345,human,HLA-B*15:01,8,FLKEKGGL,-4.183865056972518
68346,human,HLA-B*15:01,8,TAFTIPST,-4.6193078463608535
68347,human,HLA-B*15:01,8,EIYKRWII,-4.71621785934804
68348,human,HLA-B*15:01,8,PLRPMTYR,-4.781632517118214
68349,human,HLA-B*15:01,8,FPTSCHMF,-4.8954034278208045
