,species,mhc,peptide_length,sequence,meas
39147,human,HLA-A*23:01,13,VWAPLILAYFPVF,-2.18923029364373
39148,human,HLA-A*23:01,13,FSLPFPFLYKFLL,-2.584064209530894
39149,human,HLA-A*23:01,13,AYIAFPTSCHMFI,-4.20464633167306
39150,human,HLA-A*23:01,13,PLILAYFPVFRFL,-4.2225272096289945
39151,human,HLA-A*23:01,13,LAYFPVFRFLNGS,-4.490532313916656
39152,human,HLA-A*23:01,13,CFTSLVWAPLILA,-4.651730292711242
