,species,mhc,peptide_length,sequence,meas
62772,human,HLA-A*68:02,13,SVNCFTSLVWAPL,-0.6405472221357948
62773,human,HLA-A*68:02,13,AYIAFPTSCHMFI,-2.275984601732665
62774,human,HLA-A*68:02,13,CFTSLVWAPLILA,-2.32682528690091
62775,human,HLA-A*68:02,13,ILAILAIATLMSV,-2.979977705613132
62776,human,HLA-A*68:02,13,FSLPFPFLYKFLL,-3.302492314003264
62777,human,HLA-A*68:02,13,SLAALIVGLVFAL,-3.5799086032054035
62778,human,HLA-A*68:02,13,VLGMLIPLSVCSV,-3.985870309368412
62779,human,HLA-A*68:02,13,VWAPLILAYFPVF,-3.99242488488125
62780,human,HLA-A*68:02,13,PLILAYFPVFRFL,-4.2391041751683565
62781,human,HLA-A*68:02,13,STNIRQAGVQYSR,-4.866284950457977
