,species,mhc,peptide_length,sequence,meas
79419,human,HLA-B*42:01,8,FPTSCHMF,-1.5465854615839727
79420,human,HLA-B*42:01,8,RMYSPTSI,-2.082245458051392
79421,human,HLA-B*42:01,8,RYPLTFGW,-2.706418352117791
79422,human,HLA-B*42:01,8,RYPLTLGW,-2.711420933235228
79423,human,HLA-B*42:01,8,AFPTSCHM,-2.7178230575012305
79424,human,HLA-B*42:01,8,PLRPMTYR,-2.997982204150876
79425,human,HLA-B*42:01,8,FLKEEGGL,-3.1725324620888737
79426,human,HLA-B*42:01,8,RGYVFQGL,-3.402318951983319
79427,human,HLA-B*42:01,8,TAFTIPSI,-3.4201991772807765
79428,human,HLA-B*42:01,8,TAFTIPST,-3.5050708552798087
79429,human,HLA-B*42:01,8,KLWASQIY,-3.800097399462476
79430,human,HLA-B*42:01,8,RFPLTFGW,-3.845860399599252
79431,human,HLA-B*42:01,8,FLKENGGL,-4.072277808870751
79432,human,HLA-B*42:01,8,FLKEKGGL,-4.225521972665427
79433,human,HLA-B*42:01,8,FLKEQGGL,-4.3032237977967664
79434,human,HLA-B*42:01,8,FLKEMGGL,-4.333175621688255
79435,human,HLA-B*42:01,8,YHSNVKEL,-4.517650185347269
79436,human,HLA-B*42:01,8,RRDYRRGL,-4.570274729619618
