,species,mhc,peptide_length,sequence,meas
76516,human,HLA-B*38:01,8,YHSNVKEL,-2.5615596469926185
76517,human,HLA-B*38:01,8,MHFRGGCI,-2.6486934776911486
76518,human,HLA-B*38:01,8,DHQAAMQI,-2.917665141986832
76519,human,HLA-B*38:01,8,RQYTAFTL,-3.1209207295090007
76520,human,HLA-B*38:01,8,WHSLIKYL,-3.2121279375689213
76521,human,HLA-B*38:01,8,WRNATIPL,-3.3539141571063915
76522,human,HLA-B*38:01,8,IHFLIRQL,-4.068102638866922
76523,human,HLA-B*38:01,8,YQILQPIL,-4.592649847623133
