,species,mhc,peptide_length,sequence,meas
86973,human,HLA-B*57:02,9,IAMESIVIW,-0.30103011531209445
86974,human,HLA-B*57:02,9,KAAFDLSFF,-0.4771193173276573
86975,human,HLA-B*57:02,9,KTAVQMAVF,-0.6989717881535104
86976,human,HLA-B*57:02,9,KAAVDLSHF,-0.7781494327126682
86977,human,HLA-B*57:02,9,HTQGFFPDW,-1.0000019035085426
86978,human,HLA-B*57:02,9,ISPRTLNAW,-1.0413904311640148
86979,human,HLA-B*57:02,9,QATQEVKNW,-1.5314789059294256
86980,human,HLA-B*57:02,9,HTQGYFPDW,-1.5563035644255534
86981,human,HLA-B*57:02,9,IATESIVIW,-1.5797843175450517
86982,human,HLA-B*57:02,9,QATQDVKNW,-1.7403622195083974
86983,human,HLA-B*57:02,9,QASQDVKNW,-1.7923939143411574
86984,human,HLA-B*57:02,9,LGQGVSIEW,-1.8388479317988544
86985,human,HLA-B*57:02,9,FSVPLDEGF,-2.0453206738897367
86986,human,HLA-B*57:02,9,QASQEVKNW,-2.079181451613631
86987,human,HLA-B*57:02,9,LGHGVSIEW,-2.7649209402523067
86988,human,HLA-B*57:02,9,AVRHFPRIW,-3.03060070428796
86989,human,HLA-B*57:02,9,FSVPLDKDF,-3.4227532459702235
86990,human,HLA-B*57:02,9,AVRHFPRPW,-4.301028331661486
