,species,mhc,peptide_length,sequence,meas
46980,human,HLA-A*30:02,8,RYSIFFDY,-0.5526959521674087
46981,human,HLA-A*30:02,8,ASFCGSPY,-0.6334684555795865
46982,human,HLA-A*30:02,8,KLWASQIY,-2.201548650269283
46983,human,HLA-A*30:02,8,LVESGGGL,-2.5611910180293433
46984,human,HLA-A*30:02,8,RMYSPTSI,-3.6020129438299535
46985,human,HLA-A*30:02,8,KAIGTVLV,-3.9510367130819337
46986,human,HLA-A*30:02,8,HHIWQNLL,-3.9577396640219438
46987,human,HLA-A*30:02,8,VPLRPMTY,-4.1540688806590556
46988,human,HLA-A*30:02,8,LYLQMNSL,-4.173541768372026
46989,human,HLA-A*30:02,8,MTYKAAVL,-4.319646166455663
46990,human,HLA-A*30:02,8,AQFSPQYL,-4.426776651789663
46991,human,HLA-A*30:02,8,SLPSPSRL,-4.440152159419387
46992,human,HLA-A*30:02,8,PLRPMTYR,-4.4888189038649875
46993,human,HLA-A*30:02,8,VIPMFSAL,-4.557665241059965
46994,human,HLA-A*30:02,8,RYPLCFGW,-4.560337587313286
46995,human,HLA-A*30:02,8,YLKDQQLL,-4.667679012222651
46996,human,HLA-A*30:02,8,WTLVVLLI,-4.684390889951733
46997,human,HLA-A*30:02,8,WPTVRERM,-4.792856506454196
46998,human,HLA-A*30:02,8,RFPLCFGW,-4.794474452959431
46999,human,HLA-A*30:02,8,FPTSCHMF,-4.824016000628238
47000,human,HLA-A*30:02,8,RFPLTFGW,-4.831753311203587
47001,human,HLA-A*30:02,8,GDYKLVEI,-4.8629210753744285
47002,human,HLA-A*30:02,8,PLRPMTYK,-4.869217118094213
