,species,mhc,peptide_length,sequence,meas
88361,human,HLA-B*73:01,9,FEYGGFPPA,-0.0
88362,human,HLA-B*73:01,9,NRYGVAYVY,-0.6020599913279624
88363,human,HLA-B*73:01,9,NRWKSWFSY,-0.9970753585732292
88364,human,HLA-B*73:01,9,RRFWFRLRP,-1.230448921378274
88365,human,HLA-B*73:01,9,YEHYFVFAA,-1.3579181375797804
88366,human,HLA-B*73:01,9,WRWKSQVTI,-1.4771212547196624
88367,human,HLA-B*73:01,9,MRYFIGQPL,-1.6434526764861874
88368,human,HLA-B*73:01,9,NEWYVQPQA,-1.8325089127062364
88369,human,HLA-B*73:01,9,KRPYVFVAA,-1.8388490907372552
88370,human,HLA-B*73:01,9,YRFNLRRKM,-1.934498451243568
88371,human,HLA-B*73:01,9,KRMMIRYCL,-2.0644579892269186
88372,human,HLA-B*73:01,9,WRLYSPPPV,-2.071882007306125
88373,human,HLA-B*73:01,9,FPYAIRLVA,-2.113943352306837
88374,human,HLA-B*73:01,9,NRTQGGLRA,-2.1367205671564067
88375,human,HLA-B*73:01,9,SRWAISHWL,-2.2227164711475837
88376,human,HLA-B*73:01,9,SRWGYQVKH,-2.6180480967120925
88377,human,HLA-B*73:01,9,IRHHVRWAL,-2.6551384348113816
88378,human,HLA-B*73:01,9,GQWDGWVWL,-2.7307822756663893
88379,human,HLA-B*73:01,9,HRYLIRQSM,-2.7648483443563854
88380,human,HLA-B*73:01,9,ARWLASTPL,-2.8061799739838866
88381,human,HLA-B*73:01,9,SRFLRRPAQ,-2.8267225201689916
88382,human,HLA-B*73:01,9,FRMLAWHVL,-2.8382192219076257
88383,human,HLA-B*73:01,9,KRMMVRHCL,-2.844477175745681
88384,human,HLA-B*73:01,9,YRFRKSSKK,-2.8461513971216803
88385,human,HLA-B*73:01,9,YRAVLRYMM,-2.9268567089496917
88386,human,HLA-B*73:01,9,RRFWVGYQQ,-2.9508514588885464
88387,human,HLA-B*73:01,9,GRYSVRYVR,-2.9684829485539352
88388,human,HLA-B*73:01,9,RRVSGCVSV,-2.9849771264154934
88389,human,HLA-B*73:01,9,RRMMMRITE,-3.0603200286882855
88390,human,HLA-B*73:01,9,ARWLFPVYL,-3.1222158782728267
88391,human,HLA-B*73:01,9,YPFHIFYPV,-3.122870922864436
88392,human,HLA-B*73:01,9,WRMVVRASF,-3.128722284338427
88393,human,HLA-B*73:01,9,KRWAFRTGV,-3.1861083798132053
88394,human,HLA-B*73:01,9,YRYKMPVME,-3.2095150145426308
88395,human,HLA-B*73:01,9,SRWRIRSGL,-3.3803921600570277
88396,human,HLA-B*73:01,9,RRWIAPHPL,-3.46553155697355
88397,human,HLA-B*73:01,9,SRSKPAAMY,-3.48298309329766
88398,human,HLA-B*73:01,9,RRNRKALWL,-3.527999172634043
88399,human,HLA-B*73:01,9,SRDYYRHKV,-3.55834850876162
88400,human,HLA-B*73:01,9,IRSCWRYRK,-3.5887197796000563
88401,human,HLA-B*73:01,9,YRNFSFSLK,-3.7507320411870118
88402,human,HLA-B*73:01,9,RQWGMGFLL,-3.7781512503836434
