,species,mhc,peptide_length,sequence,meas
88301,human,HLA-B*58:02,8,FSLPAQLL,-1.903966409495614
88302,human,HLA-B*58:02,8,LVQPGRSL,-2.455271369979272
88303,human,HLA-B*58:02,8,KAFSPEVI,-3.088631679009405
88304,human,HLA-B*58:02,8,KTDEVVTL,-3.892790030352132
88305,human,HLA-B*58:02,8,IGWMTNNP,-4.694159583945743
