,species,mhc,peptide_length,sequence,meas
77213,human,HLA-B*40:01,8,GDYKLVEI,-0.8428900674384666
77214,human,HLA-B*40:01,8,FEREGYSL,-2.4027848380521304
77215,human,HLA-B*40:01,8,TERQANFL,-2.5308933131449916
77216,human,HLA-B*40:01,8,AELLAACF,-2.8656960599160706
77217,human,HLA-B*40:01,8,IEAEVIPA,-2.868644438394825
77218,human,HLA-B*40:01,8,IEAQQHLL,-2.868644438394825
77219,human,HLA-B*40:01,8,FESKSMKL,-3.0885593319252167
77220,human,HLA-B*40:01,8,YERMCNIL,-3.3991106152629547
77221,human,HLA-B*40:01,8,WTLVVLLI,-3.5499509227822776
77222,human,HLA-B*40:01,8,AQFSPQYL,-3.6408967947972055
77223,human,HLA-B*40:01,8,DEIGEDVA,-4.146514494343851
77224,human,HLA-B*40:01,8,YHSNVKEL,-4.181693374080602
77225,human,HLA-B*40:01,8,RRDYRRGL,-4.2291811306110265
77226,human,HLA-B*40:01,8,RDWAHNGL,-4.255944771090597
77227,human,HLA-B*40:01,8,VGNVYVKF,-4.270794300046451
77228,human,HLA-B*40:01,8,WEAWWTEY,-4.398673019077271
77229,human,HLA-B*40:01,8,FEFTSFFY,-4.411784790483583
77230,human,HLA-B*40:01,8,FESVAWSA,-4.492825062668895
77231,human,HLA-B*40:01,8,HHIWQNLL,-4.618989124929176
77232,human,HLA-B*40:01,8,MTYKAAVL,-4.702976018657964
77233,human,HLA-B*40:01,8,GEAVMRMG,-4.706741510378643
77234,human,HLA-B*40:01,8,FLKEKGGL,-4.796470134783425
77235,human,HLA-B*40:01,8,VPLRPMTY,-4.840254442375238
77236,human,HLA-B*40:01,8,RMYSPTSI,-4.844605083535791
77237,human,HLA-B*40:01,8,EIYKRWII,-4.854743006962144
77238,human,HLA-B*40:01,8,TAFTIPSI,-4.88507052043375
