,species,mhc,peptide_length,sequence,meas
79327,human,HLA-B*40:02,11,MEMRRCLLQSL,-1.220731794386705
79328,human,HLA-B*40:02,11,LEYFQFVKKLL,-2.1001406684034625
79329,human,HLA-B*40:02,11,VELLSFLPSDF,-2.6812412373755867
79330,human,HLA-B*40:02,11,AEIAQRLEDVF,-2.7691392290379824
79331,human,HLA-B*40:02,11,KVADVDLAVPV,-2.8721174070745343
79332,human,HLA-B*40:02,11,MEVVFPNEVGA,-2.949564413562681
79333,human,HLA-B*40:02,11,LETLILLRAFT,-2.95577094508731
79334,human,HLA-B*40:02,11,ILNRETLLDFV,-2.99799759696635
79335,human,HLA-B*40:02,11,RQSSGSSSSGF,-3.3131075859025643
79336,human,HLA-B*40:02,11,IEDLIFLARSA,-3.523737006110341
79337,human,HLA-B*40:02,11,HENRMVLASTT,-3.5242808186871186
79338,human,HLA-B*40:02,11,GSSDFQVHFLK,-3.6622792146731062
79339,human,HLA-B*40:02,11,AEKPKFLPDLY,-3.6790331937503065
79340,human,HLA-B*40:02,11,RDYVDRFFKTL,-3.767213386692744
79341,human,HLA-B*40:02,11,AEMLASIDLKY,-3.868319180976156
79342,human,HLA-B*40:02,11,RDYVDRFYKTL,-4.045677280341792
79343,human,HLA-B*40:02,11,AYISSEATTPV,-4.178872852263665
79344,human,HLA-B*40:02,11,LPFPFLYKFLL,-4.288249508690749
79345,human,HLA-B*40:02,11,RLRDLLLIVTR,-4.307701868888832
79346,human,HLA-B*40:02,11,IEGRDRTMAWT,-4.376663833357107
79347,human,HLA-B*40:02,11,AEQASQEVKNW,-4.3984967821294845
79348,human,HLA-B*40:02,11,KRQEILDLWVY,-4.42900876560611
79349,human,HLA-B*40:02,11,KTKPPLPSVKK,-4.644731970903335
79350,human,HLA-B*40:02,11,VMNSNTLLSAW,-4.7127340522766765
79351,human,HLA-B*40:02,11,AEQASQDVKNW,-4.779161206430593
