,species,mhc,peptide_length,sequence,meas
68184,human,HLA-B*14:01,9,ERYFRIHSL,-0.0003737666654493791
68185,human,HLA-B*14:01,9,DRKLRINSL,-0.25580804590801204
68186,human,HLA-B*14:01,9,DRYRRIHSL,-0.2868140428296064
68187,human,HLA-B*14:01,9,DRYRARHSL,-0.4080117311012597
68188,human,HLA-B*14:01,9,DAYRRIHSL,-0.5080983075805761
68189,human,HLA-B*14:01,9,ARYARAAAL,-0.9195276421995244
68190,human,HLA-B*14:01,9,ERYFRINSL,-1.0210294492864331
68191,human,HLA-B*14:01,9,DAYRAIHSL,-1.1643205502125542
68192,human,HLA-B*14:01,9,LHYEGGAAL,-1.1901026945646085
68193,human,HLA-B*14:01,9,ERLKIRGAL,-1.1975816748501158
68194,human,HLA-B*14:01,9,ERTLHLVEL,-1.407996030287456
68195,human,HLA-B*14:01,9,DRKLAINSL,-1.747325064633956
68196,human,HLA-B*14:01,9,ERLKIRGSL,-2.0107264542028718
68197,human,HLA-B*14:01,9,ERLAIRGSL,-2.1877811348317557
68198,human,HLA-B*14:01,9,ARAARAAAL,-2.2035696381401744
68199,human,HLA-B*14:01,9,NAYERMCNT,-2.4666905877831278
68200,human,HLA-B*14:01,9,LEYEGGAAL,-2.8662707298093264
68201,human,HLA-B*14:01,9,ERAKIRGSL,-2.888428456439549
68202,human,HLA-B*14:01,9,ERLKIRASL,-2.9820400128325115
68203,human,HLA-B*14:01,9,ARLKIRGSL,-3.0161836286694728
68204,human,HLA-B*14:01,9,GRYFAIQEV,-3.0656580095092427
68205,human,HLA-B*14:01,9,DRFYKTLRA,-3.0866220159036875
68206,human,HLA-B*14:01,9,ERLKARGSL,-3.0993165328275545
68207,human,HLA-B*14:01,9,AAYARAAAL,-3.1612072008455647
68208,human,HLA-B*14:01,9,GRYFRIQEV,-3.3343707378805427
68209,human,HLA-B*14:01,9,AYIDNYNKF,-3.4017152176958474
68210,human,HLA-B*14:01,9,YVFPVIFSK,-3.8530624964631737
68211,human,HLA-B*14:01,9,ERLKIRGSA,-3.916433459526933
68212,human,HLA-B*14:01,9,ARYAAAAAL,-3.928350401729192
68213,human,HLA-B*14:01,9,ARYARAAAA,-4.0595566349787715
68214,human,HLA-B*14:01,9,YVFPVIFSR,-4.0823555819753725
68215,human,HLA-B*14:01,9,TTYQRTRAL,-4.102190666392878
68216,human,HLA-B*14:01,9,LRYEGGAAL,-4.105825296346758
68217,human,HLA-B*14:01,9,LPYEGGAAL,-4.107931096793673
68218,human,HLA-B*14:01,9,ERYPRYNQL,-4.128201222445163
68219,human,HLA-B*14:01,9,LQYEGGAAL,-4.160935738754692
68220,human,HLA-B*14:01,9,ARAAARAAL,-4.191720235501101
68221,human,HLA-B*14:01,9,ERLKIAGSL,-4.3599294377610605
68222,human,HLA-B*14:01,9,DRKLARNSL,-4.420511346358454
68223,human,HLA-B*14:01,9,YEFLQPILL,-4.423537985719464
