,species,mhc,peptide_length,sequence,meas
81684,human,HLA-B*44:03,11,AEMLASIDLKY,-1.450861524356056
81685,human,HLA-B*44:03,11,AEQASQDVKNW,-1.5068335370071209
81686,human,HLA-B*44:03,11,AEQASQEVKNW,-1.8840993578120084
81687,human,HLA-B*44:03,11,HENRMVLASTT,-2.154625768161794
81688,human,HLA-B*44:03,11,KRQEILDLWVY,-2.214909543359687
81689,human,HLA-B*44:03,11,AEMKTDAATLA,-2.222611562057082
81690,human,HLA-B*44:03,11,MEMRRCLLQSL,-2.5580822768201914
81691,human,HLA-B*44:03,11,VELLSFLPSDF,-2.6148972160331345
81692,human,HLA-B*44:03,11,SELPQWLSANR,-2.8646885596922584
81693,human,HLA-B*44:03,11,AEKPKFLPDLY,-3.158324349713851
81694,human,HLA-B*44:03,11,LETLILLRAFT,-3.2747848567796187
81695,human,HLA-B*44:03,11,TQGYFPDWQNY,-3.3980811206804438
81696,human,HLA-B*44:03,11,QAISPRTLNAW,-3.5162158532194603
81697,human,HLA-B*44:03,11,VMNSNTLLSAW,-3.5586188534226784
81698,human,HLA-B*44:03,11,QYAEMWAQDAA,-3.85209560813258
81699,human,HLA-B*44:03,11,AEIAQRLEDVF,-3.9020974389400362
81700,human,HLA-B*44:03,11,EMKTDAATLAQ,-3.9719466966748143
81701,human,HLA-B*44:03,11,MEVVFPNEVGA,-4.0295075100378615
81702,human,HLA-B*44:03,11,QALSPRTLNAW,-4.040661337266529
81703,human,HLA-B*44:03,11,IEDLIFLARSA,-4.1384405428344735
81704,human,HLA-B*44:03,11,RRQDILDLWIY,-4.188978149873621
81705,human,HLA-B*44:03,11,STHEANTMAMM,-4.295539817495834
81706,human,HLA-B*44:03,11,YYQSGLSIVMP,-4.405404489581807
81707,human,HLA-B*44:03,11,PTPVNIIGRNL,-4.440440202957248
81708,human,HLA-B*44:03,11,LPFPFLYKFLL,-4.650721727884225
81709,human,HLA-B*44:03,11,RSLYNTVATLY,-4.6798904970399455
81710,human,HLA-B*44:03,11,KAFSPEVIPMF,-4.696588109432356
81711,human,HLA-B*44:03,11,AAYHPQQFIYA,-4.716506671261857
81712,human,HLA-B*44:03,11,AVINTTCNYGQ,-4.717616813813955
81713,human,HLA-B*44:03,11,MSLLDAHIPQL,-4.780105551324512
