,species,mhc,peptide_length,sequence,meas
88403,human,HLA-B*81:01,9,FPVTPQVPL,-0.4771193173276573
88404,human,HLA-B*81:01,9,RPMTYKAAL,-0.4771193173276573
88405,human,HLA-B*81:01,9,FPRPWLHGL,-0.7781494327126682
88406,human,HLA-B*81:01,9,IPRRIRQGL,-0.8451003573413878
88407,human,HLA-B*81:01,9,SPAIFQSSM,-1.0000019035085426
88408,human,HLA-B*81:01,9,RPQVPLRPM,-1.4623993478039132
88409,human,HLA-B*81:01,9,TPSDLNTML,-1.5910665445323544
88410,human,HLA-B*81:01,9,TPQDLNMML,-1.7403622195083974
88411,human,HLA-B*81:01,9,TPSDLNSML,-1.8388479317988544
88412,human,HLA-B*81:01,9,TPQDLNSML,-2.1986574629763176
88413,human,HLA-B*81:01,9,TPGDLNTML,-2.3502462353965496
88414,human,HLA-B*81:01,9,TPQDLNTML,-2.450249714945166
88415,human,HLA-B*81:01,9,SPRTLNAWV,-2.6560974939109205
88416,human,HLA-B*81:01,9,TPEDLNTML,-3.1205718831077256
88417,human,HLA-B*81:01,9,GPKRIVKCF,-3.535547321948092
88418,human,HLA-B*81:01,9,GPSHKARVL,-3.6772400634727926
88419,human,HLA-B*81:01,9,HPVHAGPIA,-4.109611089425702
88420,human,HLA-B*81:01,9,RPGGKKQYM,-4.2588503768531165
88421,human,HLA-B*81:01,9,RPGGKKHYM,-4.301028331661486
88422,human,HLA-B*81:01,9,RPGGKKKYK,-4.301028331661486
88423,human,HLA-B*81:01,9,RPGGKKRYM,-4.301028331661486
88424,human,HLA-B*81:01,9,LPPIVAKEI,-4.301028331661486
88425,human,HLA-B*81:01,9,RPGGKKHYK,-4.301028331661486
88426,human,HLA-B*81:01,9,RPGGKKHYR,-4.301028331661486
88427,human,HLA-B*81:01,9,GPGHKARVL,-4.301028331661486
88428,human,HLA-B*81:01,9,IIKDYGKQM,-4.301028331661486
