,species,mhc,peptide_length,sequence,meas
46970,human,HLA-A*30:01,13,SVNCFTSLVWAPL,-3.9175541979565054
46971,human,HLA-A*30:01,13,AYIAFPTSCHMFI,-3.923264525085873
46972,human,HLA-A*30:01,13,CFTSLVWAPLILA,-4.13371306289642
46973,human,HLA-A*30:01,13,FSLPFPFLYKFLL,-4.3135992125704785
46974,human,HLA-A*30:01,13,AFPTSCHMFIICF,-4.314378155142919
46975,human,HLA-A*30:01,13,PLILAYFPVFRFL,-4.406657034378774
46976,human,HLA-A*30:01,13,VWAPLILAYFPVF,-4.649769293202184
