,species,mhc,peptide_length,sequence,meas
68152,human,HLA-B*08:03,9,FMKSRVYSI,-1.4623979978989559
68153,human,HLA-B*08:03,9,MMHASTSPF,-1.5910646070264989
68154,human,HLA-B*08:03,9,YQRALHTSI,-1.740362689494244
68155,human,HLA-B*08:03,9,YMREVGAAL,-1.8325089127062364
68156,human,HLA-B*08:03,9,WMACHSAAF,-1.919078092376074
68157,human,HLA-B*08:03,9,FQKDAKVLF,-1.9493900066449128
68158,human,HLA-B*08:03,9,QMKRRILSF,-1.974659770842836
68159,human,HLA-B*08:03,9,YMYAVSGAL,-2.14921911265538
68160,human,HLA-B*08:03,9,QLKQRDALF,-2.230448921378274
68161,human,HLA-B*08:03,9,YMKAPSGAL,-2.2528530309798933
68162,human,HLA-B*08:03,9,VLKLRFWLI,-2.2741578492636805
68163,human,HLA-B*08:03,9,FQYEHEQTF,-2.2900346113625183
68164,human,HLA-B*08:03,9,FPKVRAQEL,-2.3201462861110542
68165,human,HLA-B*08:03,9,QMRAVGQPL,-2.3521825181113627
68166,human,HLA-B*08:03,9,YMKPGSSPL,-2.3820170425748683
68167,human,HLA-B*08:03,9,MLREGNQAF,-2.3961993470957363
68168,human,HLA-B*08:03,9,KVQEWYLSY,-2.5105450102066116
68169,human,HLA-B*08:03,9,QLDQRRALL,-2.5646660642520893
68170,human,HLA-B*08:03,9,FLRKRRRFF,-2.7767011839884113
68171,human,HLA-B*08:03,9,RMMETWHPL,-2.8228216453031045
68172,human,HLA-B*08:03,9,LMWASSGFF,-2.8260748027008264
68173,human,HLA-B*08:03,9,YQRRRRFAI,-2.862131379313037
68174,human,HLA-B*08:03,9,SMRSRARHI,-3.0770043267933502
68175,human,HLA-B*08:03,9,QLKSRAAVL,-3.1562461903973444
68176,human,HLA-B*08:03,9,LAKSVFNSL,-3.3281756614383227
68177,human,HLA-B*08:03,9,WQFAIHYSF,-3.3388547462523235
68178,human,HLA-B*08:03,9,LQRFSVAPM,-3.550105999347593
68179,human,HLA-B*08:03,9,LLKTRFRGL,-3.8610562445768735
68180,human,HLA-B*08:03,9,LYNTVATLY,-4.301028331661486
68181,human,HLA-B*08:03,9,LYNTVAVLY,-4.301028331661486
68182,human,HLA-B*08:03,9,LFNTVAVLY,-4.301028331661486
