,species,mhc,peptide_length,sequence,meas
82404,human,HLA-B*45:01,11,AEMKTDAATLA,-0.7910383668964046
82405,human,HLA-B*45:01,11,SELPQWLSANR,-1.1890629396313763
82406,human,HLA-B*45:01,11,AEMLASIDLKY,-2.4077512771253797
82407,human,HLA-B*45:01,11,RSLFNTVATLY,-2.4700398829318564
82408,human,HLA-B*45:01,11,QYAEMWAQDAA,-2.482701387428618
82409,human,HLA-B*45:01,11,MEMRRCLLQSL,-2.5448384182723647
82410,human,HLA-B*45:01,11,AEQASQDVKNW,-3.0309568189559317
82411,human,HLA-B*45:01,11,AEIAQRLEDVF,-3.0554789659315738
82412,human,HLA-B*45:01,11,MEVVFPNEVGA,-3.1021532732697907
82413,human,HLA-B*45:01,11,IEDLIFLARSA,-3.380526864873316
82414,human,HLA-B*45:01,11,AEKPKFLPDLY,-3.4667568921254093
82415,human,HLA-B*45:01,11,RLRDLLLIVTR,-3.6004906175113107
82416,human,HLA-B*45:01,11,EMKTDAATLAQ,-3.6124570465673034
82417,human,HLA-B*45:01,11,HENRMVLASTT,-3.8157700077062517
82418,human,HLA-B*45:01,11,LETLILLRAFT,-3.941880297654314
82419,human,HLA-B*45:01,11,VELLSFLPSDF,-4.016239191042638
82420,human,HLA-B*45:01,11,AVINTTCNYGQ,-4.0475434750913495
82421,human,HLA-B*45:01,11,AEMWAQDAAMY,-4.161281280543744
82422,human,HLA-B*45:01,11,RDYVDRFFKTL,-4.2743891524982764
82423,human,HLA-B*45:01,11,YYQSGLSIVMP,-4.4115147635300564
82424,human,HLA-B*45:01,11,QAISPRTLNAW,-4.567126066608665
82425,human,HLA-B*45:01,11,GLPVEYLQVPS,-4.665373903717712
82426,human,HLA-B*45:01,11,KAFSPEVIPMF,-4.681686638107955
82427,human,HLA-B*45:01,11,ALVEICTEMEK,-4.693345763005572
82428,human,HLA-B*45:01,11,IEGRDRTMAWT,-4.744427351201192
82429,human,HLA-B*45:01,11,MSLLDAHIPQL,-4.780564002066639
