,species,mhc,peptide_length,sequence,meas
76507,human,HLA-B*37:01,10,AEMWAQDAAM,-3.4788912590158922
76508,human,HLA-B*37:01,10,TVKSMILHEI,-4.092427052204896
76509,human,HLA-B*37:01,10,IYHPQQFVYA,-4.4415545082696095
76510,human,HLA-B*37:01,10,VKSMILHEIL,-4.558390169016072
