,species,mhc,peptide_length,sequence,meas
90361,human,HLA-E*01:03,9,RLPAKAPLL,-1.4771212547196624
90362,human,HLA-E*01:03,9,ILPSDAPVL,-2.3010299956639813
90363,human,HLA-E*01:03,9,ALPPRAFEL,-2.431363764158988
90364,human,HLA-E*01:03,9,IMANRAQVL,-2.6020599913279625
90365,human,HLA-E*01:03,9,MMKYLAFGL,-2.6020599913279625
90366,human,HLA-E*01:03,9,VMAPLGPIL,-2.903089986991944
90367,human,HLA-E*01:03,9,RPANLAFFL,-3.113943352306837
90368,human,HLA-E*01:03,9,QMKFYAVAL,-3.1760912590556813
90369,human,HLA-E*01:03,9,QMRACARRL,-3.1760912590556813
90370,human,HLA-E*01:03,9,VLRPGGHFL,-3.255272505103306
90371,human,HLA-E*01:03,9,VMTTVLATL,-3.255272505103306
90372,human,HLA-E*01:03,9,RMAATAQVL,-3.3010299956639813
90373,human,HLA-E*01:03,9,TMITFRLRL,-3.3802112417116064
90374,human,HLA-E*01:03,9,PMAPLAPLL,-3.4771212547196626
90375,human,HLA-E*01:03,9,SMFAAVQAL,-3.5484550065122904
90376,human,HLA-E*01:03,9,RMPPLGHEL,-3.6020599913279625
90377,human,HLA-E*01:03,9,VMADRTRHL,-3.6989700043360183
90378,human,HLA-E*01:03,9,GMNVTAPAL,-3.903089986991944
90379,human,HLA-E*01:03,9,VLLPGLPYL,-3.903089986991944
90380,human,HLA-E*01:03,9,VLPACLGIL,-4.079181246047625
90381,human,HLA-E*01:03,9,VMMSEIAGL,-4.113943352306837
90382,human,HLA-E*01:03,9,RLGLCALAL,-4.146128035678238
90383,human,HLA-E*01:03,9,KMNAKAATL,-4.176091259055681
90384,human,HLA-E*01:03,9,VMATRRNVL,-4.204119982655924
90385,human,HLA-E*01:03,9,PMKRTALAL,-4.2552725051033065
90386,human,HLA-E*01:03,9,AMVNTTTRL,-4.301029995663981
90387,human,HLA-E*01:03,9,LMHYRGELL,-4.301029995663981
90388,human,HLA-E*01:03,9,LMGALAVVL,-4.32221929473392
90389,human,HLA-E*01:03,9,AMEYFRQVL,-4.4471580313422185
90390,human,HLA-E*01:03,9,VMAPDAVRI,-4.491361693834273
90391,human,HLA-E*01:03,9,RLANLLPLI,-4.505149978319906
90392,human,HLA-E*01:03,9,AMAGSIDLL,-4.5314789170422545
90393,human,HLA-E*01:03,9,FMTRLGPLL,-4.568201724066995
90394,human,HLA-E*01:03,9,TSADRAVVL,-4.5910646070265
90395,human,HLA-E*01:03,9,WLPPLLTNL,-4.5910646070265
90396,human,HLA-E*01:03,9,RLRPELAGL,-4.662757831681574
