,species,mhc,peptide_length,sequence,meas
22870,human,HLA-A*02:05,10,FLPSDFFPSV,-0.380211241711606
22871,human,HLA-A*02:05,10,FVPSDYFPSV,-0.6334684555795865
22872,human,HLA-A*02:05,10,FLPSDYFPSV,-0.6675928123238674
22873,human,HLA-A*02:05,10,FIPSYDFPSV,-0.7196544011983894
22874,human,HLA-A*02:05,10,FLPKDYFPSV,-0.8481386003690757
22875,human,HLA-A*02:05,10,FLPSKYFPSV,-0.8553174071933294
22876,human,HLA-A*02:05,10,FLPSDKFPSV,-1.031408464251624
22877,human,HLA-A*02:05,10,KLPSDYFPSV,-1.077164338829825
22878,human,HLA-A*02:05,10,KLVALGINAV,-1.167947874179691
22879,human,HLA-A*02:05,10,FLKSDYFPSV,-1.202103984429007
22880,human,HLA-A*02:05,10,FLPSDYFPSL,-1.2184961175947613
22881,human,HLA-A*02:05,10,FTPSDYFPSV,-1.2355284469075491
22882,human,HLA-A*02:05,10,FLPSDYFPSI,-1.3547152586214366
22883,human,HLA-A*02:05,10,FLPSDYFPKV,-1.378196152473667
22884,human,HLA-A*02:05,10,FLPSDYFKSV,-1.7526544997032627
22885,human,HLA-A*02:05,10,YLHTLWKAGI,-1.7558748556724917
22886,human,HLA-A*02:05,10,FQPSDYFPSV,-1.764236675249376
22887,human,HLA-A*02:05,10,FLPSDYFPST,-2.291046784743373
22888,human,HLA-A*02:05,10,TVKSMILHEI,-2.6182170023229627
22889,human,HLA-A*02:05,10,VKSMILHEIL,-3.9241275847555213
