,species,mhc,peptide_length,sequence,meas
78601,human,HLA-B*40:01,13,CFTSLVWAPLILA,-4.1304364287231525
78602,human,HLA-B*40:01,13,PLILAYFPVFRFL,-4.140829334761494
78603,human,HLA-B*40:01,13,AYIAFPTSCHMFI,-4.478995428551184
78604,human,HLA-B*40:01,13,AFPTSCHMFIICF,-4.552630014278725
78605,human,HLA-B*40:01,13,VWAPLILAYFPVF,-4.618989124929176
78606,human,HLA-B*40:01,13,SVNCFTSLVWAPL,-4.6998198968026035
