,species,mhc,peptide_length,sequence,meas
78611,human,HLA-B*40:02,8,SDFQVHFL,-1.1002622409745624
78612,human,HLA-B*40:02,8,FEREGYSL,-1.1378547807173274
78613,human,HLA-B*40:02,8,TERQANFL,-1.2464742064419176
78614,human,HLA-B*40:02,8,YERMCNIL,-1.8225518548520752
78615,human,HLA-B*40:02,8,GDYKLVEI,-1.8461342145738209
78616,human,HLA-B*40:02,8,FESVAWSA,-1.9271283689633067
78617,human,HLA-B*40:02,8,AELLAACF,-1.968482948553935
78618,human,HLA-B*40:02,8,FESKSMKL,-2.3271175303734952
78619,human,HLA-B*40:02,8,RDWAHNGL,-2.3271628301732457
78620,human,HLA-B*40:02,8,RGYVFQGL,-2.6133088830254088
78621,human,HLA-B*40:02,8,YPDPVIKV,-2.7322865067266124
78622,human,HLA-B*40:02,8,RSWAHNSL,-3.1442480265035018
78623,human,HLA-B*40:02,8,GEAVMRMG,-3.3235917255076717
78624,human,HLA-B*40:02,8,AQFSPQYL,-3.3468286765165765
78625,human,HLA-B*40:02,8,FEFTSFFY,-3.55929779833722
78626,human,HLA-B*40:02,8,IEAEVIPA,-3.655234507034294
78627,human,HLA-B*40:02,8,IEAQQHLL,-3.655234507034294
78628,human,HLA-B*40:02,8,RSWAHDSL,-3.735969450312053
78629,human,HLA-B*40:02,8,RRDYRRGL,-3.944897442057549
78630,human,HLA-B*40:02,8,DEIGEDVA,-4.065111047520215
78631,human,HLA-B*40:02,8,RNWAHSSL,-4.077680457195471
78632,human,HLA-B*40:02,8,DERGESII,-4.166783116587877
78633,human,HLA-B*40:02,8,DEQSIAEA,-4.1812482103016615
78634,human,HLA-B*40:02,8,EIYKRWII,-4.20106514376715
78635,human,HLA-B*40:02,8,KAIGTVLV,-4.305423559529121
78636,human,HLA-B*40:02,8,MTYKAAVL,-4.3440578637900895
78637,human,HLA-B*40:02,8,DERRNKYL,-4.4507350215106305
78638,human,HLA-B*40:02,8,HHIWQNLL,-4.502874160834632
78639,human,HLA-B*40:02,8,RMYSPTSI,-4.547459109391875
78640,human,HLA-B*40:02,8,WTLVVLLI,-4.674817664582296
78641,human,HLA-B*40:02,8,RYPLTLGW,-4.679233390984756
78642,human,HLA-B*40:02,8,VGNVYVKF,-4.712134473695333
78643,human,HLA-B*40:02,8,YHSNVKEL,-4.742385131168501
78644,human,HLA-B*40:02,8,FLKEKGGL,-4.779201555731186
78645,human,HLA-B*40:02,8,TAFTIPSI,-4.789665147723756
78646,human,HLA-B*40:02,8,EELKNCNI,-4.791188023602867
78647,human,HLA-B*40:02,8,VPLRPMTY,-4.8134796881407365
78648,human,HLA-B*40:02,8,CCFHCQVC,-4.875390218182849
