,species,mhc,peptide_length,sequence,meas
88286,human,HLA-B*58:01,13,FSLPFPFLYKFLL,-0.909657958815981
88287,human,HLA-B*58:01,13,SVNCFTSLVWAPL,-3.478916704762411
88288,human,HLA-B*58:01,13,CFTSLVWAPLILA,-3.9429341357980876
88289,human,HLA-B*58:01,13,AYIAFPTSCHMFI,-4.005030529702097
88290,human,HLA-B*58:01,13,LAYFPVFRFLNGS,-4.299175681008467
88291,human,HLA-B*58:01,13,AFPTSCHMFIICF,-4.333219941954641
88292,human,HLA-B*58:01,13,PLILAYFPVFRFL,-4.338729103126227
88293,human,HLA-B*58:01,13,VWAPLILAYFPVF,-4.429513557316133
88294,human,HLA-B*58:01,13,STLERTSKASLER,-4.506990549056382
