,species,mhc,peptide_length,sequence,meas
72009,human,HLA-B*15:17,11,RSLYNTIATLY,-0.0
72010,human,HLA-B*15:17,11,RSLYNTVATLY,-0.0
72011,human,HLA-B*15:17,11,KSLFNTIATLY,-0.4771212547196624
72012,human,HLA-B*15:17,11,RSLFNTIATLY,-0.4771212547196624
72013,human,HLA-B*15:17,11,RSLFNTVATLY,-0.4771212547196624
72014,human,HLA-B*15:17,11,KSLFNTVATLY,-0.6020599913279624
72015,human,HLA-B*15:17,11,KSLYNTVATLY,-0.8450980400142568
72016,human,HLA-B*15:17,11,KSLYNTIAVLY,-1.0413926851582251
72017,human,HLA-B*15:17,11,RSLYNTVAVLY,-1.0791812460476249
72018,human,HLA-B*15:17,11,KSLYNTIATLY,-1.1139433523068367
72019,human,HLA-B*15:17,11,KSLFNTIAVLY,-1.3424226808222062
72020,human,HLA-B*15:17,11,RSLFNTIAVLY,-1.968482948553935
72021,human,HLA-B*15:17,11,KSLFNTVAVLY,-2.3944516808262164
72022,human,HLA-B*15:17,11,KSLYNTVAVLY,-2.6848453616444123
