,species,mhc,peptide_length,sequence,meas
76385,human,HLA-B*35:03,8,FPTSCHMF,-2.8746184760335733
76386,human,HLA-B*35:03,8,FLKEKGGL,-3.8892960311997653
76387,human,HLA-B*35:03,8,FLKEEGGL,-4.237828678299096
76388,human,HLA-B*35:03,8,SPEVIPMF,-4.3232167717155345
76389,human,HLA-B*35:03,8,TAFTIPSI,-4.4373349986388915
76390,human,HLA-B*35:03,8,VPLRPMTY,-4.450695101109479
76391,human,HLA-B*35:03,8,WEAWWTEY,-4.545916594327178
76392,human,HLA-B*35:03,8,RFPLTFGW,-4.741739556279238
