,species,mhc,peptide_length,sequence,meas
37705,human,HLA-A*23:01,8,RYPLTFGW,-1.7709222102603197
37706,human,HLA-A*23:01,8,RYPLCFGW,-1.8835288443961031
37707,human,HLA-A*23:01,8,RFPLTFGW,-2.4022616562751153
37708,human,HLA-A*23:01,8,RYPLTLGW,-2.4489636393344103
37709,human,HLA-A*23:01,8,RYSIFFDY,-2.515709059929125
37710,human,HLA-A*23:01,8,YLKDQQLL,-2.5263473182260374
37711,human,HLA-A*23:01,8,WTLVVLLI,-2.6493677372601114
37712,human,HLA-A*23:01,8,RFPLCFGW,-2.904127201992105
37713,human,HLA-A*23:01,8,HHIWQNLL,-3.4228304947480983
37714,human,HLA-A*23:01,8,PLRPMTYR,-3.876099225444416
37715,human,HLA-A*23:01,8,RRDYRRGL,-3.876183433172399
37716,human,HLA-A*23:01,8,LVESGGGL,-3.892080122569952
37717,human,HLA-A*23:01,8,TERQANFL,-4.150775622362044
37718,human,HLA-A*23:01,8,QIIKLLPF,-4.220484894493581
37719,human,HLA-A*23:01,8,VGNVYVKF,-4.298451536393195
37720,human,HLA-A*23:01,8,GDYKLVEI,-4.333081510462375
37721,human,HLA-A*23:01,8,EIYKRWII,-4.436700170634538
37722,human,HLA-A*23:01,8,FPTSCHMF,-4.474032183893
37723,human,HLA-A*23:01,8,TAFTIPST,-4.508277315562957
37724,human,HLA-A*23:01,8,MIWDPNGW,-4.5583586451029525
37725,human,HLA-A*23:01,8,FLKEEGGL,-4.569665207577972
37726,human,HLA-A*23:01,8,LSCAASGF,-4.6029335910732385
37727,human,HLA-A*23:01,8,RMYSPTSI,-4.622847548207037
37728,human,HLA-A*23:01,8,TAFTIPSI,-4.677023234884817
37729,human,HLA-A*23:01,8,FLKEMGGL,-4.73181123786726
37730,human,HLA-A*23:01,8,SLPSPSRL,-4.7591303903722535
37731,human,HLA-A*23:01,8,NIILKANF,-4.82118745386705
37732,human,HLA-A*23:01,8,VIPMFSAL,-4.8569370897477455
37733,human,HLA-A*23:01,8,CCFHCQVC,-4.9344534034796705
