,species,mhc,peptide_length,sequence,meas
85198,human,HLA-B*54:01,8,TAFTIPSI,-1.1716661430707864
85199,human,HLA-B*54:01,8,TAFTIPST,-2.761808342160452
85200,human,HLA-B*54:01,8,ISTNIRQA,-2.7628104627075687
85201,human,HLA-B*54:01,8,LPYPQPQL,-3.144553742984681
85202,human,HLA-B*54:01,8,LPAMCNVY,-3.4502809384743323
85203,human,HLA-B*54:01,8,FPSQQPYL,-3.63630020056404
85204,human,HLA-B*54:01,8,HHIWQNLL,-3.753667283940023
85205,human,HLA-B*54:01,8,QPFLQPQL,-3.803001056834125
85206,human,HLA-B*54:01,8,NPQAQGSV,-4.0387846803148415
85207,human,HLA-B*54:01,8,FPTSCHMF,-4.061519353403402
85208,human,HLA-B*54:01,8,YPSGQGSF,-4.122378576788553
85209,human,HLA-B*54:01,8,RFPLTFGW,-4.139853353061396
85210,human,HLA-B*54:01,8,FLKEEGGL,-4.235886918601911
85211,human,HLA-B*54:01,8,FLKENGGL,-4.275830617780584
85212,human,HLA-B*54:01,8,QPFPQPQL,-4.30672822394854
85213,human,HLA-B*54:01,8,PLRPMTYR,-4.401409360316755
85214,human,HLA-B*54:01,8,YLKDQQLL,-4.5408825761853375
85215,human,HLA-B*54:01,8,RYPLTLGW,-4.572531358082345
85216,human,HLA-B*54:01,8,EVAQRAYR,-4.629498510674575
85217,human,HLA-B*54:01,8,QPQEQVPL,-4.635823109022418
85218,human,HLA-B*54:01,8,RYSIFFDY,-4.68514280532141
85219,human,HLA-B*54:01,8,YPLGQGSF,-4.7304619506274665
85220,human,HLA-B*54:01,8,YPQPQLPY,-4.736794679370648
85221,human,HLA-B*54:01,8,RYPLTFGW,-4.7752360391988775
85222,human,HLA-B*54:01,8,YPQSQPQY,-4.792847655953887
85223,human,HLA-B*54:01,8,WTLVVLLI,-4.8417317762925824
85224,human,HLA-B*54:01,8,YPQPQPQY,-4.844929599121112
85225,human,HLA-B*54:01,8,RMYSPTSI,-4.847125151981322
85226,human,HLA-B*54:01,8,KLWASQIY,-4.857536606495715
85227,human,HLA-B*54:01,8,EIYKRWII,-4.8664728321950586
85228,human,HLA-B*54:01,8,FLKEKGGL,-4.942146905789821
