,species,mhc,peptide_length,sequence,meas
4215,human,HLA-A*01:01,8,ASFCGSPY,-1.7109631189952756
4216,human,HLA-A*01:01,8,LTDFGLSK,-2.868870917088998
4217,human,HLA-A*01:01,8,FTSFFYRY,-3.1089031276673134
4218,human,HLA-A*01:01,8,KSVFNSLY,-3.166133970305109
4219,human,HLA-A*01:01,8,RDWAHNSL,-3.2563991279933213
4220,human,HLA-A*01:01,8,FSSCPVAY,-3.2876823116331426
4221,human,HLA-A*01:01,8,RNWAHSSL,-3.342776773463989
4222,human,HLA-A*01:01,8,LSCAASGF,-3.4517950129857953
4223,human,HLA-A*01:01,8,LASIDLKY,-3.5395778833453084
4224,human,HLA-A*01:01,8,LVESGGGL,-3.769845215476632
4225,human,HLA-A*01:01,8,NIILKANF,-3.950381589289688
4226,human,HLA-A*01:01,8,RGYVFQGL,-4.194390266901069
4227,human,HLA-A*01:01,8,HHIWQNLL,-4.27700511424846
4228,human,HLA-A*01:01,8,AEMKTDAA,-4.473729977051779
4229,human,HLA-A*01:01,8,VGNVYVKF,-4.520900519832584
4230,human,HLA-A*01:01,8,MIWDPNGW,-4.557749586427206
4231,human,HLA-A*01:01,8,LYLQMNSL,-4.565536783745802
4232,human,HLA-A*01:01,8,MTYKAAVL,-4.5758037470579085
4233,human,HLA-A*01:01,8,EVAQRAYR,-4.706236293352916
4234,human,HLA-A*01:01,8,PLRPMTYK,-4.801408380681883
4235,human,HLA-A*01:01,8,WTLVVLLI,-4.8059493992507925
4236,human,HLA-A*01:01,8,RAEDTAVY,-4.8098377005676065
4237,human,HLA-A*01:01,8,RYPLTFGW,-4.8108325155307
