,species,mhc,peptide_length,sequence,meas
53056,human,HLA-A*32:01,13,FSLPFPFLYKFLL,-3.548914242408705
53057,human,HLA-A*32:01,13,AFPTSCHMFIICF,-3.777351247849189
53058,human,HLA-A*32:01,13,SVNCFTSLVWAPL,-3.9616355978420317
53059,human,HLA-A*32:01,13,VWAPLILAYFPVF,-4.065360666036755
53060,human,HLA-A*32:01,13,CFTSLVWAPLILA,-4.079856441507969
53061,human,HLA-A*32:01,13,AYIAFPTSCHMFI,-4.330142454664763
53062,human,HLA-A*32:01,13,PLILAYFPVFRFL,-4.423398312895563
