,species,mhc,peptide_length,sequence,meas
52161,human,HLA-A*32:01,8,RFPLTFGW,-3.162036457384401
52162,human,HLA-A*32:01,8,RYPLTFGW,-3.6171908104896735
52163,human,HLA-A*32:01,8,VGNVYVKF,-3.622463860201068
52164,human,HLA-A*32:01,8,GDYKLVEI,-3.6495013318008067
52165,human,HLA-A*32:01,8,YHSNVKEL,-4.127963283584476
52166,human,HLA-A*32:01,8,RYPLTLGW,-4.41468398591253
52167,human,HLA-A*32:01,8,TAFTIPSI,-4.479262206038881
52168,human,HLA-A*32:01,8,AQFSPQYL,-4.568679878493319
52169,human,HLA-A*32:01,8,RGYVFQGL,-4.672353929959557
52170,human,HLA-A*32:01,8,RRDYRRGL,-4.6875496988606775
