,species,mhc,peptide_length,sequence,meas
84006,human,HLA-B*52:01,9,YGFSDPLTF,-0.5288396299395873
84007,human,HLA-B*52:01,9,RQFPTAFEF,-1.9527373659762093
84008,human,HLA-B*52:01,9,SGYEGRVPL,-2.381006656077864
84009,human,HLA-B*52:01,9,SGKLKVPEW,-4.134522348264545
84010,human,HLA-B*52:01,9,IGVSHPLSI,-4.184815481665462
84011,human,HLA-B*52:01,9,RGVEKPPHL,-4.237088718389494
84012,human,HLA-B*52:01,9,AGVWSQDKW,-4.7829072330887445
