,species,mhc,peptide_length,sequence,meas
70837,human,HLA-B*15:03,8,KLWASQIY,-1.5251884116073329
70838,human,HLA-B*15:03,8,RGYVFQGL,-1.735318146160989
70839,human,HLA-B*15:03,8,RRDYRRGL,-1.9350661372401388
70840,human,HLA-B*15:03,8,AQFSPQYL,-2.427252260690016
70841,human,HLA-B*15:03,8,RMYSPTSI,-2.7701062445561813
70842,human,HLA-B*15:03,8,VGNVYVKF,-2.771021636019749
70843,human,HLA-B*15:03,8,MWAQDAAM,-2.8539734660151987
70844,human,HLA-B*15:03,8,WAQDAAMY,-2.90350128781837
70845,human,HLA-B*15:03,8,YHSNVKEL,-3.1155480549714243
70846,human,HLA-B*15:03,8,EMWAQDAA,-3.7225892686788087
70847,human,HLA-B*15:03,8,FLKENGGL,-4.010561591558097
70848,human,HLA-B*15:03,8,EIYKRWII,-4.1148623579676284
70849,human,HLA-B*15:03,8,RYPLTLGW,-4.363084875417333
70850,human,HLA-B*15:03,8,FPTSCHMF,-4.364252041411366
70851,human,HLA-B*15:03,8,RFPLCFGW,-4.4273535392994825
70852,human,HLA-B*15:03,8,RYPLTFGW,-4.63878520595726
70853,human,HLA-B*15:03,8,FLKEMGGL,-4.648868233883121
70854,human,HLA-B*15:03,8,GDYKLVEI,-4.667050228006982
70855,human,HLA-B*15:03,8,FLKEKGGL,-4.7459591755133825
70856,human,HLA-B*15:03,8,TAFTIPSI,-4.781430287967207
70857,human,HLA-B*15:03,8,FLKEEGGL,-4.835658565282381
70858,human,HLA-B*15:03,8,TAFTIPST,-4.908722583157283
