,species,mhc,peptide_length,sequence,meas
72937,human,HLA-B*18:01,11,MEMRRCLLQSL,-1.007455832297119
72938,human,HLA-B*18:01,11,RSLFNTIATLY,-1.9493900066449128
72939,human,HLA-B*18:01,11,RSLYNTIATLY,-2.0755469613925306
72940,human,HLA-B*18:01,11,KRQEILDLWVY,-2.237751601847327
72941,human,HLA-B*18:01,11,RSLYNTVATLY,-2.30430319486502
72942,human,HLA-B*18:01,11,KSLFNTVATLY,-2.385606273598312
72943,human,HLA-B*18:01,11,RSLYNTVAVLY,-2.399673721481038
72944,human,HLA-B*18:01,11,KSLFNTIAVLY,-2.416640507338281
72945,human,HLA-B*18:01,11,KSLYNTVAVLY,-2.4393326938302633
72946,human,HLA-B*18:01,11,KSLFNTIATLY,-2.453318340047037
72947,human,HLA-B*18:01,11,KSLYNTIATLY,-2.5403294747908736
72948,human,HLA-B*18:01,11,RSLFNTVAVLY,-2.5575072019056577
72949,human,HLA-B*18:01,11,RRQDILDLWIY,-2.567330795200488
72950,human,HLA-B*18:01,11,VELLSFLPSDF,-2.617000341120899
72951,human,HLA-B*18:01,11,LPFPFLYKFLL,-2.6588258080814
72952,human,HLA-B*18:01,11,RSLFNTVATLY,-2.6839270930388452
72953,human,HLA-B*18:01,11,TQGYFPDWQNY,-2.9576628143083727
72954,human,HLA-B*18:01,11,KSLFNTVAVLY,-3.100025730107862
72955,human,HLA-B*18:01,11,IEDLIFLARSA,-3.136552657059786
72956,human,HLA-B*18:01,11,RSLFNTIAVLY,-3.1740598077250253
72957,human,HLA-B*18:01,11,TFVPIAWAAAY,-3.2262905036358656
72958,human,HLA-B*18:01,11,MEVVFPNEVGA,-3.34366227038453
72959,human,HLA-B*18:01,11,MVRVLTVIKEY,-3.44308558145015
72960,human,HLA-B*18:01,11,AEMLASIDLKY,-3.618280938669775
72961,human,HLA-B*18:01,11,STHEANTMAMM,-3.635308446875644
72962,human,HLA-B*18:01,11,LEYFQFVKKLL,-3.673813162630021
72963,human,HLA-B*18:01,11,AEIAQRLEDVF,-3.692922458188508
72964,human,HLA-B*18:01,11,YYQSGLSIVMP,-3.8746859299973924
72965,human,HLA-B*18:01,11,RLRDLLLIVTR,-4.0322317634287215
72966,human,HLA-B*18:01,11,KAFSPEVIPMF,-4.234513231597132
72967,human,HLA-B*18:01,11,HENRMVLASTT,-4.238190369364078
72968,human,HLA-B*18:01,11,PTPVNIIGRNL,-4.455366685838754
72969,human,HLA-B*18:01,11,AEKPKFLPDLY,-4.540855818996086
72970,human,HLA-B*18:01,11,IEGRDRTMAWT,-4.581741143789591
72971,human,HLA-B*18:01,11,GLPVEYLQVPS,-4.6063777931312995
72972,human,HLA-B*18:01,11,VPVWKEATTTL,-4.620392154974796
72973,human,HLA-B*18:01,11,ITKGLGISYGR,-4.624041774347262
72974,human,HLA-B*18:01,11,LETLILLRAFT,-4.702615793924208
72975,human,HLA-B*18:01,11,VMNSNTLLSAW,-4.767782678189627
72976,human,HLA-B*18:01,11,KTKPPLPSVKK,-4.780712750561758
