,species,mhc,peptide_length,sequence,meas
79531,human,HLA-B*42:01,10,TPGPGVRYPL,-0.4030745144223935
79532,human,HLA-B*42:01,10,RPNNNTRKSI,-0.41771924522624415
79533,human,HLA-B*42:01,10,TPGPGTRYPL,-0.8136688392571225
79534,human,HLA-B*42:01,10,TPGPGIRYPL,-0.8715952334266891
79535,human,HLA-B*42:01,10,SPGDLQTLAL,-1.5473621019356116
79536,human,HLA-B*42:01,10,RILHNFAYSL,-1.5715925347645596
79537,human,HLA-B*42:01,10,FPVTPQVPLR,-1.911127713330148
79538,human,HLA-B*42:01,10,KGAVDLSHFL,-2.2094548659535334
79539,human,HLA-B*42:01,10,TWEAWWTEYW,-2.240394192451793
79540,human,HLA-B*42:01,10,ATPYDINQML,-2.5072425062832204
79541,human,HLA-B*42:01,10,FPVKPQVPLR,-2.585188120231627
79542,human,HLA-B*42:01,10,FPVRPQVPLR,-2.8740111893960987
79543,human,HLA-B*42:01,10,ELVNQIIEQL,-2.92074829490165
79544,human,HLA-B*42:01,10,HPGSVNEFDF,-2.9431100119467377
79545,human,HLA-B*42:01,10,PIQKETWDTW,-3.047613240230602
79546,human,HLA-B*42:01,10,ATYCYKCSPL,-3.0589261245120363
79547,human,HLA-B*42:01,10,TSAPTTCSVL,-3.067279735316878
79548,human,HLA-B*42:01,10,SGPSNTYPEI,-3.3067726197487213
79549,human,HLA-B*42:01,10,FLPSDYFPSV,-3.4050498922180834
79550,human,HLA-B*42:01,10,KAALDLSHFL,-3.4965895875626942
79551,human,HLA-B*42:01,10,FLGKIWPSYK,-3.512204828885558
79552,human,HLA-B*42:01,10,RGPYRAFVTI,-3.560035828044584
79553,human,HLA-B*42:01,10,KAAVDLSHFL,-3.6207584612019295
79554,human,HLA-B*42:01,10,KAAFDLSHFL,-3.7224416464335097
79555,human,HLA-B*42:01,10,KRWIILGLNK,-3.888755752366383
79556,human,HLA-B*42:01,10,ETFGFEIQSY,-3.986272666770748
79557,human,HLA-B*42:01,10,TSTLQEQIAW,-3.997769142430125
79558,human,HLA-B*42:01,10,ETINEEAADW,-4.197207606518963
79559,human,HLA-B*42:01,10,TVYYGVPVWK,-4.245533237092952
79560,human,HLA-B*42:01,10,HTQGYFPDWQ,-4.262819011940295
79561,human,HLA-B*42:01,10,QVPLRPMTSK,-4.286601620656911
79562,human,HLA-B*42:01,10,VLEWRFDSRL,-4.361603715424353
79563,human,HLA-B*42:01,10,VHPVHAGPIA,-4.383410533700397
79564,human,HLA-B*42:01,10,SRMASVALAF,-4.505106011921209
79565,human,HLA-B*42:01,10,VPLDEDFRKY,-4.616125238683421
79566,human,HLA-B*42:01,10,FLGKIWPSHK,-4.622679893188782
79567,human,HLA-B*42:01,10,ETINEEAAEW,-4.7064833597846665
79568,human,HLA-B*42:01,10,ANRAPTGDPS,-4.791663269292778
