,species,mhc,peptide_length,sequence,meas
85976,human,HLA-B*54:01,13,FSLPFPFLYKFLL,-3.2407412927672015
85977,human,HLA-B*54:01,13,AFPTSCHMFIICF,-4.074926331393658
85978,human,HLA-B*54:01,13,SVNCFTSLVWAPL,-4.4556414386814085
85979,human,HLA-B*54:01,13,CFTSLVWAPLILA,-4.465330404397115
85980,human,HLA-B*54:01,13,PLILAYFPVFRFL,-4.507511436733005
85981,human,HLA-B*54:01,13,VWAPLILAYFPVF,-4.724031152342363
