,species,mhc,peptide_length,sequence,meas
88518,human,HLA-B7,9,LPFDRTTVM,-0.380211241711606
88519,human,HLA-B7,9,NPRMFLAMI,-1.0043213737826426
88520,human,HLA-B7,9,APIEHIASM,-1.0253058652647702
88521,human,HLA-B7,9,APRQWPMPL,-1.0413926851582251
88522,human,HLA-B7,9,APIMFSNKM,-1.0718820073061257
88523,human,HLA-B7,9,VPRPRFSAL,-1.1139433523068367
88524,human,HLA-B7,9,APRAWISSL,-1.146128035678238
88525,human,HLA-B7,9,APSPYNSRF,-1.2833012287035497
88526,human,HLA-B7,9,QPEWFRNVL,-1.3979400086720375
88527,human,HLA-B7,9,RPRPPARSL,-1.4313637641589874
88528,human,HLA-B7,9,GPATAQMAL,-1.5237464668115646
88529,human,HLA-B7,9,RPRNRYSQL,-1.5314789170422551
88530,human,HLA-B7,9,YPKIYKTYF,-1.5786392099680724
88531,human,HLA-B7,9,LPSLPGHTA,-1.6127838567197357
88532,human,HLA-B7,9,SPLMVAYML,-1.6444385894678386
88533,human,HLA-B7,9,RPVGISSMV,-1.656098202012832
88534,human,HLA-B7,9,SPIVPSFDM,-1.6893088591236205
88535,human,HLA-B7,9,LPRAALQRL,-1.6901960800285136
88536,human,HLA-B7,9,NPALRMKWM,-1.7745169657285496
88537,human,HLA-B7,9,RPCFWVELI,-1.826722520168992
88538,human,HLA-B7,9,GPVHFRNQV,-1.8536982117761744
88539,human,HLA-B7,9,LPRAWLQAL,-1.8808135922807916
88540,human,HLA-B7,9,IPAEMLASI,-1.907948521612272
88541,human,HLA-B7,9,LPRAWLARL,-1.9084850188786495
88542,human,HLA-B7,9,SPRHYSTDL,-1.934498451243568
88543,human,HLA-B7,9,TPRPVSRFL,-2.0644579892269186
88544,human,HLA-B7,9,GPALSINEL,-2.0755469613925306
88545,human,HLA-B7,9,APRAWLQRL,-2.1072099696478683
88546,human,HLA-B7,9,RPPIFIRRL,-2.113943352306837
88547,human,HLA-B7,9,SPGMMMGMF,-2.1354506993455136
88548,human,HLA-B7,9,LPRAWAQRL,-2.206825876031849
88549,human,HLA-B7,9,LPRAWLQRL,-2.220108088040055
88550,human,HLA-B7,9,YPKLKNSYV,-2.246744709723841
88551,human,HLA-B7,9,LPAAWLQRL,-2.257678574869185
88552,human,HLA-B7,9,VPAPAGPIV,-2.257678574869185
88553,human,HLA-B7,9,WPRTTPTFL,-2.257678574869185
88554,human,HLA-B7,9,NPRLPVCNL,-2.3201462861110542
88555,human,HLA-B7,9,EPRYTYWQL,-2.4409090820652177
88556,human,HLA-B7,9,RPRFEHPHL,-2.4424797690644486
88557,human,HLA-B7,9,APIFYPPVL,-2.478566495593844
88558,human,HLA-B7,9,RPLLIEGTA,-2.4864304788544342
88559,human,HLA-B7,9,IPSIQSRGL,-2.4955443375464483
88560,human,HLA-B7,9,APRLPDDPI,-2.716003343634799
88561,human,HLA-B7,9,LPRDTGPEL,-2.7730546933642626
88562,human,HLA-B7,9,QPRAPIRPI,-2.8162412999917836
88563,human,HLA-B7,9,AARDRFPGL,-2.8169038393756605
88564,human,HLA-B7,9,APVPPPEPL,-2.9057958803678687
88565,human,HLA-B7,9,APKTPDACL,-3.105169427999332
