,species,mhc,peptide_length,sequence,meas
88354,human,HLA-B*58:02,10,TSTLQEQIGW,-1.5489538796903783
88355,human,HLA-B*58:02,10,ITSQDVLHSW,-3.4172550343398185
88356,human,HLA-B*58:02,10,KAVRLIKFLY,-3.5423914022310825
88357,human,HLA-B*58:02,10,HTQGYFPDWQ,-4.627930291362383
