,species,mhc,peptide_length,sequence,meas
63608,human,HLA-A11,10,TVQPIVLPEK,-0.380211241711606
63609,human,HLA-A11,10,RMNYYWTLLK,-0.414973347970818
63610,human,HLA-A11,10,TVYYGVPVWK,-0.6020599913279624
63611,human,HLA-A11,10,GVAGALVAFK,-0.6232492903979004
63612,human,HLA-A11,10,AVFIHNFKRK,-0.8512583487190752
63613,human,HLA-A11,10,KVLFLDGIDK,-0.8864907251724818
63614,human,HLA-A11,10,QMAVFIHNFK,-0.9242792860618816
63615,human,HLA-A11,10,QAFTFSPTYK,-1.0413926851582251
63616,human,HLA-A11,10,LVVDFSQFSR,-1.230448921378274
63617,human,HLA-A11,10,TLWKAGILYK,-1.230448921378274
63618,human,HLA-A11,10,AVFDRKSDAK,-1.3424226808222062
63619,human,HLA-A11,10,LLIRCINCQK,-1.5185139398778875
63620,human,HLA-A11,10,ATEIRASVGK,-1.5880456295045822
63621,human,HLA-A11,10,NVKNLYEKVK,-1.7075701760979365
63622,human,HLA-A11,10,MVMELVRMIK,-1.7821554549888303
63623,human,HLA-A11,10,RVLSFIKGTK,-1.8573324964312683
63624,human,HLA-A11,10,GIVCPICSQK,-1.954242509439325
63625,human,HLA-A11,10,RMGVQMQRFK,-1.9731278535996983
63626,human,HLA-A11,10,GTDNSVVLSR,-2.0293837776852097
63627,human,HLA-A11,10,LTEKEGSYPK,-2.0827853703164503
63628,human,HLA-A11,10,VTAACSHAGK,-2.0863598306747484
63629,human,HLA-A11,10,RMVLASTTAK,-2.2329961103921536
63630,human,HLA-A11,10,LILRGSVAHK,-2.2741578492636805
63631,human,HLA-A11,10,LSLDVSAAFY,-2.7363965022766426
63632,human,HLA-A11,10,ESLFRAVITK,-3.0622058088197126
63633,human,HLA-A11,10,HTLWKAGILY,-3.8750612633917005
