,species,mhc,peptide_length,sequence,meas
83965,human,HLA-B*51:01,11,LPFPFLYKFLL,-1.934703793681396
83966,human,HLA-B*51:01,11,YPALMPLYACI,-2.0762762554042182
83967,human,HLA-B*51:01,11,QPQLPYPQPQL,-2.5475164177674814
83968,human,HLA-B*51:01,11,QPQPFRPQQPY,-3.2876521548708184
83969,human,HLA-B*51:01,11,QPQYSQPQQPI,-4.055521035597087
83970,human,HLA-B*51:01,11,NPSQQQPQEQV,-4.115652222907388
83971,human,HLA-B*51:01,11,QPQQLPQFEEI,-4.150167122152831
83972,human,HLA-B*51:01,11,VPVWKEATTTL,-4.159666708051049
83973,human,HLA-B*51:01,11,QALSPRTLNAW,-4.332520654790526
83974,human,HLA-B*51:01,11,SSCSSCPLSKI,-4.361991400910449
83975,human,HLA-B*51:01,11,RLRDLLLIVTR,-4.3666786309679315
83976,human,HLA-B*51:01,11,RDYVDRFFKTL,-4.3679542142377255
83977,human,HLA-B*51:01,11,QPGGSLRLSCA,-4.462958533021727
83978,human,HLA-B*51:01,11,QPQPFPSQQPY,-4.465726150152738
83979,human,HLA-B*51:01,11,ACQGVGGPGHK,-4.5008457615447375
83980,human,HLA-B*51:01,11,KAFSPEVIPMF,-4.511965136676387
83981,human,HLA-B*51:01,11,QAISPRTLNAW,-4.520013614074967
83982,human,HLA-B*51:01,11,PPYCTIAPVGI,-4.6159960745481685
83983,human,HLA-B*51:01,11,AEQASQEVKNW,-4.654499462644322
83984,human,HLA-B*51:01,11,ALVEICTEMEK,-4.72811067143257
83985,human,HLA-B*51:01,11,PPPSLPSPSRL,-4.731846019820692
83986,human,HLA-B*51:01,11,AEQASQDVKNW,-4.7585164489048415
