,species,mhc,peptide_length,sequence,meas
27228,human,HLA-A*02:06,13,FSLPFPFLYKFLL,-1.8307683473149177
27229,human,HLA-A*02:06,13,SVNCFTSLVWAPL,-2.567629297816313
27230,human,HLA-A*02:06,13,ILAILAIATLMSV,-3.0110804349032523
27231,human,HLA-A*02:06,13,VLGMLIPLSVCSV,-3.2595658103244425
27232,human,HLA-A*02:06,13,SLAALIVGLVFAL,-3.3171048706959256
27233,human,HLA-A*02:06,13,VLGATLLFFVIAL,-3.4146440865996905
27234,human,HLA-A*02:06,13,AYIAFPTSCHMFI,-3.6402706430831056
27235,human,HLA-A*02:06,13,CFTSLVWAPLILA,-3.9325599816857735
27236,human,HLA-A*02:06,13,VWAPLILAYFPVF,-4.385457731638553
