,species,mhc,peptide_length,sequence,meas
76494,human,HLA-B*37:01,9,AEFKYIAAV,-1.0228875813638785
76495,human,HLA-B*37:01,9,YQSGLSIVM,-1.8876997803267368
76496,human,HLA-B*37:01,9,AENLWVTVY,-2.056343936998156
76497,human,HLA-B*37:01,9,YEFLQPILL,-2.1936559748648325
76498,human,HLA-B*37:01,9,FQILHDRFF,-2.5629268099971183
76499,human,HLA-B*37:01,9,TEAEKWPFF,-2.596010111863868
76500,human,HLA-B*37:01,9,VKSMILHEI,-2.765023695712081
76501,human,HLA-B*37:01,9,SEAAYAKKI,-3.1604090344023428
76502,human,HLA-B*37:01,9,THEANTMAM,-3.350692258685936
76503,human,HLA-B*37:01,9,AEMWAQDAA,-3.9839786654700617
76504,human,HLA-B*37:01,9,EMWAQDAAM,-4.215990450424714
76505,human,HLA-B*37:01,9,DELVDPINY,-4.439838460307883
76506,human,HLA-B*37:01,9,YRHDGGNVL,-4.44405541538187
