,species,mhc,peptide_length,sequence,meas
90069,human,HLA-C*14:02,11,TFVPIAWAAAY,-2.24551266781415
90070,human,HLA-C*14:02,11,VALFSSCPVAY,-2.755112266395072
90071,human,HLA-C*14:02,11,YFYYNAFHWAI,-2.9530343898439773
90072,human,HLA-C*14:02,11,LEYFQFVKKLL,-3.0548044581121885
90073,human,HLA-C*14:02,11,MVRVLTVIKEY,-4.132451812729004
90074,human,HLA-C*14:02,11,RMILPMSRAFR,-4.230321168919079
