,species,mhc,peptide_length,sequence,meas
14983,human,HLA-A*02:01,12,GLIDIAPHQISS,-2.2380461031287955
14984,human,HLA-A*02:01,12,IPQSLDSYWTSL,-2.500904562812189
14985,human,HLA-A*02:01,12,TLVGLAIGLVLL,-2.8444262161581286
14986,human,HLA-A*02:01,12,DILSGIFSNPHP,-2.9544388660370497
14987,human,HLA-A*02:01,12,SDILSGIFSNPH,-4.118307092376933
14988,human,HLA-A*02:01,12,SLVWAPLILAYF,-4.321222515903994
14989,human,HLA-A*02:01,12,LVGKLNWASQIY,-4.378486434210744
