,species,mhc,peptide_length,sequence,meas
71322,human,HLA-B*15:03,10,GQRKGAGSVF,-0.5092907168367715
71323,human,HLA-B*15:03,10,SMFAFSLSVM,-1.0670138767419937
71324,human,HLA-B*15:03,10,EMWAQDAAMY,-1.1170141901682866
71325,human,HLA-B*15:03,10,ETFGFEIQSY,-2.1886755045353965
71326,human,HLA-B*15:03,10,KAVRLIKFLY,-2.189625524707978
71327,human,HLA-B*15:03,10,FKRKGGIGGY,-2.548054812364525
71328,human,HLA-B*15:03,10,MKAPFSSLKV,-2.6013241033183547
71329,human,HLA-B*15:03,10,AEMWAQDAAM,-2.849417848613966
71330,human,HLA-B*15:03,10,VKSMILHEIL,-2.8737491418736547
71331,human,HLA-B*15:03,10,FLPSDYFPSV,-2.9411518917480866
71332,human,HLA-B*15:03,10,FEMKAPFSSL,-3.0147436369863367
71333,human,HLA-B*15:03,10,TVKSMILHEI,-3.1337891240183287
71334,human,HLA-B*15:03,10,RILHNFAYSL,-3.1954730520810024
71335,human,HLA-B*15:03,10,VHPVHAGPIA,-3.2591363928110733
71336,human,HLA-B*15:03,10,KGAVDLSHFL,-3.3174400428058464
71337,human,HLA-B*15:03,10,IYQEPFKNLK,-3.442565648656345
71338,human,HLA-B*15:03,10,RPNNNTRKSI,-3.4748729228520303
71339,human,HLA-B*15:03,10,KVFPYALINK,-3.52393406477954
71340,human,HLA-B*15:03,10,RGPYRAFVTI,-3.656308046118734
71341,human,HLA-B*15:03,10,TVYYGVPVWK,-3.7430785483305775
71342,human,HLA-B*15:03,10,FLGKIWPSYK,-3.774789670528204
71343,human,HLA-B*15:03,10,PIQKETWETW,-3.8265901029486966
71344,human,HLA-B*15:03,10,RYPLTFGWCF,-3.836318589116035
71345,human,HLA-B*15:03,10,KAAFDLSHFL,-3.903787012529149
71346,human,HLA-B*15:03,10,KAALDLSHFL,-3.92813202140898
71347,human,HLA-B*15:03,10,KAAVDLSHFL,-3.9382707565571464
71348,human,HLA-B*15:03,10,KITTESIVIW,-4.040198584144721
71349,human,HLA-B*15:03,10,SGPSNTYPEI,-4.091529754782266
71350,human,HLA-B*15:03,10,TWEAWWTEYW,-4.108239212144493
71351,human,HLA-B*15:03,10,KRWIILGLNK,-4.347286217486683
71352,human,HLA-B*15:03,10,TSTLQEQIAW,-4.359016776460932
71353,human,HLA-B*15:03,10,FLGKIWPSHK,-4.380746880413359
71354,human,HLA-B*15:03,10,VLEWRFDSRL,-4.4751764162841585
71355,human,HLA-B*15:03,10,ELVNQIIEQL,-4.563222045832318
71356,human,HLA-B*15:03,10,QVPLRPMTSK,-4.589852092831972
71357,human,HLA-B*15:03,10,NRIDILDSAM,-4.686380877015225
71358,human,HLA-B*15:03,10,QVPLRPMTYK,-4.700147628022311
71359,human,HLA-B*15:03,10,KRWIIMGLNK,-4.705452492898903
71360,human,HLA-B*15:03,10,STTVKAACWW,-4.718943991784934
71361,human,HLA-B*15:03,10,TSNLQEQIGW,-4.780787640938749
