,species,mhc,peptide_length,sequence,meas
33454,human,HLA-A*03:02,9,SVYGDTLEK,-1.505149978319906
33455,human,HLA-A*03:02,9,KQSSKALQR,-1.6334684555795864
33456,human,HLA-A*03:02,9,HTMLCMCCK,-1.863322860120456
33457,human,HLA-A*03:02,9,KLRHLNEKR,-2.2741578492636805
33458,human,HLA-A*03:02,9,IEITCVYCK,-2.3010299956639813
33459,human,HLA-A*03:02,9,CIDFYSRIR,-2.4361626470407556
33460,human,HLA-A*03:02,9,ATGFKQSSK,-2.4771212547196626
33461,human,HLA-A*03:02,9,GLYNLLIRC,-2.4955443375464483
33462,human,HLA-A*03:02,9,FKDLFVVYR,-2.5185139398778875
33463,human,HLA-A*03:02,9,LFVVYRDSI,-2.6444385894678386
33464,human,HLA-A*03:02,9,DIEITCVYC,-2.6646419755561257
33465,human,HLA-A*03:02,9,RQERLQRRR,-2.6848453616444123
33466,human,HLA-A*03:02,9,LLIRCLRCQ,-2.7058637122839198
33467,human,HLA-A*03:02,9,LIRCLRCQK,-2.7209857441537397
33468,human,HLA-A*03:02,9,LQDIEITCV,-2.7958800173440754
33469,human,HLA-A*03:02,9,HLNEKRRFH,-2.824125833916549
33470,human,HLA-A*03:02,9,YNLLIRCLR,-2.9206450014067875
33471,human,HLA-A*03:02,9,DLFVVYRDS,-3.0
