,species,mhc,peptide_length,sequence,meas
80665,human,HLA-B*44:02,13,SVNCFTSLVWAPL,-3.930623649928228
80666,human,HLA-B*44:02,13,PLILAYFPVFRFL,-3.995075274542725
80667,human,HLA-B*44:02,13,CFTSLVWAPLILA,-4.1636009117355135
80668,human,HLA-B*44:02,13,LAYFPVFRFLNGS,-4.615304006929122
80669,human,HLA-B*44:02,13,AFPTSCHMFIICF,-4.6475693048734
