,species,mhc,peptide_length,sequence,meas
72023,human,HLA-B*15:42,9,RQLLWRYQI,-2.462397997898956
72024,human,HLA-B*15:42,9,FEYGGFPPA,-2.4842998393467863
72025,human,HLA-B*15:42,9,RVYAHVRSV,-2.6148972160331345
72026,human,HLA-B*15:42,9,RQYERYTAL,-2.8656960599160706
72027,human,HLA-B*15:42,9,RMFKRVFNM,-2.8998205024270964
72028,human,HLA-B*15:42,9,ILFDRLPIA,-2.9867717342662448
72029,human,HLA-B*15:42,9,AQRAAGPSV,-3.0770043267933502
72030,human,HLA-B*15:42,9,RIYKRSLKL,-3.3412366232386925
72031,human,HLA-B*15:42,9,MQYEVTQHA,-3.3921691494897366
72032,human,HLA-B*15:42,9,KQLELFWVI,-3.393224116361297
72033,human,HLA-B*15:42,9,YQVKYVSPV,-3.393224116361297
72034,human,HLA-B*15:42,9,FMFDYIPPV,-3.5865873046717547
72035,human,HLA-B*15:42,9,QEMPYPFVI,-3.71432903376858
72036,human,HLA-B*15:42,9,RQRAVRMVL,-3.714329759745233
72037,human,HLA-B*15:42,9,YQLEMYHPI,-4.182014986150735
72038,human,HLA-B*15:42,9,GMMRWCMPV,-4.227140825423186
72039,human,HLA-B*15:42,9,AQIGIFAPV,-4.238246886526687
