,species,mhc,peptide_length,sequence,meas
81716,human,HLA-B*44:03,13,CFTSLVWAPLILA,-2.5210164354349702
81717,human,HLA-B*44:03,13,PLILAYFPVFRFL,-2.780302637348163
81718,human,HLA-B*44:03,13,AFPTSCHMFIICF,-2.9394627916643725
81719,human,HLA-B*44:03,13,SVNCFTSLVWAPL,-3.2612110747188368
81720,human,HLA-B*44:03,13,VWAPLILAYFPVF,-3.4109886254844612
81721,human,HLA-B*44:03,13,LAYFPVFRFLNGS,-4.256208561477562
81722,human,HLA-B*44:03,13,AYIAFPTSCHMFI,-4.408463641459472
81723,human,HLA-B*44:03,13,FSLPFPFLYKFLL,-4.433104689355821
