,species,mhc,peptide_length,sequence,meas
63577,human,HLA-A11,9,PVTIGECPK,-0.414973347970818
63578,human,HLA-A11,9,GSTHVSWPK,-0.4913616938342727
63579,human,HLA-A11,9,AVFIHNFKR,-0.5185139398778874
63580,human,HLA-A11,9,IMPARFYPK,-0.6127838567197355
63581,human,HLA-A11,9,AIFQSSMTK,-0.6334684555795865
63582,human,HLA-A11,9,AVDLSHFLK,-0.6989700043360189
63583,human,HLA-A11,9,TTINYTLWR,-0.7403626894942439
63584,human,HLA-A11,9,KVFVLGGCR,-0.8129133566428556
63585,human,HLA-A11,9,TTDLEAYFK,-0.8129133566428556
63586,human,HLA-A11,9,SIIPSGPLK,-0.8217263382620283
63587,human,HLA-A11,9,WILDRLFFK,-0.8808135922807914
63588,human,HLA-A11,9,IVIWGKTPK,-1.2041199826559248
63589,human,HLA-A11,9,ASQIYAGIK,-1.2552725051033058
63590,human,HLA-A11,9,IVTDFSVIK,-1.2552725051033058
63591,human,HLA-A11,9,LSTNLPYGK,-1.3897982455798712
63592,human,HLA-A11,9,MVLASTTAK,-1.4306775801074878
63593,human,HLA-A11,9,GIAPLQLGK,-1.4771212547196624
63594,human,HLA-A11,9,GIPHPAGLK,-1.5440680443502757
63595,human,HLA-A11,9,AVNHYFKTR,-1.7853298350107671
63596,human,HLA-A11,9,GTKVVPRGK,-1.8573324964312683
63597,human,HLA-A11,9,KSMREEYRK,-1.8750612633917
63598,human,HLA-A11,9,NVSIPWTHK,-2.0211892990699383
63599,human,HLA-A11,9,YLAWVPAHK,-2.0253058652647704
63600,human,HLA-A11,9,ATQIPSYKK,-2.1072099696478683
63601,human,HLA-A11,9,NIQFTAVGK,-2.2600713879850747
63602,human,HLA-A11,9,RAKWNNTLK,-2.2741578492636805
63603,human,HLA-A11,9,LACAGLAYK,-2.315970345456918
63604,human,HLA-A11,9,RLADEGLNR,-2.3891660843645326
63605,human,HLA-A11,9,CALPFTSAR,-2.4996870826184043
63606,human,HLA-A11,9,MTKILEPFR,-2.577491799837225
63607,human,HLA-A11,9,GIHHPSNSK,-2.6324572921847245
