,species,mhc,peptide_length,sequence,meas
72040,human,HLA-B*18:01,8,WEAWWTEY,-0.3098661976776199
72041,human,HLA-B*18:01,8,DEQSIAEA,-0.65171015459537
72042,human,HLA-B*18:01,8,FESVAWSA,-0.7554025131826391
72043,human,HLA-B*18:01,8,AELLAACF,-0.7634279935629372
72044,human,HLA-B*18:01,8,IEAEVIPA,-1.7160033436347992
72045,human,HLA-B*18:01,8,IEAQQHLL,-1.7160033436347992
72046,human,HLA-B*18:01,8,TERQANFL,-1.8750575921401629
72047,human,HLA-B*18:01,8,FEREGYSL,-1.9837705905239256
72048,human,HLA-B*18:01,8,YPDPVIKV,-2.4721709493123583
72049,human,HLA-B*18:01,8,GEAVMRMG,-2.4933241254384515
72050,human,HLA-B*18:01,8,YERMCNIL,-2.8132140181773817
72051,human,HLA-B*18:01,8,GDYKLVEI,-2.8440466642082995
72052,human,HLA-B*18:01,8,FESKSMKL,-3.3972761382481926
72053,human,HLA-B*18:01,8,DERGESII,-3.400727953834136
72054,human,HLA-B*18:01,8,DEIGEDVA,-3.842634644033936
72055,human,HLA-B*18:01,8,RYSIFFDY,-3.92290633007472
72056,human,HLA-B*18:01,8,VPLRPMTY,-3.960503740233444
72057,human,HLA-B*18:01,8,FPTSCHMF,-3.9944518682263923
72058,human,HLA-B*18:01,8,RRDYRRGL,-4.0313289237107295
72059,human,HLA-B*18:01,8,DERRNKYL,-4.264784307399983
72060,human,HLA-B*18:01,8,TAFTIPSI,-4.407333589285279
72061,human,HLA-B*18:01,8,RYPLTLGW,-4.422210344782415
72062,human,HLA-B*18:01,8,KAIGTVLV,-4.49280493125233
72063,human,HLA-B*18:01,8,VGNVYVKF,-4.530102763747038
72064,human,HLA-B*18:01,8,YHSNVKEL,-4.550042512944502
72065,human,HLA-B*18:01,8,EELKNCNI,-4.585574190870823
72066,human,HLA-B*18:01,8,FLKEKGGL,-4.637987557431133
72067,human,HLA-B*18:01,8,RGYVFQGL,-4.8012560729654385
72068,human,HLA-B*18:01,8,MTYKAAVL,-4.8376874717135
72069,human,HLA-B*18:01,8,RFPLTFGW,-4.89378343159173
72070,human,HLA-B*18:01,8,CCFHCQVC,-4.908279779651682
