,species,mhc,peptide_length,sequence,meas
85991,human,HLA-B*57:01,8,KAFSPEVI,-2.2378339225505246
85992,human,HLA-B*57:01,8,FSLPAQLL,-2.290387840846157
85993,human,HLA-B*57:01,8,MTYKAAVL,-2.3706556358102184
85994,human,HLA-B*57:01,8,RYPLTFGW,-2.615097923326364
85995,human,HLA-B*57:01,8,RFPLTFGW,-2.731946595715005
85996,human,HLA-B*57:01,8,VGNVYVKF,-2.8838410863394497
85997,human,HLA-B*57:01,8,FLKENGGL,-3.108671473716253
85998,human,HLA-B*57:01,8,EIYKRWII,-3.7764828391229486
85999,human,HLA-B*57:01,8,RYPLTLGW,-3.7834894067009004
86000,human,HLA-B*57:01,8,KTDEVVTL,-3.7913168293497352
86001,human,HLA-B*57:01,8,RFPLCFGW,-3.8262132288569695
86002,human,HLA-B*57:01,8,RYPLCFGW,-3.8972448757775084
86003,human,HLA-B*57:01,8,KAIGTVLV,-4.250518159335461
86004,human,HLA-B*57:01,8,EVAQRAYR,-4.4683107999828895
86005,human,HLA-B*57:01,8,IGWMTNNP,-4.524798098547525
86006,human,HLA-B*57:01,8,WTLVVLLI,-4.584769825046242
86007,human,HLA-B*57:01,8,PLRPMTYR,-4.686727170451516
86008,human,HLA-B*57:01,8,LVQPGRSL,-4.754599523975167
86009,human,HLA-B*57:01,8,YLKDQQLL,-4.76692221762138
86010,human,HLA-B*57:01,8,TAFTIPSI,-4.794569907914858
86011,human,HLA-B*57:01,8,RRDYRRGL,-4.886262328259181
86012,human,HLA-B*57:01,8,HRCQAIRK,-4.8954034278208045
