,species,mhc,peptide_length,sequence,meas
88262,human,HLA-B*58:01,11,ISDSNPYLTQW,-0.1026250824038623
88263,human,HLA-B*58:01,11,KSLFNTVATLY,-0.4771212547196624
88264,human,HLA-B*58:01,11,RSLFNTVATLY,-1.0844956925682023
88265,human,HLA-B*58:01,11,RSLYNTVATLY,-1.0984452092588597
88266,human,HLA-B*58:01,11,QTVEDEARRMW,-1.1958443524128743
88267,human,HLA-B*58:01,11,TSTLQEQIGWF,-1.6626080120111904
88268,human,HLA-B*58:01,11,QAISPRTLNAW,-1.6854560156005831
88269,human,HLA-B*58:01,11,KAFSPEVIPMF,-1.7741980779200166
88270,human,HLA-B*58:01,11,VMNSNTLLSAW,-2.020376014429173
88271,human,HLA-B*58:01,11,QALSPRTLNAW,-2.6314092645694727
88272,human,HLA-B*58:01,11,LPFPFLYKFLL,-2.8373035277885688
88273,human,HLA-B*58:01,11,SSCSSCPLSKI,-3.5041265171243734
88274,human,HLA-B*58:01,11,RLRDLLLIVTR,-3.568889443175635
88275,human,HLA-B*58:01,11,RRARSLSAERY,-3.8466305535404333
88276,human,HLA-B*58:01,11,AEQASQDVKNW,-4.161884001030232
88277,human,HLA-B*58:01,11,ACQGVGGPGHK,-4.317771016344647
88278,human,HLA-B*58:01,11,AEQASQEVKNW,-4.323947348330087
88279,human,HLA-B*58:01,11,RDYVDRFFKTL,-4.5132513457028205
88280,human,HLA-B*58:01,11,KRQEILDLWVY,-4.567057321542956
88281,human,HLA-B*58:01,11,RRQDILDLWIY,-4.623285079234893
88282,human,HLA-B*58:01,11,LERTSKASLER,-4.670117938596584
