,species,mhc,peptide_length,sequence,meas
88566,human,HLA-B7,10,VPASRYLTDM,-1.1335389083702174
88567,human,HLA-B7,10,FPSSSYRRPV,-1.320146286111054
88568,human,HLA-B7,10,APPKQSRMQF,-1.3802112417116061
88569,human,HLA-B7,10,TPLGAINSSL,-1.54282542695918
88570,human,HLA-B7,10,SPYNSRFESV,-1.6170003411208989
88571,human,HLA-B7,10,IPKQKVAGPL,-1.6273658565927327
88572,human,HLA-B7,10,LPRRSGAAGA,-1.8825245379548805
88573,human,HLA-B7,10,MPAHGPAKNM,-2.088136088700552
88574,human,HLA-B7,10,LPVRSWSYIV,-2.3165993020938607
88575,human,HLA-B7,10,SPKGVEESSI,-2.3318320444362493
88576,human,HLA-B7,10,LPACVYGPAV,-2.3430144971507683
88577,human,HLA-B7,10,GPPCSQRSKF,-2.431846045698725
88578,human,HLA-B7,10,CPKYVRSAKL,-2.5366846726209302
88579,human,HLA-B7,10,FPNEVGARIL,-2.561816664318957
88580,human,HLA-B7,10,RPWVSFDQNL,-2.5984622004741507
88581,human,HLA-B7,10,GPDNGAVAVL,-2.6974037232004875
88582,human,HLA-B7,10,WMRLLPLLAL,-2.996555449633365
