,species,mhc,peptide_length,sequence,meas
70688,human,HLA-B*15:01,15,AFKIGLHTEFQTVSF,-2.620697849729717
70689,human,HLA-B*15:01,15,GQQRSTLERTSKASL,-3.1330846677529074
70690,human,HLA-B*15:01,15,FIFFLLLAGRSCSDG,-3.5398219582043926
70691,human,HLA-B*15:01,15,GTVANGVLQTFMRMA,-3.7755046976404887
70692,human,HLA-B*15:01,15,HEALNIALIAVSIIS,-4.0470006580538795
70693,human,HLA-B*15:01,15,LKFSLPFPFLYKFLL,-4.380535571670016
