,species,mhc,peptide_length,sequence,meas
89219,human,HLA-C*06:02,13,PLILAYFPVFRFL,-3.552484364678476
89220,human,HLA-C*06:02,13,CFTSLVWAPLILA,-3.9175237603552713
89221,human,HLA-C*06:02,13,SVNCFTSLVWAPL,-3.9838426320675455
89222,human,HLA-C*06:02,13,AFPTSCHMFIICF,-4.2195745158468245
89223,human,HLA-C*06:02,13,LAYFPVFRFLNGS,-4.4485290193936216
89224,human,HLA-C*06:02,13,AYIAFPTSCHMFI,-4.487421926135221
89225,human,HLA-C*06:02,13,FSLPFPFLYKFLL,-4.568345631751414
89226,human,HLA-C*06:02,13,VWAPLILAYFPVF,-4.615378462025711
