,species,mhc,peptide_length,sequence,meas
48422,human,HLA-A*30:02,11,RSLYNTVATLY,-0.3102688349389712
48423,human,HLA-A*30:02,11,RSLFNTVATLY,-1.004804676617859
48424,human,HLA-A*30:02,11,RRQDILDLWIY,-1.4715727230965832
48425,human,HLA-A*30:02,11,CAASGFTFSSY,-1.560100327420364
48426,human,HLA-A*30:02,11,WMMWYWGPSLY,-1.6665179805548809
48427,human,HLA-A*30:02,11,RMRGAHTNDVK,-1.6680149117846683
48428,human,HLA-A*30:02,11,KRQEILDLWVY,-1.7106748258489204
48429,human,HLA-A*30:02,11,NSLRAEDTAVY,-1.7948356985821652
48430,human,HLA-A*30:02,11,KAFSPEVIPMF,-1.8788179453831495
48431,human,HLA-A*30:02,11,SLRAEDTAVYY,-2.408769593470548
48432,human,HLA-A*30:02,11,TQGYFPDWQNY,-2.6047694410486115
48433,human,HLA-A*30:02,11,LTFGRETVLEY,-2.634275694625944
48434,human,HLA-A*30:02,11,KTKPPLPSVKK,-3.0571446528191317
48435,human,HLA-A*30:02,11,RRARSLSAERY,-3.1002359929436607
48436,human,HLA-A*30:02,11,RLRDLLLIVTR,-3.5576251550649114
48437,human,HLA-A*30:02,11,RLPGPSDTPIL,-3.901644459404232
48438,human,HLA-A*30:02,11,QALSPRTLNAW,-3.927401796967642
48439,human,HLA-A*30:02,11,SLRLSCAASGF,-3.93618847518214
48440,human,HLA-A*30:02,11,QAISPRTLNAW,-4.017014604516478
48441,human,HLA-A*30:02,11,ITKGLGISYGR,-4.082754325406603
48442,human,HLA-A*30:02,11,AIGVLIGGLEW,-4.086309893549878
48443,human,HLA-A*30:02,11,AFEDLRLLSFI,-4.127588480440301
48444,human,HLA-A*30:02,11,ATAGLTHMMIW,-4.142842306726962
48445,human,HLA-A*30:02,11,RLSCAASGFTF,-4.147695984817295
48446,human,HLA-A*30:02,11,LPFPFLYKFLL,-4.19239712409741
48447,human,HLA-A*30:02,11,AYISSEATTPV,-4.451544993534943
48448,human,HLA-A*30:02,11,VMNSNTLLSAW,-4.509266880811156
48449,human,HLA-A*30:02,11,RDYVDRFFKTL,-4.573963419839542
48450,human,HLA-A*30:02,11,EVQLVESGGGL,-4.5951079508613875
48451,human,HLA-A*30:02,11,AEMKTDAATLA,-4.693184000740052
48452,human,HLA-A*30:02,11,ACQGVGGPGHK,-4.771672607850872
48453,human,HLA-A*30:02,11,PTPVNIIGRNL,-4.773851164512916
48454,human,HLA-A*30:02,11,DTTQIIKLLPF,-4.802737543976855
