,species,mhc,peptide_length,sequence,meas
79591,human,HLA-B*42:02,9,SPAIFQSSM,-0.0
79592,human,HLA-B*42:02,9,RPMTYKAAL,-0.30103011531209445
79593,human,HLA-B*42:02,9,RPMTYKAAV,-0.30103011531209445
79594,human,HLA-B*42:02,9,RPQVPLRPM,-1.1461257736185169
79595,human,HLA-B*42:02,9,TPQVPLRPM,-1.3979388772465795
79596,human,HLA-B*42:02,9,FPRPWLHGL,-1.4149726435780043
79597,human,HLA-B*42:02,9,LPPIVAKEI,-1.4313626509160386
79598,human,HLA-B*42:02,9,SPRTLNAWV,-1.6720955832431093
79599,human,HLA-B*42:02,9,RPGGKKHYM,-1.9030922497145863
79600,human,HLA-B*42:02,9,FPVTPQVPL,-1.913815299270447
79601,human,HLA-B*42:02,9,IIKDYGKQM,-1.939518665172536
79602,human,HLA-B*42:02,9,IPRRIRQGF,-2.3096283384887664
79603,human,HLA-B*42:02,9,GPKRIVKCF,-2.5158755300421007
79604,human,HLA-B*42:02,9,GPSHKARVL,-2.5158755300421007
79605,human,HLA-B*42:02,9,IPRRIRQGL,-3.023665024495775
79606,human,HLA-B*42:02,9,TPQDLNTML,-3.043753121198936
79607,human,HLA-B*42:02,9,GPGHKARVL,-3.3193148193724893
79608,human,HLA-B*42:02,9,HPVHAGPIA,-3.559070365851884
