,species,mhc,peptide_length,sequence,meas
74474,human,HLA-B*27:05,12,KRLRLIHLLHQT,-0.8846087527649114
74475,human,HLA-B*27:05,12,RLRLIHLLHQTI,-2.362198742929292
74476,human,HLA-B*27:05,12,LVGKLNWASQIY,-2.452013964635876
74477,human,HLA-B*27:05,12,SARRHRILDIYL,-2.575197712309604
74478,human,HLA-B*27:05,12,ARRHRILDIYLE,-2.791888173705019
74479,human,HLA-B*27:05,12,RRFKEGGRGGKY,-3.0
74480,human,HLA-B*27:05,12,RRKSSGGKGGSY,-3.3010299956639813
74481,human,HLA-B*27:05,12,SRQKSGGGSGGF,-4.643452676486189
74482,human,HLA-B*27:05,12,SRQKSGGSGGGF,-4.672097857935716
