,species,mhc,peptide_length,sequence,meas
79569,human,HLA-B*42:01,11,LPFPFLYKFLL,-1.1071236111047955
79570,human,HLA-B*42:01,11,AEQASQDVKNW,-2.6665901685248254
79571,human,HLA-B*42:01,11,QALSPRTLNAW,-3.9956780810341233
79572,human,HLA-B*42:01,11,GSPGDLQTLAL,-4.168707960444978
79573,human,HLA-B*42:01,11,QAISPRTLNAW,-4.23229429519194
79574,human,HLA-B*42:01,11,AYISSEATTPV,-4.291586945173976
79575,human,HLA-B*42:01,11,AEQASQEVKNW,-4.72645740375515
