,species,mhc,peptide_length,sequence,meas
37691,human,HLA-A*11:02,9,SVYGDTLEK,-0.3010299956639812
37692,human,HLA-A*11:02,9,HTMLCMCCK,-0.6989700043360189
37693,human,HLA-A*11:02,9,VVYRDSIPH,-0.6989700043360189
37694,human,HLA-A*11:02,9,ATLQDIVLH,-1.0791812460476249
37695,human,HLA-A*11:02,9,SIPHAACHK,-1.1760912590556811
37696,human,HLA-A*11:02,9,CIDFYSRIR,-1.4313637641589874
37697,human,HLA-A*11:02,9,GQCHSCCNR,-1.8061799739838869
37698,human,HLA-A*11:02,9,GLYNLLIRC,-2.2741578492636805
37699,human,HLA-A*11:02,9,TEVFEFAFK,-2.4099331233312946
37700,human,HLA-A*11:02,9,LIRCLRCQK,-2.5740312677277193
37701,human,HLA-A*11:02,9,FKDLFVVYR,-2.6989700043360187
37702,human,HLA-A*11:02,9,YNLLIRCLR,-2.7234556720351857
37703,human,HLA-A*11:02,9,RCQKPLNPA,-2.7505083948513462
37704,human,HLA-A*11:02,9,VYCKTVLEL,-2.7505083948513462
