,species,mhc,peptide_length,sequence,meas
66253,human,HLA-B*07:02,13,SVNCFTSLVWAPL,-3.3527356977159952
66254,human,HLA-B*07:02,13,CFTSLVWAPLILA,-3.4508941691173702
66255,human,HLA-B*07:02,13,AYIAFPTSCHMFI,-3.956126885963216
66256,human,HLA-B*07:02,13,AFPTSCHMFIICF,-4.270600567363745
66257,human,HLA-B*07:02,13,FSLPFPFLYKFLL,-4.69225539681918
