,species,mhc,peptide_length,sequence,meas
68316,human,HLA-B*14:02,10,FLPSDYFPSV,-2.6756688068566956
68317,human,HLA-B*14:02,10,VDRFYKTLRA,-2.9069554579672796
68318,human,HLA-B*14:02,10,ELVNQIIEQL,-3.717151397177689
68319,human,HLA-B*14:02,10,RILHNFAYSL,-4.131365502419566
68320,human,HLA-B*14:02,10,TWEAWWTEYW,-4.352617029836739
68321,human,HLA-B*14:02,10,VHPVHAGPIA,-4.476253533181487
68322,human,HLA-B*14:02,10,TVYYGVPVWK,-4.7121982700480585
68323,human,HLA-B*14:02,10,ETFGFEIQSY,-4.847572659142112
