,species,mhc,peptide_length,sequence,meas
85161,human,HLA-B*53:01,11,LPFPFLYKFLL,-1.79531961756951
85162,human,HLA-B*53:01,11,YPALMPLYACI,-2.591509808994654
85163,human,HLA-B*53:01,11,LPSCPTNFCIF,-2.9298615074931167
85164,human,HLA-B*53:01,11,QAISPRTLNAW,-3.0463748957164465
85165,human,HLA-B*53:01,11,RRARSLSAERY,-3.163803238070092
85166,human,HLA-B*53:01,11,KAFSPEVIPMF,-3.249881332313077
85167,human,HLA-B*53:01,11,ISDSNPYLTQW,-3.572096658097267
85168,human,HLA-B*53:01,11,QALSPRTLNAW,-3.737164177268408
85169,human,HLA-B*53:01,11,VPVWKEATTTL,-3.8296060456942147
85170,human,HLA-B*53:01,11,VMNSNTLLSAW,-3.987197899979065
85171,human,HLA-B*53:01,11,QPGGSLRLSCA,-4.151425260788125
85172,human,HLA-B*53:01,11,QPQPFPSQQPY,-4.167748474066205
85173,human,HLA-B*53:01,11,TQGYFPDWQNY,-4.268530218860096
85174,human,HLA-B*53:01,11,RLRDLLLIVTR,-4.4332217171140345
85175,human,HLA-B*53:01,11,RRQDILDLWIY,-4.47282886678263
85176,human,HLA-B*53:01,11,AEQASQDVKNW,-4.508444308347632
85177,human,HLA-B*53:01,11,KRQEILDLWVY,-4.510084955998578
85178,human,HLA-B*53:01,11,ACQGVGGPGHK,-4.6150354936192945
85179,human,HLA-B*53:01,11,RDYVDRFFKTL,-4.620714936603536
