,species,mhc,peptide_length,sequence,meas
66248,human,HLA-B*07:02,12,SPNPTVEAGRTL,-1.6427318110234184
66249,human,HLA-B*07:02,12,GPGAGSLQPLAL,-2.6642545870011087
66250,human,HLA-B*07:02,12,IPQSLDSYWTSL,-2.7578975428495323
66251,human,HLA-B*07:02,12,SLVWAPLILAYF,-3.5940052194232113
66252,human,HLA-B*07:02,12,DPHGPVQLSYYD,-4.584485758996588
