,species,mhc,peptide_length,sequence,meas
89204,human,HLA-C*06:02,10,FLPSDYFPSV,-2.82512176481758
89205,human,HLA-C*06:02,10,QAFRNIVNML,-3.076269071268796
89206,human,HLA-C*06:02,10,RILHNFAYSL,-3.839897638752949
89207,human,HLA-C*06:02,10,FQYLLPGFVL,-3.935608018517869
89208,human,HLA-C*06:02,10,RGPYRAFVTI,-4.2321054998642635
89209,human,HLA-C*06:02,10,KAAFDLSHFL,-4.2439836113010125
89210,human,HLA-C*06:02,10,KAAVDLSHFL,-4.3039219199371805
89211,human,HLA-C*06:02,10,ETFGFEIQSY,-4.356701549604727
89212,human,HLA-C*06:02,10,TSTLQEQIGW,-4.46895954123582
89213,human,HLA-C*06:02,10,KGAVDLSHFL,-4.6023649411519765
89214,human,HLA-C*06:02,10,KAALDLSHFL,-4.6212580374962045
