,species,mhc,peptide_length,sequence,meas
33438,human,HLA-A*03:01,15,KVEFTGDLVVKALGA,-0.3704708978849977
33439,human,HLA-A*03:01,15,EKDSPFKLSSSEPHC,-1.8350414027619328
33440,human,HLA-A*03:01,15,VMRYTIDKEFEKICR,-1.9210425820179893
33441,human,HLA-A*03:01,15,LTLAIYHPQQFVYAG,-2.6589882263165125
33442,human,HLA-A*03:01,15,ILSHVKFNFGDFYSE,-2.721063338875008
33443,human,HLA-A*03:01,15,FIMAYVNQAHHIDLM,-3.1091571355836916
33444,human,HLA-A*03:01,15,LKAEAQMSIQLINKA,-3.1888184758270164
33445,human,HLA-A*03:01,15,LKFSLPFPFLYKFLL,-3.20715746327043
33446,human,HLA-A*03:01,15,DRTELLEMVCFHEFL,-3.5359915359535927
33447,human,HLA-A*03:01,15,QRSTLERTSKASLER,-4.168357157219873
33448,human,HLA-A*03:01,15,GQQRSTLERTSKASL,-4.2334762654845175
33449,human,HLA-A*03:01,15,RALIKTLPRASYSSH,-4.343984834271498
33450,human,HLA-A*03:01,15,QVNTSKTGINENYAK,-4.442438286943263
33451,human,HLA-A*03:01,15,ERPIFPHPSKPTFLP,-4.478697601138037
