,species,mhc,peptide_length,sequence,meas
82448,human,HLA-B*46:01,8,FSLPAQLL,-3.1176355666374405
82449,human,HLA-B*46:01,8,KAFSPEVI,-3.1329023980897355
82450,human,HLA-B*46:01,8,LVQPGRSL,-3.794250081163188
82451,human,HLA-B*46:01,8,KTDEVVTL,-4.60035730127936
