,species,mhc,peptide_length,sequence,meas
52110,human,HLA-A*31:01,11,ITKGLGISYGR,-0.12561039624604162
52111,human,HLA-A*31:01,11,KTKPPLPSVKK,-0.4182563676969013
52112,human,HLA-A*31:01,11,RLRDLLLIVTR,-0.482504746444413
52113,human,HLA-A*31:01,11,RMRGAHTNDVK,-1.0811079477561176
52114,human,HLA-A*31:01,11,DSVKGRFTISR,-1.8309785247360888
52115,human,HLA-A*31:01,11,KTRPILSPLTK,-1.8455602431471
52116,human,HLA-A*31:01,11,RMILPMSRAFR,-1.8609333308172025
52117,human,HLA-A*31:01,11,RTLDFHDSNVK,-2.2018827026405416
52118,human,HLA-A*31:01,11,STLPETTVVRR,-2.2647035835803786
52119,human,HLA-A*31:01,11,HTLWKAGILYK,-2.707981539443975
52120,human,HLA-A*31:01,11,GSSDFQVHFLK,-3.020692674541157
52121,human,HLA-A*31:01,11,KAFSPEVIPMF,-3.0890400213349536
52122,human,HLA-A*31:01,11,TMVMELVRMIK,-3.109240968588203
52123,human,HLA-A*31:01,11,LPFPFLYKFLL,-3.395364024584985
52124,human,HLA-A*31:01,11,ALVEICTEMEK,-3.4332336209166483
52125,human,HLA-A*31:01,11,MIKYCLLKILK,-3.6209337842565392
52126,human,HLA-A*31:01,11,AYISSEATTPV,-3.634987281407674
52127,human,HLA-A*31:01,11,VPVWKEATTTL,-3.647639803893636
52128,human,HLA-A*31:01,11,VTVYYGVPVWK,-3.6641717053619303
52129,human,HLA-A*31:01,11,RDYVDRFFKTL,-3.7317132974282616
52130,human,HLA-A*31:01,11,LERTSKASLER,-3.77046256959091
52131,human,HLA-A*31:01,11,SSCSSCPLSKI,-4.092898406635797
52132,human,HLA-A*31:01,11,RSLYNTVATLY,-4.344730035991489
52133,human,HLA-A*31:01,11,QALSPRTLNAW,-4.536574905302825
52134,human,HLA-A*31:01,11,RRARSLSAERY,-4.563715052384328
52135,human,HLA-A*31:01,11,QAISPRTLNAW,-4.564813818167019
52136,human,HLA-A*31:01,11,RRQDILDLWIY,-4.582234958321252
52137,human,HLA-A*31:01,11,ACQGVGGPGHK,-4.60397869407991
52138,human,HLA-A*31:01,11,RSLFNTVATLY,-4.6274626041680245
52139,human,HLA-A*31:01,11,ISDSNPYLTQW,-4.687219932634889
52140,human,HLA-A*31:01,11,VMNSNTLLSAW,-4.698472974001751
