,species,mhc,peptide_length,sequence,meas
66269,human,HLA-B*08:01,8,FLREKGGL,-0.3423306796105671
66270,human,HLA-B*08:01,8,FLKEKGGL,-0.7120431438777869
66271,human,HLA-B*08:01,8,EIYKRWII,-0.9317177363288888
66272,human,HLA-B*08:01,8,FIKEKGGL,-1.0181612061789542
66273,human,HLA-B*08:01,8,WPTVRERM,-1.0596566278643964
66274,human,HLA-B*08:01,8,YLKDQQLL,-1.083604015037788
66275,human,HLA-B*08:01,8,FLKDKGGL,-1.257009173757785
66276,human,HLA-B*08:01,8,GGKKKYKL,-1.345943174958401
66277,human,HLA-B*08:01,8,RAKFKQLL,-1.8195439355418688
66278,human,HLA-B*08:01,8,FLKENGGL,-2.11927681807155
66279,human,HLA-B*08:01,8,FLKEMGGL,-2.1422565729536127
66280,human,HLA-B*08:01,8,FLKEQGGL,-2.203156789935433
66281,human,HLA-B*08:01,8,FLRKEGGL,-2.347691381419339
66282,human,HLA-B*08:01,8,FLRKQGGL,-2.381399274524444
66283,human,HLA-B*08:01,8,MTYKAAVL,-2.7798217342820544
66284,human,HLA-B*08:01,8,FLKEEGGL,-2.98545537867496
66285,human,HLA-B*08:01,8,VIPMFSAL,-3.189284329264797
66286,human,HLA-B*08:01,8,FPTSCHMF,-3.2161571848918182
66287,human,HLA-B*08:01,8,TAFTIPSI,-3.3927187354828328
66288,human,HLA-B*08:01,8,ELRGFANF,-3.5820539321387463
66289,human,HLA-B*08:01,8,KPTGSAVV,-3.6960015380231614
66290,human,HLA-B*08:01,8,HHIWQNLL,-3.781648326821861
66291,human,HLA-B*08:01,8,PLRPMTYR,-3.859524387738172
66292,human,HLA-B*08:01,8,RYPLTLGW,-3.9448082292071067
66293,human,HLA-B*08:01,8,RYPLTFGW,-4.0065215736243145
66294,human,HLA-B*08:01,8,TERQANFL,-4.02197999203008
66295,human,HLA-B*08:01,8,YHSNVKEL,-4.16546021032518
66296,human,HLA-B*08:01,8,TAFTIPST,-4.421799605649044
66297,human,HLA-B*08:01,8,RRDYRRGL,-4.42257922281371
66298,human,HLA-B*08:01,8,AFPTSCHM,-4.560454987400352
66299,human,HLA-B*08:01,8,KAIGTVLV,-4.730138995217915
66300,human,HLA-B*08:01,8,KAFSPEVI,-4.742228982661255
66301,human,HLA-B*08:01,8,RGYVFQGL,-4.745481020793347
66302,human,HLA-B*08:01,8,WTLVVLLI,-4.746044540592983
66303,human,HLA-B*08:01,8,RFPLTFGW,-4.755537675191662
66304,human,HLA-B*08:01,8,RNWAHSSL,-4.829197920758492
66305,human,HLA-B*08:01,8,GDYKLVEI,-4.857468322382519
