,species,mhc,peptide_length,sequence,meas
95755,macaque,Mamu-A2*0102,10,SHNPNTTNNF,-0.13987908640123647
95756,macaque,Mamu-A2*0102,10,SHDHPTDVDY,-0.9479954414016568
95757,macaque,Mamu-A2*0102,10,KRWIILGLNK,-3.5678274105967884
95758,macaque,Mamu-A2*0102,10,RRQDILDLWI,-4.2533900598644445
95759,macaque,Mamu-A2*0102,10,GRRGWEALKY,-4.3500285499501645
95760,macaque,Mamu-A2*0102,10,RRWIQLGLQK,-4.716124932324862
