,species,mhc,peptide_length,sequence,meas
101092,macaque,Mamu-B*8701,11,IDEVQNEIDRL,-0.717949127498095
101093,macaque,Mamu-B*8701,11,FIDKEDLHDML,-0.8823415606901427
101094,macaque,Mamu-B*8701,11,YIDKEDLHDML,-1.0672196889741412
101095,macaque,Mamu-B*8701,11,IEEELGSKAKF,-1.7964387025412107
101096,macaque,Mamu-B*8701,11,LDDNEALIEKL,-2.2605800902310533
101097,macaque,Mamu-B*8701,11,IDPEGKKFDRV,-3.206935992677125
101098,macaque,Mamu-B*8701,11,IDAATEAKHRL,-3.559090862821072
