,species,mhc,peptide_length,sequence,meas
103634,mouse,H-2-Dd,8,YGPKVDIW,-1.0440695036175185
103635,mouse,H-2-Dd,8,WGPSLYSI,-1.2459824387232266
103636,mouse,H-2-Dd,8,VGPRWMEW,-1.500800019283764
103637,mouse,H-2-Dd,8,RGPRLNTL,-2.2671717284030137
103638,mouse,H-2-Dd,8,DAMADVII,-2.425979862554357
103639,mouse,H-2-Dd,8,EGPQYWEW,-2.713941206823611
103640,mouse,H-2-Dd,8,RGPDAFRF,-2.852166742170992
103641,mouse,H-2-Dd,8,RGPNVVTL,-2.9247490476277584
103642,mouse,H-2-Dd,8,AGPCALRF,-3.0
103643,mouse,H-2-Dd,8,TGPCRTCM,-3.011899223393609
103644,mouse,H-2-Dd,8,FALISFLL,-3.091080469229956
103645,mouse,H-2-Dd,8,HGVEFDFI,-3.5036745156670603
103646,mouse,H-2-Dd,8,LGGCRHKL,-3.9149892102799138
103647,mouse,H-2-Dd,8,GGIGRFYI,-3.9449524336925696
103648,mouse,H-2-Dd,8,NGIIRNLV,-3.966141732739033
103649,mouse,H-2-Dd,8,VPLSFAAL,-4.051682951802756
103650,mouse,H-2-Dd,8,LEPVYETV,-4.073861108246339
103651,mouse,H-2-Dd,8,TLGNKHTL,-4.2501584665857965
103652,mouse,H-2-Dd,8,QALTDLGL,-4.267171728403014
103653,mouse,H-2-Dd,8,YDLQRSAM,-4.317070703586646
103654,mouse,H-2-Dd,8,VGNVYVKF,-4.397314465653598
103655,mouse,H-2-Dd,8,LGNSRIVI,-4.402401841189835
103656,mouse,H-2-Dd,8,DIPPRWFM,-4.405341295141948
103657,mouse,H-2-Dd,8,FGMSRILL,-4.422073688412231
103658,mouse,H-2-Dd,8,LSSWKNLM,-4.4747941618988065
103659,mouse,H-2-Dd,8,NGFQEETW,-4.548812189315014
103660,mouse,H-2-Dd,8,NAPTWIDI,-4.568201724066995
103661,mouse,H-2-Dd,8,AQYSPQQL,-4.910216551344871
