,species,mhc,peptide_length,sequence,meas
103610,mouse,H-2-Db,12,FQPQNGQFIHFY,-2.1383026981662816
103611,mouse,H-2-Db,12,SGVENPGGYCLT,-2.4475067378891544
103612,mouse,H-2-Db,12,KAVYNFATCGIF,-2.485090185022639
103613,mouse,H-2-Db,12,SSGVENPGGYCL,-2.8796692056320534
103614,mouse,H-2-Db,12,TLVGLAIGLVLL,-3.2222146710950774
103615,mouse,H-2-Db,12,IPQSLDSWWTSL,-4.238067670962603
103616,mouse,H-2-Db,12,DILSGIFSNPHP,-4.376207276834531
