,species,mhc,peptide_length,sequence,meas
108148,mouse,H-2-Ld,11,IPQSLDSWWTL,-0.10914437291517247
108149,mouse,H-2-Ld,11,IPSLDSWWTSL,-2.0696359268545956
108150,mouse,H-2-Ld,11,IPQSLDSWWTS,-3.7781512503836434
108151,mouse,H-2-Ld,11,SGVENPGGYCL,-4.155998150461622
