,species,mhc,peptide_length,sequence,meas
108128,mouse,H-2-Ld,10,VPFVQWFVGL,-1.7781512503836436
108129,mouse,H-2-Ld,10,RPDTRHLRVL,-2.018038906444941
108130,mouse,H-2-Ld,10,IPIPSSWAFA,-2.1760912590556813
108131,mouse,H-2-Ld,10,LPLLPIFFCL,-2.2852357288024487
108132,mouse,H-2-Ld,10,SPYAAGYDLY,-2.3614220530545604
108133,mouse,H-2-Ld,10,FPHCLAFSYM,-2.592514673614752
108134,mouse,H-2-Ld,10,RPSTRNFFEL,-2.8981528486696546
108135,mouse,H-2-Ld,10,GPLLVLQAGF,-2.9542425094393248
108136,mouse,H-2-Ld,10,IPSSWAFGKF,-3.453640158846012
108137,mouse,H-2-Ld,10,TPARVTGGVF,-3.9542425094393248
108138,mouse,H-2-Ld,10,IPQSLDSWWT,-3.9842057328232015
108139,mouse,H-2-Ld,10,SPFLPLLPIF,-4.088941083240271
108140,mouse,H-2-Ld,10,YPELEEVQSL,-4.387561885888993
108141,mouse,H-2-Ld,10,GPCRTCMTTA,-4.431363764158988
108142,mouse,H-2-Ld,10,SGPSNTPPEI,-4.5340500418797545
108143,mouse,H-2-Ld,10,HYISMGTSGL,-4.5864430596232735
108144,mouse,H-2-Ld,10,GPRLNTLCGF,-4.618450407532217
108145,mouse,H-2-Ld,10,SSLENFRAYV,-4.684537312058058
108146,mouse,H-2-Ld,10,CSANNSHHYI,-4.6881125996171615
108147,mouse,H-2-Ld,10,SPTRQSPYAA,-4.689775072774394
