,a,b,c,e,h,i,p,r,pred,Class
FPQHVITKDV,0.15273929528832153,0.28284063300078266,0.09158108301524681,0.07490828682593964,0.12497532925955901,0.0095524938482896,0.0,0.0,5.42350831975774,Weak
VPFVQWFVGL,0.6214854277117741,0.6699446773210798,0.35225268915002683,0.2788027477074113,0.3906647518608446,0.4724568679104659,0.296474085153259,0.37938223802414983,13.412782833024027,Weak
KPSDGNCTCI,0.7398279405869179,0.7577624125063074,0.7200811027123604,0.5635607302276511,0.6132437720104129,0.6751136876634902,0.627724346562545,0.6979341476971848,0.0,Weak
GPLEEELPRL,0.023569418594804548,0.0,0.1844183355802862,0.0,0.07817847961148527,0.11922644052362052,0.3276529397709047,0.1541740248642416,20.0,Weak
DPYKEFGATV,0.12903797197757583,0.1602791691187453,0.11054557547866173,0.1692396409788497,0.20069086395508617,0.07172542083307576,0.1744711220089008,0.1453748546280278,14.032107575699484,Weak
FPGDKTSYWV,0.5002957863327169,0.41355913332914884,0.32046833932829566,0.36908817897221535,0.38926904253072414,0.38293848110715567,0.4112827348748427,0.4201426252571028,13.992925953019181,Weak
HPTARRPFGV,0.9999999999999998,1.0,1.0,1.0,1.0000000000000002,1.0,1.0,1.0,0.1332511463539262,Weak
EYADVFHLYL,0.5529032657298225,0.41127370927317086,0.37205989700941,0.38106988663477015,0.3988099532601901,0.4704870077848562,0.4839673808709226,0.512073651290232,14.849148659195896,Weak
ATPYDINQML,0.5697035001086619,0.436084906249917,0.45079784425893354,0.4703014588290868,0.42962765314888274,0.45635217232128733,0.4393834580335345,0.49460403770885053,3.1122378657165526,Weak
FPQVGGLTSI,0.37180660311158875,0.35848473054472674,0.32997976075230895,0.28813426786151286,0.30452652952028925,0.2976401362133516,0.32626517806639876,0.2955354380992876,6.871754797769334,Weak
PPNAPILSTL,0.23088417907301273,0.21894009802820147,0.2179769075728677,0.3285342532030442,0.2565849831227489,0.16210453983834672,0.33008092901660957,0.2410923873340427,0.7941305776122611,Weak
NPHNTAESRL,0.8887844129189044,0.8777457229453156,0.8422145706035336,0.7595181472437873,0.8367461804444367,0.9438639841718968,0.9252899845377645,0.9070536424611335,13.124147368850595,Weak
YPSMFTLRHI,0.5236907383644043,0.4545376669352996,0.4335386031942914,0.5566094882570893,0.5046324016462489,0.5117521013681312,0.5373856511667396,0.5271422349382511,5.850090819890097,Weak
PPTCPGYRWM,0.0,0.016169093140843138,0.0,0.0463913361823689,0.0,0.0,0.04464877213171814,6.621084637137287e-05,3.373890178752006,Weak
