,a,b,c,e,h,i,p,r,pred,Class
LTVNEKRRLQL,0.34791147868386485,0.33529398187413584,0.574986472181469,0.12889020248905192,0.2262388924910872,0.3932539589717199,0.17215593678690233,0.2999176180885166,8.437150053702192,Weak
VVSYVNTNMGL,0.3722248531968946,0.4732674961888472,0.0,0.0,0.05222813509823521,0.34886861159712046,0.07382662629614778,0.17370326415870796,12.28682778181133,Weak
QTLQDPRVRGL,0.32047757593070125,0.19716564800042224,0.5265169080770287,0.1414409717362406,0.16368079606815744,0.28371442865823804,0.055968170635246395,0.18975849138608858,15.787263761665915,Weak
KAFLCKQYLNL,0.4685369687418275,0.5289396079602957,0.3972072824863382,0.3153518863648892,0.22569757440295835,0.4768374301985281,0.26027266367779767,0.4903665290641013,20.0,Weak
WTHKVGNFTGL,0.6091197354542106,0.70943580573564,0.4870077015507439,0.4606546116493724,0.4898454261751515,0.603879348861208,0.6939579519767127,0.5679762596393259,11.058101668962552,Weak
ASPLSSIFSRI,0.4833049017454858,0.6765021362268406,0.6564794996018204,0.7849875161694366,0.7946529765575989,0.39664872158318865,0.4703217800424593,0.44877519864201876,10.806430169033044,Weak
QSLTNLLSSNL,1.0,1.0,1.0,0.9999999999999996,1.0000000000000004,1.0,1.0,0.9999999999999996,14.972959882279037,Weak
PAYRPPNAPIL,0.0,0.0,0.001484621927957619,0.15347860681780334,0.0,0.0,0.0,0.0,15.160001771350622,Weak
RVAEDLNLGNL,0.6721555595798776,0.8007464654433383,0.8298912805301919,0.49678493031401993,0.6964739754382818,0.7577250496391263,0.6997356270640624,0.6800745663722956,0.0,Weak
ISDSNPFLTQW,0.33877185452353986,0.3602177533831119,0.35931252093809185,0.3019211776864439,0.2714890870976312,0.1877507514233745,0.06686660410513223,0.19656327601761792,19.138864664764984,Weak
AVTNFLLSLGI,0.39301537564346845,0.46328675173540645,0.21903376444487765,0.3603738155714731,0.35202939920611165,0.35413753626697986,0.26295943240749153,0.3221941941356685,11.141557721873781,Weak
YVARLSSNSRI,0.3496367914414873,0.5124115857289899,0.5405400895595669,0.3982043768162966,0.5026971456535541,0.3299840350404528,0.1863068287006291,0.24788907358388146,6.726697052520181,Weak
