,a,b,c,e,h,i,p,r,pred,Class
ISDSNPYLTQW,0.12352418058802916,0.09496297360786254,0.37067403724802084,0.3045038704326153,0.29179314879149887,0.0,0.23947646106789566,0.12174008202231468,14.770940148493741,Weak
YPALMPLYACI,0.0,0.0,0.0,0.0,0.0,0.029846714524651485,0.0,0.0,20.0,Weak
AEQASQDVKNW,0.9999999999999996,1.0,1.0,1.0,1.0,1.0,1.0,0.9999999999999996,0.0,Weak
