,a,b,c,e,h,i,p,r,pred,Class
YPALMPLY,0.5603698411278693,0.3885966176353559,0.027511163294525964,0.6455813974727356,0.378769114796468,0.5368607852208007,0.4568795777814243,0.5640641985113555,11.970271370653482,Weak
YHSNVKEL,1.0,1.0,0.749682954136337,1.0,1.0,1.0,1.0,1.0,0.0,Weak
AQFSPQYL,0.268064450903684,0.23599983653839907,0.0,0.41057292493134234,0.1400149226177656,0.022832421127951807,0.06527812316587456,0.22236280732444103,6.179459773596169,Weak
RPPLGNWF,0.0,0.0,0.13112914170181522,0.0,0.0,0.0,0.0,0.0,20.0,Weak
RRDYRRGL,0.1910458668617725,0.30154757987214165,1.0,0.5444683798971117,0.6605185652407282,0.37344226562998317,0.3776995015955036,0.35048212038670057,6.83993670026022,Weak
RGYVFQGL,0.8174791135648118,0.7742122118720438,0.7931307849261238,0.7429819464279666,0.8646849327713002,0.8409595309142377,0.7478836107525879,0.8477000493561855,4.620815850747023,Weak
