,a,b,c,e,h,i,p,r,pred,Class
AQFSPQYL,0.13079872795822745,0.03955243849623091,0.0,0.36936131750464174,0.0,0.0,0.0,0.04591775788026631,5.753195448154667,Weak
GDYKLVEI,0.0,0.0,0.2662423371805005,0.0,0.1340940452181294,0.07433705718386241,0.2518714967711704,0.0,0.0,Weak
RGYVFQGL,1.0,0.9464552242186723,1.0,1.0,1.0000000000000004,1.0,1.0,1.0,20.0,Weak
VGNVYVKF,0.6924311905071665,1.0,0.08737868915274216,0.25634798478736,0.38130771680288733,0.5783709862460364,0.45065975256282,0.351486824589875,11.956755253699255,Weak
