,a,b,c,e,h,i,p,r,pred,Class
ACYISSEATTPV,0.0583885583030721,0.4121832091504878,0.0,0.0,0.0,0.0,0.0,0.0,20.0,Weak
AEYISSEATTPV,0.0,0.0,0.279681467912134,0.08601430498539386,0.09685206099553234,0.036575204266789285,0.5305053707143674,0.11315503343011102,14.666217922144398,Weak
ADYISSEATTPV,0.15796385567544124,0.021781144697239796,0.8189786989236012,0.22296596853326633,0.2271975502793886,0.017356221313987064,0.42674885903697657,0.12347493884517036,11.778210275401598,Weak
IPQSLDSYWTSL,1.0,1.0,1.0,1.0,1.0,1.0,1.0,1.0,0.0,Weak
