,a,b,c,e,h,i,p,r,pred,Class
ERYLKDQQL,0.0,0.0,0.0798107391974745,0.0,0.0,0.0,0.0,0.0,8.096346420557117,Weak
IRYPKTFGW,0.03368545954115332,0.17823285473362582,0.11513875415349828,0.21767766745154749,0.21177373275024325,0.05337841361323492,0.15864200675939544,0.0766539545720224,12.506017917768819,Weak
IDFPKTFGW,0.12218294638131866,0.2732896254414785,0.09199284060535184,0.22958529416843243,0.22049236245564086,0.06364386864617977,0.20556264630721555,0.11111575181988065,0.0,Weak
IKFPKTFGW,0.07126919909184126,0.31587355125766936,0.0,0.23059530046539845,0.20699750856690058,0.05998544153648244,0.17763676533596273,0.11070238400104282,7.96946123042336,Weak
RRYQKSTEL,0.28554398714170426,0.32790063716469375,0.6634997475854454,0.37251703142516246,0.3889075248189001,0.35958142869626997,0.3237241645292297,0.34618767233106285,20.0,Weak
GRFKLIVLY,1.0,0.9999999999999998,1.0,1.0000000000000002,0.9999999999999999,1.0,1.0,0.9999999999999998,9.26395964269903,Weak
KRKKAYADF,0.1038542485349423,0.3232745036727953,0.043022834417634215,0.2578270023795586,0.22557822978378927,0.10836054413507523,0.13042031353089523,0.1402624790183613,8.783219707042011,Weak
KRYKSIVKY,0.30345221329117567,0.40836300446476614,0.4109435556744212,0.4389748337729844,0.41119031559076713,0.31625249814328393,0.3108288139196864,0.3435606864292444,12.002843703326294,Weak
IRFPKTFGW,0.010528118981935952,0.2491843984355373,0.10236636667051746,0.20926801536713335,0.2050908147943743,0.041146351609515186,0.17029090426754312,0.055171238573613834,12.969981638463521,Weak
KRGILTLKY,0.8112413635640929,0.7693269018827882,0.9912024164275719,0.903909954911448,0.8480722688333729,0.7911505781834016,0.7542907288439955,0.8189969243238562,10.471742488273847,Weak
INFPKTFGW,0.05900971128866028,0.2828918972949974,0.01467301369263252,0.18347755593775972,0.18663911155448776,0.06760137050527693,0.17091649559646016,0.07833988429042416,7.725904935265001,Weak
