,a,b,c,e,h,i,p,r,pred,Class
IFFPKTFGW,0.0,0.0,0.0,0.0,0.0,0.0,0.0,0.0,0.0,Weak
ILFPKTFGW,0.5506045108709312,0.7063317831061919,0.4451700110668657,0.4691280673921945,0.4075521736492673,0.5929302580796376,0.8781391074209974,0.6418820020054214,20.0,Weak
SRDKTIIMW,1.0,0.9999999999999982,1.0,1.0,1.0,1.0,1.0,1.0,15.574841120487458,Weak
