,a,b,c,e,h,i,p,r,pred,Class
RVEKVTNTAEYW,0.0,0.0,0.0,0.02132494156914788,0.0,0.0,0.0,0.0,8.050111158846441,Weak
RVEDVTNKAEYW,0.8556722251195055,1.0,0.3468830077331013,0.0,0.4390424135391484,0.6521293150885654,0.2789180290505904,0.3294603731612895,20.0,Weak
RVEDKTNTAEYW,1.0,0.3648143411550251,1.0,1.0,1.0,1.0,1.0,1.0,0.0,Weak
