,a,b,c,e,h,i,p,r,pred,Class
RVLDVTNTAEYW,0.7340024605282318,0.5175261884791329,0.6977943485490421,0.718379512236786,0.6496066555688049,0.6426486121516515,0.53824856836619,0.6831978065420348,1.6873427832707788,Weak
RVEDVTNTAEYW,0.7060062173980972,0.6441078308120423,0.8208529171020995,0.763386342985175,0.727193697044112,0.6758589306029581,0.6345433163796361,0.7047641054317042,17.41894676719818,Weak
HVKDETNTTEYW,0.7986270389975783,0.6152540464604215,0.6886017746798387,1.0,0.7434933865401048,0.7016913158892688,0.7741956142777013,0.848777395356163,1.4618718661438403,Weak
RVEDVTLTAEYW,0.3449582661258752,0.10999881957541291,0.2077389562988099,0.2881852788175774,0.24972078251732555,0.27035452334045607,0.23487415627381836,0.26733126894597703,0.0,Weak
RVEDVTNTKEYW,0.0,0.0,0.0,0.0,0.0,0.0,0.0,0.0,11.02453759268317,Weak
RVEDVTNTAEYL,0.33415554648209866,0.22685656828366607,0.4491538439098557,0.3594593074707797,0.33199686741203394,0.35658888056457405,0.3907081212361776,0.36845615589650915,5.041738658748111,Weak
LVEDVTNTAEYW,0.8028475973564415,0.6092311540150206,0.53495134302183,0.6824380634416061,0.6086929316064751,0.6842934968598833,0.636802401808958,0.728558383637198,8.062734354552434,Weak
RVEDVKNTAEYW,1.0,1.0,1.0,0.9654559899807236,1.0,1.0,0.8701631115981163,1.0,20.0,Weak
RVEDVTNTAELW,0.7245354234709644,0.6526789599641276,0.8799439899923298,0.7201574940984115,0.6865747354419272,0.6825202327108597,0.6424110564285765,0.7169456081922192,18.315208613348602,Weak
RVEDVTNTALYW,0.7617890125688609,0.6021844477697185,0.6838561963644976,0.8430323195242702,0.7059212209222245,0.6673892172368827,0.6344778662410295,0.7168505551653563,12.487569302118418,Weak
GSQKLTTGNCNW,0.8583790687805877,0.657123667590878,0.4140639344628001,0.8931485754369586,0.5847471301007863,0.7574209421275091,1.0,0.9164774223209973,3.92308807276209,Weak
