,a,b,c,e,h,i,p,r,pred,Class
RSLYNTVATLY,0.3148642659085408,0.25849889557936145,0.3857471821332843,0.42426783015481573,0.39921546343196357,0.2965042972077192,0.30295211769880437,0.33497679159371563,2.838020183227953,Weak
QALSPRTLNAW,0.5323194841250813,0.6019535829146327,0.6705675895125593,0.5645634311013246,0.5703010591766104,0.5350598357239555,0.49409690252505056,0.5513697722168813,11.182407563067121,Weak
ISDSNPYLTQW,1.0000000000000002,1.0000000000000002,1.0,1.0,0.9999999999999998,0.9999999999999998,1.0,1.0,20.0,Weak
QAISPRTLNAW,0.49606205655304536,0.6641385972845517,0.7319475366038919,0.603563111082388,0.6094553494929167,0.4917509607052486,0.4659592910642889,0.5112308163644057,0.0,Weak
LPFPFLYKFLL,0.0,0.0,0.0,0.0,0.0,0.0,0.0,0.0,1.2048776478332597,Weak
