,a,b,c,e,h,i,p,r,pred,Class
TELQTTIHDI,1.0,1.0,1.0,1.0000000000000004,1.0,0.9441590087362779,0.8779947863225801,1.0000000000000004,0.0,Weak
EEKRGSLYVW,0.8190074810215635,0.7808349792599056,0.767776873796445,0.5652774716054094,0.8994515417351203,1.0,0.9999999999999996,0.9047704288325336,2.7742615326568547,Weak
AEMKTDAATL,0.0,0.0,0.0,0.0,0.0,0.0,0.0,0.0,20.0,Weak
