,a,b,c,e,h,i,p,r,pred,Class
AEMLASIDLKY,0.08006663521470969,0.0,0.10511170274377779,0.007327174749809373,0.1976869716110805,0.10055979360412426,0.20887072485133817,0.1741164576284593,4.8710772233331765,Weak
QAISPRTLNAW,0.43803608822563245,0.8329410812516542,0.5953551878147918,0.3115605410755542,0.5490186479111738,0.3241302641965973,0.2904209228054384,0.2646439594076977,2.9933749315753677,Weak
LETLILLRAFT,1.0,1.0,0.7737575451536918,1.0,1.0,0.973827592503727,1.0,1.0,20.0,Weak
AEMWAQDAAMY,0.0,0.2641629070789957,0.0,0.0,0.0,0.0,0.0,0.0,4.9081760874452804,Weak
MEMRRCLLQSL,0.8451445801091477,0.936492220586322,0.6544239122713256,0.4838849664577136,0.6798947099283659,1.0,0.7695784434461013,0.8333261983271942,9.433379971638278,Weak
RLRDLLLIVTR,0.6439956309759323,0.643039086677101,1.0,0.7020006598482347,0.9644171532280694,0.7957410010476771,0.6673119005347168,0.6184614002866011,0.0,Weak
