,a,b,c,e,h,i,p,r,pred,Class
ISDSNPFLTQW,1.0000000000000002,0.9999999999999998,1.0000000000000002,1.0000000000000002,1.0000000000000002,1.0,1.0000000000000002,1.0,20.0,Weak
KAFSPEVIPMF,0.0,0.0,0.0,0.0,0.0,0.0,0.0,0.0,20.0,Weak
