,a,b,c,e,h,i,p,r,pred,Class
AEQASQDVKNW,1.0,1.0,0.9999999999999998,1.0000000000000002,1.0,1.0,1.0,0.9999999999999999,20.0,Weak
GSPGDLQTLAL,0.26252746889088685,0.14163158559915345,0.25234445430457497,0.21742360234500624,0.2113937414705941,0.26752109446056704,0.24816781682264843,0.24602162484304657,3.311238973214074,Weak
LPFPFLYKFLL,0.06330296998471385,0.0,0.0,0.0,0.0,0.11634087973939611,0.0,0.046460754435675544,0.0,Weak
AYISSEATTPV,0.0,0.08976884578010269,0.10749037768864977,0.15917887364286343,0.060980574615060346,0.0,0.03804201832660814,0.0,1.7460541985235694,Weak
QAISPRTLNAW,0.36196890250471203,0.3980794667435945,0.5138748695737585,0.4462912718620864,0.4164655446674832,0.37378560549551776,0.30499856780360934,0.34726076991975285,2.557418774151531,Weak
