,a,b,c,e,h,i,p,r,pred,Class
MEVVFPNEVGA,0.3267335574019614,0.4735707394977706,0.20349335722525685,0.04049156867705861,0.25149517535964794,0.35743547635545614,0.24824648315915265,0.2547004593331281,0.0,Weak
VELLSFLPSDF,0.0,0.0,0.0,0.0,0.0,0.0,0.0,0.0,14.156383909724333,Weak
IEGRDRTMAWT,0.5674840333945905,0.6217594463185212,0.9935791203920332,0.7639217744872773,0.8177844703336867,0.6676634252656228,0.49106599311883237,0.63394705505663,20.0,Weak
AYISSEATTPV,0.4714930126323904,0.5217513620280956,0.546637427308315,0.831059896892762,0.6638836909192056,0.34120181604511224,0.3936076428027926,0.5045229772139752,16.05969163752445,Weak
GSSDFQVHFLK,0.9999999999999996,1.0000000000000004,1.0000000000000004,1.0000000000000004,1.0,1.0,1.0,1.0,1.7447270042450975,Weak
