,a,b,c,e,h,i,p,r,pred,Class
RRARSLSAERY,0.0,0.0,1.0,0.5939501991062297,0.5648182818628911,0.0,0.2648306967025533,0.0,1.20514726020277,Weak
KRQEILDLWVY,0.6165964337950518,0.39625345181718075,0.0,0.0,0.0,0.4645112143097805,0.0,0.4043611206231752,0.0,Weak
QPGGSLRLSCA,1.0,1.0,0.5722980431088978,1.0,1.0,1.0,1.0,1.0,20.0,Weak
