,a,b,c,e,h,i,p,r,pred,Class
KGFTDADNTW,0.0,0.0,0.0,0.0,0.0,0.0,0.0,0.0,20.0,Weak
SGGPKYEYRW,1.0000000000000018,1.0000000000000018,1.0000000000000009,1.0,1.0000000000000009,1.0,1.0,1.0,20.0,Weak
