,a,b,c,e,h,i,p,r,pred,Class
FLKEQGGL,1.0000000000000002,1.0,1.0,0.878101009598677,1.0000000000000002,0.9692787216866467,0.9430793162320701,0.9780490701699578,11.677000937478946,Weak
AFPTSCHM,0.5587781491933503,0.71609812693197,0.4337956003604404,0.6662439530941868,0.6171211257608675,0.516254469452432,0.6399723575387128,0.5991942684238725,16.20254226585804,Weak
RYPLTFGW,0.7117654621061875,0.7367453488722915,0.9688987589973599,0.6614386943952559,0.7437482524250967,0.7050446698461745,0.7604947894586742,0.7142347781531093,16.713790927097946,Weak
YHSNVKEL,0.7873989105570629,0.8453420609691098,0.7275246034869958,0.7604791819485914,0.824150678596778,0.7595980520398233,0.7438110369439717,0.7716107778487467,10.487852303208891,Weak
RRDYRRGL,0.34693709864557065,0.39999241154651766,0.8921978075117396,0.4061185125455351,0.610567182156454,0.42144369302509,0.4140997749292803,0.4054162877377254,0.0,Weak
TAFTIPST,0.7268379127619371,0.7912613015386274,0.7619247682121957,0.9151926454942814,0.8573879401200186,0.6248727269925676,0.6717987640380161,0.7346934047219604,14.039458387212804,Weak
RGYVFQGL,0.6880193820304465,0.7013744700653795,0.7561071296165824,0.560543358631024,0.7390177015894872,0.6737636190243683,0.6102331062071726,0.6857449310099348,5.502156533776919,Weak
FLKEKGGL,0.9313643102075786,0.9412687985649595,0.9678999044822625,0.8510159630617018,0.9530149699954837,0.9430625888262669,0.9667717189390845,0.9870667863630942,11.85071102024054,Weak
RFPLTFGW,0.6861360181116831,0.7591054584751595,0.8861157662503643,0.603087644390135,0.7144809433678192,0.6760980509563927,0.7213603289732304,0.6628048228783088,14.624165752362405,Weak
RYPLTLGW,0.7328612152359528,0.6871897762503347,0.997299817023996,0.6436130880173727,0.7511254382380146,0.7124587062441479,0.7248151548902777,0.7350155705346806,15.877654089647931,Weak
FPTSCHMF,0.36779720048108877,0.3824381701038706,0.15781537362410525,0.2578884332186564,0.25694056094465867,0.2557298434346391,0.2466335740767862,0.30590777960931814,20.0,Weak
PLRPMTYR,0.0,0.0,0.0,0.0,0.0,0.0,0.0,0.0,15.608270986490389,Weak
FLKEMGGL,0.9420205494391107,0.9611457467632505,0.8817613117284031,1.0,0.9939996343535589,1.0000000000000002,0.9999999999999998,1.0,11.292494566777778,Weak
FLKENGGL,0.9284531742875588,0.9268331372220957,0.9153539693937671,0.8036027747534615,0.9356147699653714,0.9483916231067357,0.9723093643293741,0.9503262264189138,12.115551647947274,Weak
