,a,b,c,e,h,i,p,r,pred,Class
YPFHIFYPV,0.18069736103091838,0.22178835502320426,0.0,0.3781072537898993,0.26354883340709634,0.1647774531664623,0.3152901042635068,0.2614951555769538,7.694095233161296,Weak
SRSKPAAMY,0.8073427997332052,0.7188243315464673,0.4310885660326411,1.0,0.8509242356334588,0.8046040141118656,0.8585314468824339,0.9428321108208249,7.0556358103217125,Weak
RRVSGCVSV,1.0,0.9999999999999996,1.0,0.8988701680600952,1.0000000000000002,1.0000000000000002,1.0,0.9999999999999998,20.0,Weak
YEHYFVFAA,0.24896918944111412,0.28820465301878917,0.0737986982428196,0.304273623827628,0.18433390503512403,0.21692938378805704,0.4720688890238893,0.3335604297273054,14.826119054684158,Weak
KRMMIRYCL,0.3251354984181196,0.33297158799533255,0.2991494374616508,0.4879303796931218,0.38800477322651594,0.40170998235755984,0.40453347741591417,0.4744612518854885,7.3639500934769195,Weak
RRFWVGYQQ,0.0,0.0,0.04948368779862378,0.0,0.0,0.0,0.0,0.0,14.799079928964568,Weak
RRMMMRITE,0.03602033636935609,0.17627555763676783,0.23854283471015858,0.43428931505387736,0.3198840721011711,0.2225851072472833,0.3670058099398572,0.2859148862101668,0.0,Weak
WRLYSPPPV,0.7090170883061258,0.5111625214691968,0.6004348807790376,0.8151714790064304,0.6900548216168774,0.6744145122772494,0.8408323162256748,0.7911918448023247,16.88723743641924,Weak
RRNRKALWL,0.28126343153105093,0.2617658644927281,0.47604213375147353,0.41617901212864794,0.4102542809797345,0.4043451272609542,0.48410098114837696,0.4546963880457009,11.467976572366089,Weak
