,a,b,c,e,h,i,p,r,pred,Class
TLVGLAIGLVLL,0.9009146532941222,0.8299055219878766,0.707382678460075,0.7781986670019208,0.7865019275197701,0.8872802727129145,0.8249477836976462,0.8845936909706622,18.810279044604442,Weak
LYDSQGLPEELP,0.0,0.0,0.0,0.0,0.0,0.0,0.0,0.0,0.0,Weak
IPQSLDSYWTSL,0.705337145122651,0.6708192886443543,0.5438911977927414,0.6704597453424979,0.6670255101583219,0.6406379169921039,0.5481408779208845,0.6541108365599233,10.039788624227622,Weak
DILSGIFSNPHP,0.08566058510032348,0.1314620573567653,0.07879255747196501,0.10041721913257806,0.11910275761682887,0.05278033512834224,0.05631787982685599,0.053444231410140874,1.526887750796886,Weak
DPHGPVQLSYYD,0.5566620576183502,0.47301842523619486,0.42220481931908016,0.4731916730047325,0.5040675230724673,0.5274472030356714,0.5021482185719695,0.5277218625694278,4.354614977231804,Weak
SDILSGIFSNPH,0.9999999999999999,0.9999999999999998,0.9999999999999998,1.0,1.0,1.0,1.0,1.0000000000000002,20.0,Weak
