,a,b,c,e,h,i,p,r,pred,Class
VPVWKEATTTL,0.9999999999999998,1.0,0.9999999999999996,1.0,0.9999999999999998,1.0,0.9999999999999996,1.0,20.0,Weak
LPFPFLYKFLL,0.0,0.0,0.0,0.0,0.0,0.0,0.0,0.0,20.0,Weak
