,a,b,c,e,h,i,p,r,pred,Class
KAAFDLSFF,0.9457127156532175,1.0,0.333034347796902,1.0,1.0,0.9999999999999996,1.0,0.9999999999999996,9.797964737964206,Weak
QATQEVKNW,0.3153180778963516,0.10106026506115384,0.0,0.0,0.0,0.33801180852213264,0.10099543195750105,0.1956352467619462,16.001883897352773,Weak
IATESIVIW,0.0,0.0,0.039013381577188255,0.37765018311055165,0.37608966537061495,0.0,0.0,0.0,0.0,Weak
QASQDVKNW,0.9999999999999996,0.859104281041307,1.0,0.5321178042738817,0.7112963592509098,0.9200642152068732,0.5568903988870204,0.7786770397929472,20.0,Weak
