,a,b,c,e,h,i,p,r,pred,Class
AINSEMFLL,1.0000000000000009,1.0,1.0,1.0,1.0,1.0,1.0,1.0000000000000004,20.0,Weak
YVFPVIFSR,0.0,0.4416735571101631,0.0,0.00021735114744902972,0.20938238369815743,0.0,0.0,0.0,0.0,Weak
PLALEGSLQ,0.3245241279117774,0.0,0.1129880210644707,0.0,0.0,0.2213445897845725,0.3574437282885654,0.38453191860417757,2.683540166592679,Weak
MTYLDGHPV,0.39470259026298926,0.10829222293449181,0.2726399398249537,0.22052119343075205,0.19939415190839682,0.3890041291824762,0.5008722296702368,0.4719931997490723,8.440411224421108,Weak
