,a,b,c,e,h,i,p,r,pred,Class
AFPTSCHM,0.7909887206595958,0.9172395325665925,0.4395573480808126,0.7484655053498699,0.7348696210448116,0.7889485380628869,0.905865928058385,0.8415820010655675,0.3113025319148022,Weak
TAFTIPSI,0.9359267068721031,0.9449716530474959,0.7127652092429628,0.9498409724577574,0.9868748805863345,0.8425644235682408,0.8323737269536802,0.9322582269306441,7.747309159762602,Weak
RYPLTLGW,1.0000000000000002,0.8854092030513585,1.0000000000000002,0.7255995760063123,0.8827411206668414,1.0000000000000002,1.0000000000000002,1.0,3.0736796313696075,Weak
RGYVFQGL,0.9461610532298519,0.9010276478107277,0.760117732295811,0.6416670106231717,0.8693804374011316,0.9583767666740652,0.8728698822923227,0.9425321654377741,11.357566967579231,Weak
RFPLTFGW,0.9438998091521082,0.9645939302514215,0.8894200213165477,0.684653199124496,0.8423045383719867,0.9608878504309846,0.9961668304019551,0.9157754934793001,0.0,Weak
RRDYRRGL,0.536643654259106,0.5691826962158513,0.8954690183476421,0.48563817091707184,0.7276374547711468,0.6869632124675722,0.6552576666064469,0.615565025371946,1.729101039024338,Weak
RMYSPTSI,0.0,0.0,0.0,0.0,0.0,0.0,0.0,0.0,20.0,Weak
AQFSPQYL,0.5869929139372168,0.5231634126876867,0.2411846870444314,0.3803982477958372,0.3662765721365342,0.48341936264156904,0.4716011921496859,0.5313146334643435,18.72028577097456,Weak
TAFTIPST,0.992768175649893,1.0,0.7659037631825678,1.0,0.9999999999999998,0.9057861885731706,0.9411776967950296,0.99962423520771,3.4181680214682655,Weak
