,a,b,c,e,h,i,p,r,pred,Class
MERFSWHVA,0.9402378659976267,0.9999999999999998,1.0,1.0,1.0000000000000002,0.9999999999999998,1.0000000000000002,0.9999999999999998,15.770559018062865,Weak
AQIGIFAPV,0.0,0.24915578908405212,0.0,0.0,0.0,0.0,0.0,0.0,15.598984006391902,Weak
QEMPYPFVI,0.673977963237439,0.7293829642318788,0.5626459534438055,0.6308190445871,0.5315749526550604,0.6848296539921059,0.6419270144401097,0.6526085532159416,10.99178126491908,Weak
FEYGGFPPA,0.5881360638251123,0.4642505731411626,0.45573730160528614,0.4842412583543787,0.4777411111568124,0.7044486988979399,0.8635003093615061,0.6848832372560592,14.089238651374671,Weak
GMMRWCMPV,0.338122081107751,0.46283540208368534,0.1791720753471,0.19698999706880915,0.24341714626817823,0.4367081682981522,0.4050516628315919,0.3877591465264245,16.785592674152305,Weak
YQLEMYHPI,0.0960319711503248,0.0,0.3443394180313808,0.22703140256508325,0.08540334513485259,0.2696138169186151,0.33956879433236753,0.24604565975360382,0.0,Weak
YPFHIFYPV,0.2785547063829108,0.253961513080206,0.23973397385058126,0.204201502866161,0.15259642213932678,0.3303869710678642,0.3312365497931655,0.28160166607917914,10.682209760721815,Weak
YEHYFVFAA,0.6742249912441558,0.6705517920826447,0.5007882376172246,0.5415101261964983,0.547077585937173,0.730512563989806,0.7693655983526637,0.7092717965885076,17.379262124541643,Weak
AQRAAGPSV,0.28096639220590003,0.40587803855172777,0.12496690049430814,0.3140745687170119,0.3062320248306498,0.3235493699290417,0.31067696719904236,0.3252740216778207,20.0,Weak
KQLELFWVI,1.0,0.9577801069697334,0.967008937675816,0.987809352245661,0.9289089412768068,0.9791195705837377,0.7836108048690156,0.9422991905117615,17.22236848812785,Weak
WPILGFFPM,0.30825333221471607,0.31324477972622566,0.1650715240663354,0.24278606772021316,0.1888974315436298,0.3819364404044312,0.35106592045576046,0.30943550492136107,10.923957835706304,Weak
