,a,b,c,e,h,i,p,r,pred,Class
LERTSKASLER,0.4370640690624814,0.34450211204665937,0.7223890880236121,0.7083235569671937,0.6499015602721419,0.4876796213931356,0.5630318271357733,0.5706704666737239,14.669646609755198,Weak
LPFPFLYKFLL,0.6427794451370468,0.4985323767544836,0.03989211194775599,0.7705770896313715,0.5479775145177181,0.711871009661079,0.6247006597227478,0.682430880468385,17.151708256117985,Weak
LTINKEEALQR,0.0,0.0,0.0,0.0,0.0,0.0,0.0,0.0,8.512815658382273,Weak
MVRVLTVIKEY,0.5824850047493157,0.7088081415655223,0.443395976237027,0.615613350687926,0.6183478165890506,0.5834128941575831,0.4035459394940619,0.5163675527817877,5.147528353542868,Weak
AVINTTCNYGQ,0.8696990406439431,1.0,0.8416463998953647,0.8208066181264937,0.8674571233688808,0.8711521006196334,0.6154920459189515,0.8136362419257863,3.77281399669029,Weak
STLPETTVVRR,0.5231222821317036,0.5337876386483602,0.8388677109782474,0.7243547392529961,0.7100958471125121,0.5561880142046012,0.45538358412600344,0.5144546143351252,9.173606248302223,Weak
KSLFNTIAVLY,0.5017760511860305,0.49286509526873434,0.2680496989464016,0.7032543567603882,0.5217946092150676,0.45312723230135177,0.41393569703351885,0.5080854047681105,11.064608290959336,Weak
RLRDLLLIVTR,0.4916802454631286,0.35453733629303175,1.0,0.7219592208215597,0.705856877375949,0.5757903469621883,0.42207240732852247,0.5113518028626411,12.008766139151788,Weak
STHEANTMAMM,0.6428286286806721,0.7529767309031588,0.11315681202957784,0.9639611242285926,0.6599954105470771,0.7322841356571934,0.6627452337139732,0.7517919220005598,20.0,Weak
RSLYNTVAVLY,0.669458891248214,0.5551232811809319,0.8122565348429704,0.8579940625555706,0.7300868100585176,0.69227840813334,0.5850408353460899,0.6916332555285796,13.074727596399972,Weak
VTVYYGVPVWK,0.790830984142652,0.769887737612728,0.5835677979498577,0.5614626760980825,0.6117946975996813,0.6877827938168415,0.5268315360879803,0.6214611841579543,0.0,Weak
GSSDFQVHFLK,1.0,0.9804845176860733,0.8709191184610994,0.9999999999999996,0.9999999999999996,0.9999999999999996,0.9999999999999996,1.0000000000000004,8.50584712353445,Weak
