,a,b,c,e,h,i,p,r,pred,Class
GDYKLVEI,0.0,0.0,0.0,0.0,0.0,0.0,0.0,0.0,20.0,Weak
FPTSCHMF,1.0000000000000004,1.0,1.0,1.0000000000000004,1.0,1.0,1.0,1.0000000000000004,0.37484185430970557,Weak
YHSNVKEL,0.7779209675671717,0.5686514645255283,0.5879650625176653,0.45125561106367806,0.6365811421124485,0.841643034998766,0.6033706940238286,0.7353332008198454,0.0,Weak
