,a,b,c,e,h,i,p,r,pred,Class
DILSGIFSNPHP,0.0,0.0,0.0,0.0,0.0,0.0,0.0,0.0,0.0,Weak
TLVGLAIGLVLL,1.0000000000000002,0.9820062910866849,1.0,0.9772110660586373,0.9952235763562995,1.0000000000000002,1.0,1.0000000000000002,20.0,Weak
SLVWAPLILAYF,0.9871105603015458,0.9999999999999998,0.9084025664563713,1.0,0.9999999999999998,0.9550012930303426,0.8865365340761127,0.9566232058881072,13.636321443108736,Weak
IPQSLDSYWTSL,0.7601023830463374,0.7583322360203464,0.7399076517296619,0.8218753500667351,0.8170607126026772,0.7044429308949893,0.6398697157334463,0.7226938527607192,8.99412881597116,Weak
