,a,b,c,e,h,i,p,r,pred,Class
DEQSIAEA,0.8002314847170044,0.8594559148702929,0.7862353804306359,0.8048318521096576,0.883206017677032,0.709662946254479,0.7532596481134184,0.7782646861779359,14.472706395869158,Weak
WTLVVLLI,0.9612362293871968,0.8636406792048179,0.5912215132782381,0.6912503683036095,0.7239558617827473,0.8225612759686549,0.605162570998167,0.7576929506259291,15.383224009425362,Weak
IEAQQHLL,0.14634735242173003,0.0,0.0,0.0,0.0,0.07935160973847655,0.0,0.04483512600216466,10.149363245764098,Weak
IEAEVIPA,0.0,0.2878122281164699,0.10056300520801864,0.07439475642450111,0.20137060860345346,0.0,0.10654792085081821,0.0,0.0,Weak
RSWAHNSL,0.818318877186401,0.8369168748466458,0.8778244496798502,0.8526114728212564,0.8340277838152546,0.8248220523703771,0.8648145912400835,0.818941638983044,20.0,Weak
RNWAHSSL,1.0000000000000004,1.0,1.0,1.0,0.9999999999999998,1.0,1.0,1.0,19.907471119449923,Weak
DERRNKYL,0.2606237688002433,0.2062244498237229,0.515200977318762,0.32637995535213715,0.4615025906587247,0.46478566238798713,0.4601777070780475,0.39846346692927614,5.77353831698897,Weak
YPDPVIKV,0.2141655210412572,0.24819190726341311,0.09422088430981912,0.14909240767896614,0.22459993184312377,0.16114861397884317,0.15435342510682526,0.10656105099459667,9.27269627749288,Weak
