,a,b,c,e,h,i,p,r,pred,Class
QTYKWETFLT,0.46466580690846415,0.46118982424709953,0.7562831158871446,0.37642443969217854,0.3954034668999358,0.4329199481240238,0.42426940699578397,0.4760561021306149,17.347163856547358,Weak
WLSLKTLLSL,0.7690984987380451,0.5720999923704455,0.7899654175258259,0.5473572027536078,0.585567995649553,0.7163363334892252,0.7154603607799817,0.7244383582450862,17.582147805597053,Weak
LLGLWGTAAL,0.6867034761667483,0.5588547097425636,0.7855379046642299,0.3989969200137311,0.5189808857719231,0.6934690183964429,0.6650311450178497,0.6456962893094977,17.89879441910492,Weak
LLGLWGLATA,0.022184441761961438,0.16774681371925704,0.16272296789078977,0.0,0.0,0.0,0.08389343318107256,0.0,15.975502023660622,Weak
NIALWMTEYL,0.0,0.23795024965596356,0.27374184597258777,0.025517516981726773,0.10296333017944237,0.0376808353928304,0.0,0.0105557661389577,20.0,Weak
PLFDFSWLSL,0.9387695583530018,0.7902494299027656,0.948745505277095,0.6603159320281085,0.7974781688022949,0.9640080346915281,1.0,0.9076212807825654,18.587605290118447,Weak
FTARGRFATV,0.4681030764743985,0.5970778336964431,0.7065463729661392,0.49428043119353426,0.5961153582596019,0.5335874303349937,0.7301088345253111,0.4918266893328247,10.160348352119215,Weak
QLCTELQTTI,0.39539391066907736,0.39620651036441945,0.5677128511827156,0.16811722350040648,0.2154482072944146,0.28206854392795666,0.1710439775208843,0.2498370898172495,16.39578458746548,Weak
LLGLWVFAAL,0.6865948602822391,0.6193026775967088,0.6104938047237938,0.3143012734108599,0.43488075407751414,0.6412311417172134,0.5659746406093311,0.5300215834801953,17.49220660095813,Weak
GLLPSLLLLL,0.050600896222106506,0.0,0.0,0.06391658751061802,0.015826674228681226,0.055498520912060645,0.21945425917188954,0.09972612102887402,16.00639545240506,Weak
SMAGSSAMIL,1.0,1.0,0.8910119949873274,0.9999999999999998,0.9999999999999998,1.0,0.9841093367510538,1.0000000000000004,18.572838420022688,Weak
YLNRHLHTWI,0.5891702910165133,0.540616543322209,1.0000000000000004,0.39543052446552296,0.568252446783237,0.6606527939231808,0.7187723088374005,0.5609606174380688,0.0,Weak
