,a,b,c,e,h,i,p,r,pred,Class
SLVWAPLILAYF,1.0,1.0,1.0,1.0000000000000004,0.9999999999999996,1.0,1.0,1.0,20.0,Weak
LVGKLNWASQIY,0.0,0.0,0.0,0.0,0.0,0.0,0.0,0.0,20.0,Weak
