,a,b,c,e,h,i,p,r,pred,Class
RQFPTAFEF,0.1404925676214226,0.3799403814316029,0.4070240317657867,0.19683206548788834,0.2573272362270407,0.21521664346231573,0.14245949122092672,0.14918050407020478,12.210573626385175,Weak
SGKLKVPEW,1.0,1.0,1.0,1.0000000000000002,1.0,1.0000000000000002,1.0,1.0,0.2751283675858098,Weak
YGFSDPLTF,0.0,0.0,0.0,0.0,0.0,0.0,0.0,0.0,20.0,Weak
RGVEKPPHL,0.4293041207591948,0.4431298536648911,0.7075497081222033,0.3620160622158999,0.4568225915207935,0.5252211831024853,0.40963572169659823,0.4909836995157346,9.24931067800377,Weak
IGVSHPLSI,0.47478992927350516,0.4833158385552596,0.6300266690372482,0.5961776677758748,0.5784392653927624,0.40655645516411565,0.33301718764774035,0.4023884892628966,0.0,Weak
