,a,b,c,e,h,i,p,r,pred,Class
KAFSPEVIPMF,0.3258472603546534,0.718723903883185,0.013206201514406324,0.400786662520475,0.4006435674626272,0.2566321729818193,0.4364135304483838,0.3585318949801497,0.0,Weak
RSLYNTVATLY,0.799320671734959,0.6969471790327093,1.0,0.9999999999999991,0.8406356689669097,0.7630170743740003,0.9343347692817003,0.8988616875061703,20.0,Weak
SELPQWLSANR,1.0,1.0,0.9546053001543315,0.9483178238305783,1.0000000000000004,0.9999999999999996,1.0,1.0,15.121162735448568,Weak
LLDAHIPQLVA,0.6542647409317217,0.5123207410604627,0.4450382159278021,0.43071274156629435,0.44985783938003054,0.3746031020251004,0.3387616420216544,0.4969837254982483,13.410224222421744,Weak
RPQVPLRPMTY,0.0,0.0,0.0,0.0,0.0,0.0,0.0,0.0,17.066106362882127,Weak
