,a,b,c,e,h,i,p,r,pred,Class
STLPETTVVRR,0.2872866704052761,0.39966214955740753,0.9999999999999991,0.077489456996787,0.6811572409164164,0.2509093159304481,0.0,0.0,0.0,Weak
LPFPFLYKFLL,0.6867361444757556,0.3252233163054328,0.0,0.3009130802879909,0.0,0.8210922130754295,0.5386127177808646,0.46017738673063846,13.427012709301808,Weak
KTKPPLPSVKK,1.0,1.0,0.8029016106381635,1.0,1.0,1.0,1.0,1.0,15.920238203939597,Weak
LERTSKASLER,0.0,0.0,0.8542150434932241,0.0,0.4282446079842721,0.0,0.3424386614727357,0.15400547123418562,20.0,Weak
