,a,b,c,e,h,i,p,r,pred,Class
AEQASQEVKNW,0.037986759064419395,0.0,0.18547488080778152,0.0,0.0,0.0,0.0,0.0,6.179451909365193,Weak
AVINTTCNYGQ,1.0000000000000009,1.0,1.0,0.8123672136775761,1.0,0.995172199010022,0.85254572139847,0.9671817622342669,12.298128568929316,Weak
VMNSNTLLSAW,0.982606113088627,0.7597188112629709,0.7418654000275113,1.0,0.9413252738148765,1.0,1.0,1.0,11.386067702580656,Weak
LETLILLRAFT,0.7170469759346059,0.13999777541556302,0.8199610650263462,0.8673102367804457,0.8056378535511683,0.7705839552855842,0.8417006027280749,0.8605853293343149,16.278162797201986,Weak
KAFSPEVIPMF,0.0,0.11893247754244207,0.0,0.38613356882818195,0.26700703824032956,0.12407892270888254,0.2957048611008588,0.13485459555359558,0.0,Weak
LPFPFLYKFLL,0.6621920775888634,0.13912532120597998,0.17306744497666493,0.7443583229853825,0.5514748685921429,0.789915416331346,0.8682661158147447,0.7779209925948569,20.0,Weak
