,a,b,c,e,h,i,p,r,pred,Class
MVRVLTVIKEY,0.32701114874438986,0.9279985708778735,0.420269294014294,0.0,0.3274339099419006,0.4036587365878628,0.0,0.022730874120856726,20.0,Weak
RLRDLLLIVTR,0.0,0.0,1.0,0.23448994155881664,0.6241970595886386,0.3800421104247338,0.047993659908396324,0.008964834218462059,6.009522224619292,Weak
KSLFNTVATLY,1.0,1.0,0.7211413044061219,1.0,1.0,1.0,1.0,1.0,0.0,Weak
TQGYFPDWQNY,0.7640463311221097,0.28967133807344503,0.46156187417607253,0.1876310274915216,0.17438761165492522,0.6608593375973886,0.3265738701558334,0.35162910865508934,9.417863392831064,Weak
LPFPFLYKFLL,0.5441468404095211,0.37718939797748163,0.0,0.3416911069787929,0.08879219334142441,0.8016552610697243,0.5729113895120932,0.4785020812401335,14.957198851970482,Weak
KSLFNTIAVLY,0.03635757699154496,0.362344174941132,0.2376374466222808,0.19324619156591005,0.0,0.0,0.026915140777774127,0.0,0.3046341927630924,Weak
