,a,b,c,e,h,i,p,r,pred,Class
FSPEVIPMF,0.575701800206776,1.0,0.4655753321115341,0.7704629730642463,0.9908711780269748,1.0,0.879787142333055,0.5956594690661383,7.2269140645081515,Weak
LGIPHPAGL,0.225587207482441,0.0,0.18862722301358126,0.4906710148461517,0.5785230248811075,0.6578435109956882,0.6209019332387253,0.5992454484063803,11.816240152571549,Weak
KALGPAATL,0.43858452065088116,0.2973001203841701,0.0,1.0,0.9352137028586096,0.658046428883436,0.7583691272495487,0.8930575973626169,16.630413907181897,Weak
FSVPLDEGF,0.152353520282567,0.36755481228006737,0.5764509587266105,0.35702227579803925,0.5635264431822176,0.8093401793301709,0.8958307158770369,0.456018032937191,2.0317969678133982,Weak
ETKIGKAGY,0.11116136097251328,0.5181819234127367,1.0,0.6392082497485934,1.0,0.8988182316361311,1.0,1.0,2.0783101213343538,Weak
ILDLWVYHT,1.0,0.13547105267799786,0.6776300082981663,0.7028760937806711,0.8624423021562961,0.6934959059032835,0.42132129322765355,0.5119267237353906,20.0,Weak
QATQDVKNW,0.0,0.11771907273320714,0.6777131378752852,0.0,0.0,0.0,0.0,0.0,0.0,Weak
