,a,b,c,e,h,i,p,r,pred,Class
RLRLIHLLHQTI,0.2809535590407932,0.23195949267457938,0.024878623089979346,0.12401774241497887,0.15597021553736812,0.20125555855516297,0.07806709280014923,0.18118435675676992,12.19752216238919,Weak
ARRHRILDIYLE,0.0,0.0,0.0,0.0,0.0,0.0,0.0,0.0,9.928528542372698,Weak
SRQKSGGSGGGF,0.774965121443066,0.7387667623552414,0.5774031532230017,0.7439089214796402,0.7401000574868726,0.7521161044184217,0.8381815069291725,0.7685086685590814,0.0,Weak
RRKSSGGKGGSY,0.42409272912391605,0.43728707463777394,0.48465046411321744,0.44372551207963773,0.43635608459846154,0.43128828397790686,0.5368432567002093,0.4583323056186328,7.239983135000486,Weak
SARRHRILDIYL,0.3933576519341355,0.3973284101824346,0.2968657346704595,0.4729572370662789,0.45430975281826513,0.34437800758930415,0.32208111929898653,0.3759356122396649,18.312450602867557,Weak
KRLRLIHLLHQT,0.9999999999999998,0.9999999999999998,1.0000000000000004,0.9999999999999998,1.0,0.9999999999999998,1.0,0.9999999999999998,20.0,Weak
RRFKEGGRGGKY,0.1402251862450683,0.2390000418223288,0.30387284508036716,0.06374014927569616,0.15012798165146646,0.24767665536022432,0.33979566901421165,0.2322484983979185,0.711397777764343,Weak
