,a,b,c,e,h,i,p,r,pred,Class
FESVAWSA,0.7186573067090021,0.7943054106538177,0.35781474399959023,0.6209998295829222,0.5968778426563905,0.5459077164384087,0.5044230879873726,0.567076614087259,10.87046669086389,Weak
RFPLTFGW,1.0,0.9999999999999996,1.0,1.0,1.0,0.9999999999999996,1.0,1.0,8.839960731176939,Weak
DERGESII,0.0,0.0,0.3099065154674454,0.12259516752149047,0.2165984099917706,0.0,0.07158704674067984,0.0,14.246735792674913,Weak
YERMCNIL,0.20397704231144154,0.10418058017414777,0.0,0.04797997776524232,0.0,0.20602419025939822,0.0,0.14997746885587304,4.791756463519732,Weak
RGYVFQGL,0.28552053804436284,0.12926511980220923,0.02235653209692856,0.14128134098373835,0.1288990706083255,0.2693547870035582,0.13491520198352358,0.18139384518538115,0.0,Weak
EELKNCNI,0.20510303218707593,0.3064757061043788,0.12418504136109565,0.0,0.04230205686560007,0.22801647388468105,0.16287374252189268,0.21587407532757164,20.0,Weak
KAIGTVLV,0.45906305576211137,0.5481570655133603,0.17181598526278297,0.3963071145532422,0.3586059677964242,0.30476569892466276,0.25127395138239805,0.33478944525100296,13.087202654754767,Weak
