,a,b,c,e,h,i,p,r,pred,Class
AVGKEFNKLEK,0.16316407413456835,0.2203651346114266,0.20401868760570308,0.11085640694438847,0.12758351916259525,0.18320430158531142,0.23057802642637992,0.2033177100268767,7.757504813456442,Weak
HTLWKAGILYK,1.0,0.9999999999999998,1.0,1.0,0.9999999999999999,1.0,1.0,1.0,12.957288990875629,Weak
KTRPILSPLTK,0.16534570831051487,0.15326740504960767,0.18492404837536336,0.23142275758610986,0.2063069817702058,0.13853910085482835,0.17391009190624152,0.17790849878951065,20.0,Weak
TMVMELVRMIK,0.26675826199466446,0.2001320545098877,0.11983551152947358,0.22345930796836622,0.21003712522187235,0.24078211874083089,0.17848404267453732,0.23093227848822118,16.545866228166457,Weak
ITNKVNSVIEK,0.5323891968755103,0.6728703363656958,0.6240842673745481,0.5152827194910277,0.5823460898480447,0.5211126658919111,0.5240371606884677,0.4932350404825222,10.31891831421329,Weak
GVTAACSHAGK,0.5393340443180474,0.5860101204316372,0.48592378271210857,0.4856288121330634,0.5342830974049176,0.52682209204227,0.5569525448114303,0.5263864196881559,10.987214876380426,Weak
RLRDLLLIVTR,0.21572147333967462,0.08798791129027195,0.29869400300471205,0.16408721612428878,0.22283427041804382,0.20056338028169007,0.13245335730226215,0.16949067304344279,0.0,Weak
STDTVDTVLEK,0.9636506182684643,0.9814921900178202,0.9708762387904288,0.9379424814454211,0.9745025603167267,0.9311998427902023,0.92828677877699,0.9282896759875446,15.124218710046547,Weak
VTVYYGVPVWK,0.45227941058726695,0.43374833022102455,0.2647905306864822,0.33234066570618026,0.3573828262096833,0.3877391266047089,0.3816811349901701,0.3645071338840199,14.012053862349429,Weak
STLPETTVVRR,0.6345368190800116,0.6062090410496097,0.6747116053856725,0.6657607262137495,0.6795292181100495,0.6073956367505003,0.6123562206463233,0.6080244342421824,12.913691765284026,Weak
ILWILDRLFFK,0.514320961558786,0.558577172471088,0.5142316948884997,0.47744090473515,0.5343869701216223,0.4806423917573276,0.4901099824864774,0.4717921195525253,12.485720381290331,Weak
CIYRRFKYFLK,0.0,0.0,0.0,0.0,0.0,0.0,0.0,0.0,10.263988437069678,Weak
GTHPSSSAGLK,0.5590722610274692,0.5798490179652938,0.4714915410235898,0.5814526938262714,0.5730893614067015,0.5429888157426638,0.6723526507470174,0.5664702012526032,11.165984405009134,Weak
