,a,b,c,e,h,i,p,r,pred,Class
RRFKEGGRGGKY,0.0,0.0,0.0,0.0,0.0,0.0,0.0,0.0,0.0,Weak
SRQKSGGGSGGF,1.0000000000000004,1.0,1.0,1.0,1.0,1.0,1.0000000000000009,1.0,20.0,Weak
RRKSSGGKGGSY,0.46517416791737,0.4152888883145156,0.628393176442744,0.5539491795819877,0.47646780934796507,0.36251233998478716,0.3422635472879083,0.41118080174529537,9.13807477655643,Weak
