,a,b,c,e,h,i,p,r,pred,Class
HRCQAIRK,0.5603958566429164,1.0,1.0,1.0,1.0,0.38580208552547113,0.0,0.38768075442814887,20.0,Weak
FLKEEGGL,0.9353003421324715,0.4612657813650394,0.5892086797245035,0.047640896497856744,0.36550428702893356,0.9673068530259616,1.0,0.9935578999054089,0.0,Weak
FLKENGGL,1.0,0.6105872323990553,0.38194652832625664,0.08462487726684031,0.31983910548485284,0.9884477622902086,0.9115974098142541,0.9571691614496478,2.1439794164421486,Weak
FLKEMGGL,0.9687440777631444,0.5103540237982767,0.0,0.5505748173158516,0.3048644311269708,1.0,0.882125190321613,1.0000000000000009,5.955020579151602,Weak
FTNRSGSQ,0.0,0.0,0.27587917139791074,0.0,0.0,0.0,0.2562957206173593,0.0,6.692256954303038,Weak
