,a,b,c,e,h,i,p,r,pred,Class
FIYAGSLSAL,0.0,0.03979495558955648,0.0,1.0,0.36650752020264576,0.0,0.0,0.0,0.0,Weak
FLTSELPQWL,0.3346123570213937,0.0,0.439556647522088,0.0,0.0,0.17857883074969472,0.05451366916953404,0.11103689707196374,5.091127281758009,Weak
RLWVYCGNGT,1.0,1.0,1.0000000000000009,0.6621951328969189,1.0,1.0,1.0,1.0,20.0,Weak
