,a,b,c,e,h,i,p,r,pred,Class
AMAGSIDLL,0.0,0.0,0.0,0.0,0.0,0.0,0.0,0.0,8.878327811047727,Weak
VMMSEIAGL,0.2715364859343663,0.35905055610890635,0.1970966584394569,0.08789513153694628,0.19291111804718586,0.2822055244371766,0.1717383464997324,0.1934137529800819,6.865941079107615,Weak
VMADRTRHL,0.5992718696337964,0.5788697043883366,0.7694473383043263,0.5449327284409744,0.6000418679723163,0.6265173275091502,0.520516553669435,0.539018639477145,0.0,Weak
RLANLLPLI,0.5933066748446887,0.5347465099801081,0.7724252591579619,0.4768726616620853,0.5484323013955619,0.6191473667021405,0.5126803397446795,0.552521586034953,1.8041765057560302,Weak
KMNAKAATL,0.3201318206655559,0.4393856496168378,0.1926014055224079,0.33910624380843757,0.2665634684708982,0.347523968175516,0.31299341707129713,0.3882584938766471,20.0,Weak
RMPPLGHEL,0.17107547322480077,0.14230527895742195,0.38613467109693245,0.024944670521882095,0.11818147798020995,0.366130966750168,0.38355703949900644,0.2437471293798601,0.6336087874388434,Weak
VMTTVLATL,0.35847419277823356,0.30080769624134795,0.20335730468436086,0.20966907337358442,0.14978323178531605,0.2650474876941784,0.13212050711982526,0.23298763614294105,2.7563639415690324,Weak
ALPPRAFEL,1.0,1.0,0.9999999999999996,1.0,1.0,1.0,0.9999999999999996,1.0,8.357553456538145,Weak
