,a,b,c,e,h,i,p,r,pred,Class
MIWDPNGW,0.3843438777071544,0.5052191781738828,0.6558087226888476,0.3316265446497464,0.5050734541916462,0.35576419736929843,0.35751720271880094,0.3956942953164573,2.9485950912821433,Weak
LYLQMNSL,0.0,0.0,0.0,0.0,0.0,0.0,0.0,0.0,11.994167492968707,Weak
FLKEKGGL,0.862102240553789,0.9426815440531728,0.9999999999999998,0.7813575782633599,0.8911617566443173,1.0,1.0,1.0,15.220430134593848,Weak
MTYKAAVL,0.42965586988012605,0.4789750935414563,0.35052845780631103,0.4803965734146678,0.48045940005194954,0.3604084822475784,0.3625727699530521,0.49207534197971947,5.4928356333462265,Weak
FPTSCHMF,0.1803220830973944,0.2880795721524241,0.1704012509288646,0.22759193830466073,0.23379326997662297,0.11885504966826099,0.16201695746619071,0.1877273515140867,7.556094792668009,Weak
LVESGGGL,0.39317329696803194,0.4508437138133454,0.5153191127947305,0.34024938810976235,0.4872295916074407,0.41449355164486734,0.49774788031672657,0.44971539981875885,2.9028167907031506,Weak
QIIKLLPF,0.36594958000087097,0.4817512834757929,0.48366941973610245,0.3040983932768351,0.442379103812905,0.2828319180615675,0.2044714455889567,0.3311633999397414,3.213550560022832,Weak
VGNVYVKF,0.43965604857939655,0.6854086038059155,0.29545819423104125,0.22547519605913924,0.4226728291727617,0.4161016279534899,0.3539292271039174,0.35490480173377525,5.789919155767032,Weak
HHIWQNLL,1.0,0.9999999999999998,0.990926346051803,0.9999999999999998,1.0,0.9884894453402215,0.7860934762805698,0.9502095094732947,20.0,Weak
VIPMFSAL,0.396631127849276,0.6484956391943719,0.31470696064808457,0.28587323977916657,0.4467425054736125,0.29581937197984143,0.18315352813397823,0.3361899986854766,0.0,Weak
