,a,b,c,e,h,i,p,r,pred,Class
YHSNVKEL,1.0,1.0000000000000004,0.6464100051249622,0.8530569105623753,0.962050108733532,1.0,0.9674097161054274,1.0,6.941847519173932,Weak
RRDYRRGL,0.006945842927577939,0.1130459205807064,0.8622445015702018,0.35747478707545044,0.582278226857015,0.3588021666731338,0.3233469596705598,0.19587573656168278,0.0,Weak
RYPLTFGW,0.8294787235426506,0.7837198324267747,0.9627751940942995,0.7145463495129638,0.8190869060350097,0.8965575645242647,1.0,0.8740083896939472,15.39104492984389,Weak
TAFTIPSI,0.7567232564492832,0.7927599189901904,0.6214694328739045,1.0,1.0,0.6330922114355233,0.6351788174447242,0.7921052476555612,2.762967699061719,Weak
AQFSPQYL,0.10149214898073344,0.02980784068981146,0.0,0.21180719569683992,0.0,0.0,0.0,0.03725985933633291,3.978981845134089,Weak
GDYKLVEI,0.0,0.0,0.18207585488725053,0.0,0.10870676174855154,0.06223821078269154,0.1779413314663003,0.0,16.013196535169726,Weak
RFPLTFGW,0.7716952217408837,0.8282520117026304,0.8542728687791685,0.6329409689893764,0.7670468316688264,0.8416698813716788,0.923554177865106,0.7610736623268686,20.0,Weak
RYPLTLGW,0.8770406795977577,0.6850254305068657,1.0000000000000004,0.6896167999778111,0.8322042478981131,0.9106158309574948,0.9303028848687429,0.9196408058519001,6.973380534440735,Weak
