,a,b,c,e,h,i,p,r,pred,Class
TLVGLAIGLVLL,0.8916317670536498,0.8041599915664337,0.6823545837440195,0.7534397748429473,0.7576356671265829,0.8809993801148985,0.814500865746788,0.8780776443829976,15.705147253639776,Weak
DILSGIFSNPHP,0.0,0.0,0.0,0.0,0.0,0.0,0.0,0.0,8.380237323910881,Weak
SLVWAPLILAYF,0.8801391331589858,0.818894948907662,0.6198526551063361,0.7710102771162615,0.7612718238653766,0.8413555471686585,0.7220847745211507,0.8399894511883406,0.0,Weak
SDILSGIFSNPH,1.0,1.0,1.0,1.0,1.0,1.0,1.0000000000000002,1.0000000000000002,20.0,Weak
