,a,b,c,e,h,i,p,r,pred,Class
IPCRDVVL,0.0834699498744289,0.3906527131671149,0.5411957750282324,0.0,0.12903177848913217,0.09084216275841106,0.0,0.0,16.766142356029945,Weak
QPLQQYPL,0.5670731630159365,0.21802958641442416,0.390550146799582,0.28579293325425326,0.10486066369728242,0.4371501731424141,0.2846204168999389,0.41131280063279263,20.0,Weak
FLKEQGGL,0.5297889136603358,0.4713432286300927,0.5579468377766967,0.22456510696495302,0.2802248699394916,0.6878265853452614,0.8165237015901043,0.649489589129097,7.801818646131568,Weak
YPLGQGSF,0.0618238882179325,0.0,0.0,0.09920377803677338,0.0,0.18280289427512475,0.35581456585638094,0.15483567214782745,19.586631020605854,Weak
APAYSRAL,0.0,0.09661327393427932,0.10771900070374718,0.3778424598072063,0.2181405421838165,0.0,0.24135914206860498,0.18848618363577874,13.55965574692553,Weak
TPMMRHTI,1.0,1.0,0.8826947577465432,1.0000000000000004,0.9459143083857149,0.9882875309110144,0.9779044210859951,0.9999999999999996,0.0,Weak
PLRPMTYR,0.5686711652961627,0.5555570434422528,0.6480601920219526,0.7375285937141642,0.7080094875429102,0.8356134686267387,0.8805038510472967,0.7386463514479122,7.418594179516934,Weak
RYSIFFDY,0.9050524529786923,0.8527108420881158,1.0000000000000004,0.802037996568866,0.9999999999999996,1.0,0.9999999999999991,0.8673933568313985,1.1497131041302497,Weak
FPQPQLPY,0.8076538524599197,0.6939975593099019,0.659264308017224,0.5732306667709786,0.4883540563608735,0.7728926350995637,0.7953299624954857,0.6940003207635059,8.629921723929863,Weak
QPGGSLRL,0.15416672767636985,0.044298687139463944,0.39584418086360307,0.25028167441313043,0.18294712671977775,0.30471467098242133,0.506771564448325,0.285494422123298,14.922659946938463,Weak
KPTGSAVV,0.6447073314862308,0.8160054293803105,0.5925523862330189,0.6170249921822122,0.6489268714186731,0.5490087720163892,0.7865823607264364,0.6248161769859117,1.2009712834202808,Weak
YLKDQQLL,0.7995138023831565,0.37462488700440666,0.5882021921336125,0.3792795286726163,0.2999665009871162,0.6492426203988657,0.5264886504947173,0.670649504786295,13.360161746006423,Weak
FLKEKGGL,0.43911511889119037,0.4753438943531121,0.49881055557645526,0.2790637287384574,0.3335592999915109,0.68790976137252,0.9140634808370898,0.7089372178472568,4.789796296770719,Weak
