,a,b,c,e,h,i,p,r,pred,Class
YLQMNSLR,1.0,0.49415882333193295,1.0,1.0,1.0,1.0,1.0,1.0,20.0,Weak
CCFHCQVC,0.0039382765829607536,1.0,0.8193088979917587,0.0,0.0,0.0,0.0,0.0,0.0,Weak
VGNVYVKF,0.0,0.0,0.0,0.04808454361687042,0.2468093544180383,0.08503082981120347,0.5420064500369941,0.0349652859737386,3.0904214674096284,Weak
