,a,b,c,e,h,i,p,r,pred,Class
NRIDILDSAM,0.5321194968364898,0.4914212886292364,0.7270803721526926,0.6451925431697285,0.6800512594660684,0.5785347553392697,0.5744165281715383,0.5544596788538749,6.391119477684107,Weak
MKAPFSSLKV,1.0,1.0,0.7906546633766918,0.974354190993183,1.0,1.0,1.0,1.0,20.0,Weak
YHSNVKELVF,0.8397909714789399,0.8308643580820996,0.7502575225647643,0.808291896688984,0.8316381326545372,0.873651506123525,0.9380406469623406,0.8132162730222665,7.053962066796985,Weak
FEMKAPFSSL,0.2334333704100121,0.2596025498683898,0.0,0.2709206113046998,0.1795999170054552,0.24431900047127986,0.4339514017879451,0.29245719618573607,8.131109756107016,Weak
RGFAAPQFSL,0.5282555272733448,0.5035274045230549,0.6124201094091224,0.6095840904781318,0.5957710543010095,0.5835062397880695,0.6687576715438679,0.5900300367230387,0.0,Weak
SQGIRQVLFL,0.9913066681057611,0.841196304765427,1.0,1.0,0.990629923826271,0.9703074945968895,0.9803206569557137,0.9379612519188212,4.56746397118052,Weak
WRMLIDFREL,0.0,0.0,0.011991570814699148,0.0,0.0,0.0,0.0,0.0,14.353241218045858,Weak
NRVTQDFTEV,0.8370311074334243,0.7828951427033917,0.8864358374786865,0.7278788967527032,0.82082002426239,0.8586531774026449,0.8448018161870934,0.7665604553434708,3.516530848479913,Weak
