,a,b,c,e,h,i,p,r,pred,Class
AGVWSQDKW,0.0,0.0,0.0,0.0,0.0,0.0,0.0,0.0,20.0,Weak
SGYEGRVPL,1.0,1.0,1.0,1.0,1.0,0.9999999999999996,1.0000000000000004,1.0,0.0,Weak
