,a,b,c,e,h,i,p,r,pred,Class
TERQANFL,0.4171522867977382,0.4246614702091156,0.7742057827228859,0.5626794547250129,0.49872738510737813,0.5077984300031617,0.5920010439939802,0.5097396817071895,0.0,Weak
GEAVMRMG,0.0,0.1932305715588658,0.0,0.10788112970765429,0.22816047879056445,0.2234395693277791,0.5103336364653246,0.16427490839628467,1.1520779758419375,Weak
VGNVYVKF,0.6495210352611611,0.750726189817188,0.6133289200407361,0.20633926017287463,0.4401255219068081,0.6203601231801379,0.7002200902203319,0.4584512330809267,20.0,Weak
FESVAWSA,1.0,1.0,1.0,1.0000000000000004,1.0,0.9093790527319139,0.9815028224594102,0.943671443969099,2.5516629937735695,Weak
IEAQQHLL,0.11294359555082023,0.0,0.20652511577877508,0.0,0.0,0.0,0.0,0.0,9.110817175890443,Weak
YHSNVKEL,0.9587915993056537,0.7599767076993258,0.8808996101279742,0.7483387455455266,0.8120572307232834,1.0,1.0000000000000004,1.0,0.09607359243990471,Weak
