,a,b,c,e,h,i,p,r,pred,Class
VALFSSCPVAY,0.6065422854747282,0.6836305243486562,0.5932129763492453,0.5872817705354041,0.6274970668686985,0.5948458570629052,0.5331258882102152,0.5775255474588519,8.096244006418,Weak
LEYFQFVKKLL,0.0,0.0,0.0,0.0,0.0,0.0,0.0,0.0,1.095722943770701,Weak
TFVPIAWAAAY,0.9999999999999998,1.0000000000000002,1.0,1.0,1.0,1.0000000000000002,1.0,0.9999999999999998,20.0,Weak
MVRVLTVIKEY,0.330274841698607,0.4906390604541382,0.3283297766673168,0.3442378416437013,0.4256161807310985,0.34157690389838424,0.22608585169359863,0.31454039721036287,0.0,Weak
