,a,b,c,e,h,i,p,r,pred,Class
TVKSMILHEIL,0.658842169536701,1.0,0.783533988617128,1.0,0.8303378108094375,0.8524495458625214,1.0,0.8796076930348447,20.0,Weak
ISDSNPYLTQW,1.0,0.9262723843434433,1.0,0.9493921461877424,1.0,1.0,0.9202957435632921,1.0,0.0,Weak
RPQVPLRPMTY,0.0,0.0,0.0,0.0,0.0,0.0,0.0,0.0,1.392524674742449,Weak
