,a,b,c,e,h,i,p,r,pred,Class
RSLFNTIAVLY,0.0,0.47394822550758775,0.6123520036164596,0.08031000265814114,0.34794460351137246,0.0,0.0,0.0,0.0,Weak
KSLFNTIATLY,0.6616226749723566,0.9321690093057189,0.4615681266879328,0.9202508895018067,0.8914614245530643,0.7445121275888802,0.7864343244260432,0.8106547652324085,17.135667687927732,Weak
KSLYNTVAVLY,1.0,0.5938827651866916,0.1200457183868533,0.07974911049819333,0.10853857544693213,0.7911175102447636,0.36862777568686766,0.529624694854931,12.84880536714507,Weak
KSLYNTIATLY,0.8437887960763248,0.6829342486468466,0.581613845074787,1.0,1.0,0.9306836700789489,0.9758238614979291,1.0,19.19996281606167,Weak
RSLYNTVATLY,0.5282681759959686,0.0,0.8060341513087526,0.5480379748378876,0.6333701819313653,0.8367134471464972,1.0,0.7037949797812288,14.144117201203482,Weak
KSLYNTIAVLY,0.7488433705921622,0.7507652393411259,0.31401156707810074,0.3458851244083174,0.4658257862369304,0.5356296378336474,0.2669205871283413,0.5075874749206495,9.984473055073357,Weak
KSLFNTIAVLY,0.5666772494881904,1.0,0.19396584869124656,0.26613601391012587,0.35728721078999826,0.3494580953435751,0.07753105005645544,0.31824224015305447,7.92017792693635,Weak
RSLFNTIATLY,0.09494542548416263,0.40611723481330664,0.8799542816131458,0.7344248782498219,0.8821188172744385,0.39505403224530156,0.7089032743695878,0.4924125250793523,9.215489760991384,Weak
RSLYNTIATLY,0.2771115465881344,0.15688247415443435,1.0,0.8141739887480153,0.9906573927213707,0.5812255747353774,0.8982928114414737,0.6817577598469473,11.279784889128267,Weak
KSLFNTVATLY,0.9127793043801944,0.7752865351512845,0.26760227799668623,0.654114875591679,0.5341742137630625,1.0,0.8881415129845696,0.8326919851666901,20.0,Weak
KSLFNTVAVLY,0.8178338788960282,0.8431175258455657,0.0,0.0,0.0,0.6049459677546949,0.17923823861497823,0.340279460087336,10.784510239007972,Weak
