,a,b,c,e,h,i,p,r,pred,Class
FLKEEGGL,0.4944804801265068,0.1974422907893647,0.02295323166165275,0.0,0.0,0.7270615119865314,1.0,0.6592778389696541,0.0,Weak
RGPDAFRF,0.38727880497696177,1.0,0.7286313614773547,0.5033370452771013,0.9924882848815066,0.613990307969666,0.510111135213208,0.0,19.08345741097557,Weak
PLRPMTYR,1.0,0.838032302938668,0.0,0.8715763823527336,1.0,1.0000000000000009,0.762599599598218,1.0,20.0,Weak
RLEELRGF,0.0,0.0,1.0,0.16595984342981396,0.45113351498256726,0.7481267165298418,0.7796924357959405,0.07416818434627359,12.027066368647933,Weak
TAFTIPST,0.7960062851468361,0.7190030646958476,0.02572422322985446,1.0,0.9320111029079481,0.0,0.0,0.047637327284427045,9.622700261285345,Weak
