,a,b,c,e,h,i,p,r,pred,Class
PLRPMTYR,0.36976497622460425,0.4788243656329927,0.30806230228024134,1.0,0.8933632546448109,1.0,0.703215636059852,1.0,20.0,Weak
KPTGSAVV,0.4973633957484891,0.8274055369778166,0.24886169385474322,0.7758344785609053,0.769978177057447,0.0,0.32719792130268033,0.24666464213071748,3.1491800133684342,Weak
VIPMFSAL,1.0000000000000009,1.0,0.10560531922533123,0.7847858080649033,0.9047067743392843,0.8285051257064691,0.0,0.9461880299149641,18.320375376403742,Weak
FLKEMGGL,0.10900128167209022,0.29992892119548653,0.0,0.17861175821334996,0.024892256293790993,0.5700314641916524,0.6816099425571629,0.5641610267717176,19.99264392156286,Weak
KAFSPEVI,0.3428177067928626,0.9236721173546689,0.33960175832106554,0.7025406741505034,0.8547533885624121,0.06265894007702855,0.16837137426973925,0.05350536030066877,0.9386700087169308,Weak
RRDYRRGL,0.0,0.0,1.0,0.5693124757833345,1.0000000000000009,0.806417339682648,0.4600948725197327,0.0,0.0,Weak
FLKEEGGL,0.0939582432750159,0.27830138791754777,0.3136158971605534,0.0,0.06252051069341746,0.5194275123941168,1.0,0.5423819674388213,16.62651146055498,Weak
FLKEQGGL,0.3045155810373217,0.3661135492272418,0.21195392035524208,0.045765221748468754,0.0,0.484352890830678,0.4470690448321335,0.4099548580562704,16.98944689641593,Weak
