,a,b,c,e,h,i,p,r,pred,Class
HPVSLHGMDDPE,1.0,1.0,1.0,0.9999999999999998,1.0000000000000002,1.0,1.0,1.0000000000000002,0.0,Weak
LVGKLNWASQIY,0.0,0.0,0.0,0.0,0.0,0.0,0.0,0.0,20.0,Weak
IPQSLDSYWTSL,0.24895569356246572,0.20365719423089912,0.25875933839267784,0.3348542245730399,0.3022576067761076,0.1812121879150872,0.1884558210198506,0.239274718738544,15.106433036978334,Weak
