,a,b,c,e,h,i,p,r,pred,Class
QPGGSLRLSCA,1.0,1.0,1.0,1.0,1.0,1.0,1.0,1.0,0.0,Weak
YPALMPLYACI,0.39344601989787087,0.20296361840768284,0.0,0.5010405508288667,0.32361058772723705,0.38593517636524455,0.23632839448298348,0.4114422113404812,3.4295655224271697,Weak
VPVWKEATTTL,0.0,0.0,0.06432204044027134,0.0,0.0,0.0,0.0,0.0,20.0,Weak
RDYVDRFFKTL,0.3576219686012019,0.3295870011153488,0.8724217660943419,0.4412129725433429,0.6395705715535289,0.5479605292884093,0.41996097051228976,0.3791000936001012,14.44362400628955,Weak
