,a,b,c,e,h,i,p,r,pred,Class
RLRDLLLIVTR,0.18079773075144345,0.005579868085095363,1.0,0.6269615415999725,0.6033708166052465,0.43047872109037755,0.26830643518711117,0.302370438662785,3.22314863309171,Weak
ISDSNPYLTQW,0.22013465583038005,0.0,0.40449736399425795,0.5272434664985166,0.37964194269541096,0.12050456465276582,0.13195593945672268,0.16290936436835235,0.0,Weak
LPFPFLYKFLL,0.42430746286345045,0.23433969221609718,0.06057705569715477,0.692190587803541,0.3904827429127007,0.613173368654734,0.524846856870032,0.546615321920835,11.495543099159097,Weak
GSSDFQVHFLK,1.0,1.0,0.8737000879823187,1.0,1.0,1.0,1.0,1.0,13.168061012155539,Weak
ACQGVGGPGHK,0.0,0.2708677021654946,0.0,0.0,0.0,0.17587921734534895,0.23043896285361942,0.11002266342506584,20.0,Weak
QAISPRTLNAW,0.0055641531373407105,0.12770884150955197,0.417402235393328,0.3818687179065181,0.23882277434674037,0.0,0.0,0.0,0.7368000660608527,Weak
RSLYNTVATLY,0.37000818031476346,0.1887572449607866,0.8711380831190461,0.9462161188582892,0.6434636355958565,0.5236769154148426,0.5521674379488353,0.5957710768583837,4.624593277542214,Weak
