,a,b,c,e,h,i,p,r,pred,Class
FPRPWLHGL,1.0,1.0,1.0,1.0,1.0,1.0,1.0000000000000004,1.0,6.541475835540517,Weak
RPGGKKRYM,0.07161668637639496,0.0,0.045573588857397596,0.30472554482870384,0.21913940274625476,0.23854370892902566,0.2587843333388169,0.257031982698388,7.132357135598813,Weak
GPKRIVKCF,0.0,0.18050238910167593,0.07168136215961152,0.0,0.0,0.0,0.07866498771228514,0.0,0.0,Weak
RPGGKKQYM,0.23620782383206107,0.19887077327262048,0.0,0.3601951020128409,0.22463904602392049,0.320620083059485,0.31292046409387053,0.36565359792544605,7.447905274468848,Weak
RPQVPLRPM,0.1592740490425344,0.09050093502065071,0.04877054658655844,0.3004282882085798,0.18271304840318292,0.2097706976322815,0.0,0.12488159380503872,20.0,Weak
TPQDLNTML,0.9046250134977298,0.7787741686202754,0.6020380927192086,0.9251583620572297,0.7109230991101207,0.7793437602586009,0.6601024293207991,0.8537745417925819,16.701629893520938,Weak
