,a,b,c,e,h,i,p,r,pred,Class
NLPFDKTTIMA,0.6131761019521282,0.820999450177994,0.6333017090161182,1.0,1.0,0.7182034293975308,0.9590501061629793,0.8237878593881289,11.905151636924918,Weak
RSLYNTIATLY,0.028632372581652188,0.0,0.3571286775532201,0.48219129868467014,0.1108476705576491,0.03360445050095873,0.168531696135914,0.07103598180794712,0.0,Weak
KSLFNTVAVLY,0.6630479858981233,0.7922609364590727,0.614448679926193,0.8095541419467631,0.7742236002054028,0.6974103475132507,0.8722120127671937,0.7511631413187345,13.291568170077856,Weak
LLLLGVVFALV,1.0000000000000004,0.9810728783658922,0.6619852559860462,0.7895973533189773,0.9907829083453663,1.0,1.0000000000000009,1.0,20.0,Weak
RSLYNTVAVLY,0.47770363196671495,0.4820228777818869,0.7764375382944735,0.677745298804143,0.6268395853964908,0.5389932185706829,0.6178788283537298,0.5257766965650115,8.195409845910438,Weak
IVLGNPVFLAL,0.323716760424801,0.5170783973743989,0.0,0.29705638826996505,0.23811656444516416,0.31818854738029856,0.30598197301940466,0.21283641319870839,13.765164130001141,Weak
QLMWALGENMA,0.49295242979846643,0.5472408118591829,0.12052727838795896,0.5441623726240046,0.34991765884959847,0.6095696296918547,0.5466424710258728,0.5545495663742495,6.440345233299404,Weak
ILLRAFTEEGA,0.0843310769313681,0.4213928659871291,0.3767510835122625,0.41089054745954545,0.4246683098534296,0.2333055656670311,0.46351509233799515,0.2001701622147456,11.644356164942437,Weak
EVQLVESGGGL,0.24060803467289382,0.37001124397255847,0.14540609654905534,0.0,0.0,0.34200508996101675,0.45113785527752004,0.1612542303796376,15.181299155043728,Weak
RLRDLLLIVTR,0.27211748265896984,0.24847743452687343,1.0,0.513576733965909,0.5827970365516162,0.3977801163804866,0.32860766062236113,0.2646066381446719,5.343594982948516,Weak
RSLFNTIATLY,0.0,0.09294745851179886,0.24398076419863735,0.42836982943591906,0.058315147142039336,0.0,0.1658981173150833,0.0,1.9485530234017263,Weak
RTLFQQMRDVL,0.27410396898576517,0.3973460024211031,0.2852619184816163,0.2566144981518361,0.1108258530783166,0.2771016052874202,0.10728387044278165,0.08865708980185794,7.643030925635198,Weak
KRQEILDLWVY,0.13811375574688878,0.17103054174987875,0.31112411034571874,0.13814897006934945,0.0038674457225749137,0.1355476945318177,0.0,0.01786097156109001,7.2425421293209356,Weak
AVINTTCNYGQ,0.7092646333979071,1.0,0.8114346050355774,0.6328670212680079,0.8765364711893255,0.7558335433408931,0.6719301396929787,0.7025199311774895,19.07187872807176,Weak
