,a,b,c,e,h,i,p,r,pred,Class
YMYRVWSPL,0.3118188776630091,0.18528719100868996,0.14171024029312784,0.2306571260129875,0.23677950210731025,0.3622948065726579,0.14878288335914247,0.2415258120841166,10.49650271972183,Weak
YQVKYVSPV,0.5256802383068173,0.6277167231478225,0.266801568306986,0.15764503529455887,0.27796786585865485,0.3984709254849048,0.18880000165466893,0.2987636562160709,8.296228358666648,Weak
MAMGILHTI,0.0,0.0,0.0,0.07916662179358624,0.0,0.0,0.0,0.0,0.0,Weak
QEMPYPFVI,0.23854285720161128,0.29950916932979466,0.12108458505469377,0.0,0.04933748952405148,0.19468897918263073,0.05503821578623169,0.09465904248351986,9.34115245313232,Weak
YSFSRAYTL,1.0,0.9956813133642375,0.985871527974759,1.0,1.0,1.0,1.0,1.0,8.532324959924606,Weak
FQWWRSHPL,0.9150683714076524,1.0000000000000004,1.0000000000000004,0.6732711155053921,0.7733391834033112,0.9185150881681561,0.8209111148863446,0.7988763266515284,20.0,Weak
KELGVHMSL,0.2673811508047734,0.2559599138623523,0.11554762912517891,0.04752736592010587,0.10418289048086571,0.32849391415586426,0.2915954226986459,0.26340417347891343,8.354097717759991,Weak
YMKKRYEEF,0.2511148168106194,0.3088195003586711,0.38199875930489924,0.2515350935855576,0.25124956156131395,0.4501116194750603,0.43844356636296267,0.38634782527115874,11.10398602628438,Weak
GMMRWCMPV,0.3774102060042881,0.572299873565155,0.0880467834061931,0.19459306601484316,0.2525414067916891,0.45725499637517375,0.3036074683076966,0.3303423196650601,13.160243798793987,Weak
RAYRNALSM,0.057396469225959645,0.0051231432427352175,0.2654697861078854,0.13277955899779315,0.15144481714370794,0.18847646827895703,0.04660880905908327,0.10122261404791999,7.6249198375938025,Weak
WQLTSIWPI,0.810420478278429,0.9040221295801945,0.9514414428531528,0.8040742903655356,0.8163713864647764,0.6893322325601865,0.6243951881870231,0.6972530965877013,3.9724763354410397,Weak
RFFKHFMSL,0.3584227131424682,0.6145420493540912,0.36414241999900643,0.3334013956627939,0.3820811126493022,0.4770089933405619,0.38725847131402213,0.3933484570915988,10.733636383900782,Weak
