,a,b,c,e,h,i,p,r,pred,Class
KECVLRDDL,0.0,0.0,0.0,0.0,0.0,0.0,0.0,0.0,20.0,Weak
KESTLHLVL,1.0,1.0,1.0,1.0,1.0,1.0000000000000004,1.0000000000000004,1.0,20.0,Weak
