,a,b,c,e,h,i,p,r,pred,Class
AYISSEATTPV,0.0,0.0,0.0,1.0,0.0,0.0,0.0,0.0,20.0,Weak
NQAFRNIVNML,1.0,1.0000000000000009,1.0,0.0,1.0,1.0,1.0,0.9999999999999991,20.0,Weak
