,a,b,c,e,h,i,p,r,pred,Class
WTLVVLLI,0.8856512262333136,0.6985016240845319,0.6028519038563265,0.6669880235150702,0.6208692311843018,0.7727501652918536,0.5580765457753154,0.7356376196597871,13.472207393739557,Weak
RNWAHSSL,0.9213668806448654,0.8386599717118726,0.9428750661518457,1.0,0.9302097813453645,0.9394438905257931,1.0000000000000004,0.9708914660642911,20.0,Weak
YERMCNIL,0.265835742055061,0.06880309861661482,0.3244589056400202,0.09107717998842091,0.0779901957005662,0.3780659011727281,0.1768832432586933,0.2915925171047675,9.623415705706364,Weak
GEAVMRMG,0.056114985525859584,0.0,0.0,0.0,0.0,0.22496881676870184,0.29239940966040123,0.15468153967601594,0.0,Weak
EVAQRAYR,1.0,1.0,0.8897090179085585,0.9262709590056932,1.0,0.9999999999999998,0.8900620479425885,1.0,15.37160408513573,Weak
WPTVRERM,0.44765936224464076,0.37542408836671726,0.6169239001550668,0.4998854989528416,0.44881810099618935,0.5613352805218226,0.45581465094219453,0.48419318794588273,2.89697900141783,Weak
RRDYRRGL,0.5199661922131376,0.23988566759534757,1.0,0.6603905223917867,0.7359988745654356,0.7585841376508522,0.7768439100378419,0.6770943813114734,0.5813848644418018,Weak
IEAEVIPA,0.0,0.1066303552141048,0.19472069602494368,0.001658301859943201,0.035249805361487585,0.0,0.0,0.0,19.67560839981412,Weak
