,a,b,c,e,h,i,p,r,pred,Class
TEVFEFAFK,0.0,0.0,0.0,0.0,0.0,0.0,0.0,0.0,0.0,Weak
GQCHSCCNR,0.3820537232766703,0.3790621047438987,0.530554893019993,0.2076681614633018,0.2805721003346302,0.40864369032248504,0.3012480018350856,0.3324994779630486,8.641027209075611,Weak
SIPHAACHK,1.0000000000000002,1.0,1.0,1.0,1.0,1.0,0.9999999999999996,1.0,20.0,Weak
