,a,b,c,e,h,i,p,r,pred,Class
ACQGVGGPGHK,0.5320096806155482,0.6256425805401964,0.5927635110201617,0.5010050926794625,0.5400066406398892,0.5982106162864913,0.587792336773739,0.5692329666814759,12.237396776780708,Weak
TQGYFPDWQNY,1.0,1.0,0.9999999999999998,1.0,0.9999999999999999,1.0,1.0,0.9999999999999998,17.52249792003821,Weak
RDYVDRFFKTL,0.07217581640875426,0.04060732957602098,0.26229784757829977,0.051999260780701384,0.12790288806602912,0.12196394174904968,0.0,0.040350606421165836,14.595966538789853,Weak
QAISPRTLNAW,0.3963308826499822,0.449015479521524,0.5408477240998459,0.488083394515169,0.4643050297872041,0.40661466784157074,0.3622946385390362,0.3951644755819923,20.0,Weak
LPFPFLYKFLL,0.06931236853442224,0.0,0.0,0.0,0.0,0.12655893505828963,0.013797825783693485,0.052869892749359604,0.0,Weak
PPYCTIAPVGI,0.48059405403221744,0.556200218742118,0.453168506155859,0.4293947972561991,0.48458653597250534,0.4956691195945919,0.3877444920260604,0.44789350643074854,14.30197935478837,Weak
VMNSNTLLSAW,0.7390398452680412,0.7305074134255924,0.6383026422066644,0.741139757782896,0.6926862490533875,0.723761352570734,0.7420812872272284,0.7071099756688599,11.949174467399896,Weak
RRQDILDLWIY,0.3195958454024942,0.26464035708683054,0.5372811063772682,0.3433136858834298,0.4348428159925838,0.36140205620238386,0.17179761190694065,0.285034302420474,18.799959278266066,Weak
YPALMPLYACI,0.6769051387872526,0.628673847194265,0.554220847085418,0.683902366383278,0.6163799695155135,0.7077589967497726,0.6374241394328415,0.664821490825156,5.7479952420006395,Weak
RLRDLLLIVTR,0.28943412250456324,0.1956000137834919,0.5341394700103475,0.28454307558045056,0.35882662434292023,0.35092577811088765,0.19475643027118306,0.26364022325542824,16.743551102157088,Weak
AYISSEATTPV,0.0,0.10125516310543325,0.11313245612450507,0.1740848855469408,0.06798542610696101,0.0,0.057265315592170074,0.0,15.686869588364635,Weak
