,a,b,c,e,h,i,p,r,pred,Class
LTFGRETVLEY,0.6350660984362655,0.4043312839251154,0.8180668787122451,0.49516557654280025,0.5448167663301122,0.9295867260845343,0.8702339672811714,0.7311952890542281,9.361990450024765,Weak
AIGVLIGGLEW,0.0,0.0836574611264762,0.2274964149080283,0.0,0.0,0.20520992998297327,0.0,0.0,2.6933920031207945,Weak
LPFPFLYKFLL,0.4758639696640419,0.2376129232751989,0.0,0.4978348439974587,0.1864023989348107,0.7125787697203538,0.569775489046993,0.5398731515362183,20.0,Weak
SLRLSCAASGF,1.0,1.0,0.7333929608145713,1.0,1.0,1.0,1.0,1.0,1.4642676670092847,Weak
RRQDILDLWIY,0.2671203995961777,0.0,1.0,0.48024146765568076,0.49242091980466274,0.4527733696102656,0.05672832299442643,0.24102236332711335,5.81134539396929,Weak
AYISSEATTPV,0.017573343520672857,0.16126687663148065,0.175664420505238,0.5593915587727389,0.2575284961979669,0.0,0.11918030768707766,0.11720746311032837,0.0,Weak
VMNSNTLLSAW,0.8893991121308211,0.8284443159532247,0.5314272387596821,0.7167216948070729,0.603337904870628,0.9419209033088647,0.7156378795263159,0.7839796599330793,5.892065825400264,Weak
