,a,b,c,e,h,i,p,r,pred,Class
EVIKGGRHL,0.0,0.13460396325218804,0.3055745505052254,0.0,0.047296976698223414,0.0,0.017987722832364383,0.0,0.44946927167246,Weak
ENLPYLVAY,0.1143873277280647,0.0,0.0,0.037617634039761594,0.0,0.07660936009403319,0.0,0.10454850542357441,0.0,Weak
DVVCCSMSY,1.0,1.0,1.0000000000000004,0.9999999999999996,1.0,1.0,0.9999999999999991,1.0,20.0,Weak
