,a,b,c,e,h,i,p,r,pred,Class
RPMTYKAAL,1.0000000000000004,0.8832432847678486,0.895562162760756,1.0,1.0,1.0,1.0,1.0,0.0,Weak
LPPIVAKEI,0.9229842887949151,1.0,1.0,0.7006675391297419,0.9264217591402932,0.840790720612782,0.6861342993330943,0.7175080465192796,12.459280742828335,Weak
RPGGKKHYM,0.0,0.0,0.0,0.0,0.0,0.0,0.0,0.0,2.611221194707574,Weak
IIKDYGKQM,0.6165823161258235,0.4833508334961776,0.6140308258269584,0.31824086778949656,0.453742298537422,0.41540126814837475,0.10481358506029004,0.39392561508928026,20.0,Weak
