,a,b,c,e,h,i,p,r,pred,Class
SYMMDDLELI,0.0,0.0,0.0,0.0,0.0,0.0,0.0,0.0,20.0,Weak
YYRYPTGESY,0.9999999999999991,1.0,1.0,1.0,0.9999999999999996,1.0,1.0,1.0,20.0,Weak
