,a,b,c,e,h,i,p,r,pred,Class
HTQGYFPDWQ,0.7252753307089737,0.7004827329029761,0.5483464060026488,0.7689320122293295,0.718866406323496,0.770924374821764,0.7122076536396227,0.7499342631459989,8.667533631626833,Weak
FLPSDYFPSV,0.0,0.0,0.0,0.0,0.0,0.0,0.0,0.0,0.0,Weak
ITSQDVLYSW,0.4890517973581112,0.5445604193119467,0.5337808189464317,0.5113909285179874,0.548945199831063,0.4710750977353644,0.3756377239138926,0.46953801585967136,11.207129717296601,Weak
TSNLQEQIGW,0.7833563012047964,0.7807544019935779,0.7590055152966646,0.7302551809968674,0.7437487114614378,0.7748063443842683,0.6447675360183425,0.7621001964371876,8.291516682082975,Weak
ITSQDVLHSW,0.4816180573815301,0.5168722688105443,0.5664144004664564,0.43691259586802556,0.4958066201358289,0.455109596591033,0.35498540848308524,0.42860304070994815,5.46591815555947,Weak
KAVRLIKFLY,0.6185605623518591,0.7824854594341417,0.6380640045053694,0.7354776713396163,0.7792240545879974,0.7347279215632072,0.62942310318219,0.7304085464396572,20.0,Weak
YMIDPSGVSY,0.8558848037500211,0.9293466969246511,0.9747468465895803,0.968729689525393,0.9962759984547542,0.9521885760464588,1.0,0.9352475772164799,19.736928575071982,Weak
TSNLQEQIAW,0.9999999999999998,1.0,1.0,1.0,1.0,0.9999999999999998,0.9349580354959697,1.0000000000000004,14.754552174512778,Weak
