,a,b,c,e,h,i,p,r,pred,Class
RMMETWHPL,0.9999999999999996,1.0,0.9999999999999996,1.0,1.0,1.0,1.0,1.0,13.036534931013122,Weak
GVPKTHLEL,0.7658437247944252,0.6933113192069325,0.7079888060904382,0.5825346610240878,0.6680838772821938,0.6597912508687616,0.8352281184392893,0.7177707506821571,20.0,Weak
MLVGHMPFM,0.3867307548594421,0.46152754774117444,0.3246446740485398,0.4401263929184145,0.32429831354570027,0.36488798079245877,0.3966878846056616,0.37450303364627,10.294136406679325,Weak
TVYPKTHYV,0.15419845951260047,0.040075442571862574,0.3232010044719855,0.30595530932358406,0.19540505161435773,0.0,0.0,0.11470585237609887,0.0,Weak
KVRGRLLAL,0.6712101768030121,0.6378659316694755,0.8125912941863858,0.6774989897309753,0.7496302128943482,0.6439796644627043,0.6126254612432787,0.6568161103388124,11.85716912353591,Weak
LFFPFGLFK,0.0,0.0,0.0,0.0,0.0,0.002349142016122574,0.07181502921857064,0.0,16.923901362030737,Weak
