,a,b,c,e,h,i,p,r,pred,Class
VMNSNTLLSAW,0.7763722125952501,0.7502685629110095,0.0,0.5013837106481125,0.4467497889329577,0.8587253116726767,0.6391760083309785,0.7136507805719128,16.935579941840842,Weak
RRARSLSAERY,0.0,0.0,0.16712164436200716,0.0,0.0,0.0,0.0,0.0,7.0589756745024665,Weak
LERTSKASLER,0.3746036451113959,0.19922026251089964,0.20644425296029567,0.1692355657271083,0.2090426270567507,0.38727926033382065,0.40775177078682123,0.43078015992802543,0.0,Weak
KSLFNTVATLY,0.6917583796353144,0.6180051658518622,0.2220065997121239,0.6465740108548488,0.4345904679600894,0.7381795873111843,0.7853595444432937,0.7520329498720346,20.0,Weak
SSCSSCPLSKI,1.0,1.0,1.0,1.0,1.0,1.0,1.0,1.0000000000000004,13.492073054958903,Weak
