,a,b,c,e,h,i,p,r,pred,Class
FPSSSYRRPV,0.751901872310313,0.5380396456199232,0.8717096096805346,1.0,0.8670715115060528,0.7841160658487318,0.7580457725015721,0.7115271275692034,20.0,Weak
LPRRSGAAGA,0.0,0.11077102068022349,0.14084186626903694,0.4040165565285818,0.2596774594624591,0.2653036952665815,0.42757997502479395,0.4232704019460547,11.316748341087012,Weak
LPVRSWSYIV,0.1027687722471029,0.0,0.0,0.0,0.0,0.0,0.0,0.0,13.347396803583093,Weak
SPKGVEESSI,1.0,1.0,0.9999999999999982,0.7561792971761108,1.0,1.0,1.0,1.0,0.0,Weak
