,a,b,c,e,h,i,p,r,pred,Class
SPGMMMGMF,0.5668345189073243,0.7504409526925597,0.07197123181726628,0.7244963572313563,0.5530396774506228,0.6794313125670821,0.6266385726367592,0.6149147011962768,20.0,Weak
APIMFSNKM,0.214766254946821,0.5054029350195748,0.0,0.2780684445172792,0.20859508429364393,0.21485690793407386,0.142422198067099,0.18333415765759176,10.615287597733875,Weak
GPALSINEL,0.0,0.0,0.11221071433709406,0.0,0.04170180000300139,0.0,0.17247829363426836,0.0,0.0,Weak
LPRAWAQRL,0.855605887083517,1.0,0.7853277529061562,0.8744783627013226,0.8733081752282494,0.793697376055226,0.6678962952926444,0.7857038282901958,8.222477040056535,Weak
YPKLKNSYV,0.16629581445819852,0.12661308649446879,0.09997086592965543,0.00978431259293755,0.0,0.13279783678701307,0.029621973487978348,0.10404512202911276,5.859307906163448,Weak
EPRYTYWQL,1.0,0.9614509146072576,0.9999999999999996,1.0000000000000004,0.9999999999999996,1.0,1.0,1.0,6.134941936523757,Weak
VPAPAGPIV,0.24088919169874412,0.5047297828262582,0.17180715938044377,0.133619537461533,0.2233482464967036,0.10743648789273452,0.0,0.07190249793943604,3.017849006985274,Weak
RPLLIEGTA,0.16851098851253044,0.19091376441976005,0.46317132702805486,0.28434260965219815,0.3141909882637419,0.2145361973139539,0.21711276567072346,0.2076047318779226,4.06099142349955,Weak
APSPYNSRF,0.7090967716223071,0.9638252795588107,0.5656503233020174,0.7604062682341213,0.7672802275464008,0.6991110138010836,0.7670130882676158,0.6514824163737845,8.341000579425932,Weak
GPATAQMAL,0.5773199814195493,0.7335771600422145,0.2991049678167381,0.6518716119472105,0.5599439610611094,0.44927005320952107,0.5610270829980477,0.574195254676213,0.5109334864497224,Weak
