,a,b,c,e,h,i,p,r,pred,Class
KHFDPRLLTAL,1.0,1.0,1.0,1.0,1.0,1.0000000000000009,1.0,1.0000000000000009,0.0,Weak
NHIYNRHGDTL,0.0,0.0,0.0,0.0,0.0,0.0,0.0,0.0,20.0,Weak
