,a,b,c,e,h,i,p,r,pred,Class
AYISSEATTPV,0.0,0.08500136447056028,0.08730535578775767,0.13266516507150206,0.05409539201025515,0.0,0.03239323404267047,0.0,13.371508620181555,Weak
ALVEICTEMEK,0.27351410559434586,0.297050920773265,0.37953158560486955,0.23209266192131928,0.284854447383868,0.3333362483241836,0.23294405731319534,0.2846576586059645,0.0,Weak
LPFPFLYKFLL,0.05619610682120735,0.0,0.0,0.0,0.0,0.10225885070169893,0.0,0.03974001258202908,15.646903025676822,Weak
HTLWKAGILYK,0.9999999999999999,1.0,0.9999999999999998,1.0,1.0,0.9999999999999999,1.0,0.9999999999999999,16.200818027660343,Weak
RRQDILDLWIY,0.2591174222957512,0.22215945099939183,0.4146247660236826,0.2616296450202158,0.34600051718368996,0.29201066595152203,0.11774602290432079,0.21424796184472494,13.163573907333976,Weak
VTVYYGVPVWK,0.4655079280329598,0.481068070041589,0.38378413901009245,0.37447708883755615,0.4092119112056751,0.45129256767211967,0.38339326437586685,0.3864497823348506,20.0,Weak
RTLDFHDSNVK,0.417716835017382,0.4327395266647662,0.5461354188149632,0.41650060028617975,0.4589993068082008,0.461139649681258,0.3995717504184597,0.4024166292319179,13.596062206180914,Weak
KTKPPLPSVKK,0.33688436436661184,0.3827660895911633,0.2653197779018819,0.3154734199421694,0.3207390294267287,0.3441075038909053,0.3257319262406968,0.3114646450419839,13.227053408820451,Weak
DSVKGRFTISR,0.3720244327203234,0.3832754214866734,0.542736935754419,0.42207052186989835,0.4669381860738244,0.41117804253991885,0.38189590750029656,0.35064177737715563,15.956602623558972,Weak
ITKGLGISYGR,0.5978063256498433,0.6389571270933656,0.7142211175924926,0.6232377689891491,0.6768459444260182,0.6426897737991392,0.6087951102887443,0.5884914216358513,18.299436609535743,Weak
LERTSKASLER,0.26462342265353367,0.2847160012374015,0.3302333558654229,0.25147084509353634,0.2903910900188298,0.32092883268462635,0.2158016650167247,0.2580938127155584,15.028996459683894,Weak
QALSPRTLNAW,0.34071046206323985,0.34164440761239834,0.38237657830942595,0.34792042345367524,0.3457085507906419,0.3484711237362602,0.27539288383213045,0.31722885505018217,13.095516998866302,Weak
