,a,b,c,e,h,i,p,r,pred,Class
SPNPTVEAGRT,1.0,1.0,1.0,0.9999999999999996,1.0,1.0,1.0,1.0,20.0,Weak
GLPVEYLQVPS,0.13761518089185198,0.09002867444625373,0.15073930788064338,0.0,0.10375599351232312,0.1327661482953042,0.21709711601714998,0.11334036761469513,12.167837287943996,Weak
YPALMPLYACI,0.0,0.0,0.0,0.0036940968892151815,0.0,0.0,0.0,0.02550531873973938,11.112045393390133,Weak
GPGAGSLQPLA,0.32035813073002295,0.2688916588858872,0.24215344170634756,0.29902468048573105,0.33157424957301007,0.3347674531572973,0.5051186974529447,0.39883278436443215,0.0,Weak
AAYHPQQFIYA,0.17691142622308842,0.28765690670263266,0.21318509936077845,0.2932631965438235,0.2438108667092389,0.14013251859023557,0.14421791425833774,0.1797712609534594,19.688024347397,Weak
PPYCTIAPVGI,0.03185284707506675,0.19465945457803224,0.23383856057552999,0.027843705135166097,0.160876670880719,0.02486559139784994,0.04782499037471677,0.0,18.097884918450244,Weak
KTKPPLPSVKK,0.4589702174293282,0.5288607765532163,0.5079035082893744,0.4360521624582918,0.4398273969066864,0.46712195853252414,0.5438310764836971,0.5444242253229565,6.056129316197026,Weak
