,a,b,c,e,h,i,p,r,pred,Class
AEQASQDVKNW,0.0013416781949509016,0.0,0.0,0.0,0.0,0.0,0.0,0.0,12.446109512023819,Weak
AVINTTCNYGQ,1.0,1.0,1.0,1.0000000000000009,1.0,1.0000000000000009,1.0,1.0,0.19072159558044083,Weak
PTPVNIIGRNL,0.0,0.024839205302980893,0.4880039071987188,0.14797669982421535,0.32840525560574285,0.2702901817082468,0.31951195391622544,0.08183735588356011,0.0,Weak
TQGYFPDWQNY,0.7266123278864418,0.09161976332896149,0.5375535816292629,0.7859017498980903,0.5742397889067421,0.7390529133552182,0.8360658606639717,0.7341429211296804,20.0,Weak
