,a,b,c,e,h,i,p,r,pred,Class
FSLPAQLL,0.9459872874554087,0.7417061096025299,0.7071082836369578,0.8945703634769913,0.7714318287468696,0.8992333957998493,1.0,0.9238729055931958,15.696458058017962,Weak
LVQPGRSL,0.0,0.0,0.0,0.0,0.0,0.0,0.0,0.0,20.0,Weak
KTDEVVTL,0.9999999999999998,1.0,1.0,0.9999999999999998,1.0,1.0000000000000002,0.9954094576427828,1.0,7.267888543227626,Weak
IGWMTNNP,0.2558580549401446,0.4368152862394239,0.49849311058464707,0.3930313495668314,0.38843541743628207,0.35161457048156985,0.5005631130539459,0.35767937953102913,0.0,Weak
