,a,b,c,e,h,i,p,r,pred,Class
IPQSLDSYWTSL,0.6777314309372959,0.6209944376709147,0.504879377705008,0.6336743414099777,0.6220052988917846,0.6206137854448077,0.5211744374300429,0.6345813158422051,10.245994021751429,Weak
DILSGIFSNPHP,0.0,0.0,0.0,0.0,0.0,0.0,0.0,0.0,13.122111420665723,Weak
GLIDIAPHQISS,0.14348991287755464,0.11939956479069602,0.14529675607679682,0.17937725047463493,0.14430698535879816,0.08670786532952879,0.09529998353716063,0.12073043877525658,20.0,Weak
SLVWAPLILAYF,0.8801391331589858,0.818894948907662,0.6198526551063361,0.7710102771162615,0.7612718238653766,0.8413555471686585,0.7220847745211507,0.8399894511883406,0.0,Weak
SDILSGIFSNPH,1.0,1.0,1.0,1.0,1.0,1.0,1.0000000000000002,1.0000000000000002,1.948134803012082,Weak
