,a,b,c,e,h,i,p,r,pred,Class
RFPLTFGW,0.4863335572694796,0.5570542625965365,0.5843953754015239,0.47123716757887735,0.5197635403507994,0.6443603941491238,0.5777418721821714,0.5163736077978429,13.83656268048066,Weak
FLKEEGGL,0.022565920752162683,0.0,0.09937687770350845,0.0,0.0,0.28392627371253765,0.33810305364333937,0.19028455654862952,0.0,Weak
TAFTIPSI,0.0,0.0919705241931652,0.029558828695748218,0.34159710803372656,0.20113095404125314,0.0,0.0,0.0,2.822160099479033,Weak
QIIKLLPF,0.2540965217347395,0.2801098974640772,0.14612805428640208,0.23129426449787527,0.1738539955138525,0.2813680208533009,0.12427138948593308,0.1854698010934479,9.54302534163689,Weak
LVESGGGL,0.24274358775385618,0.11175371185875038,0.0,0.12017193486787425,0.16511472570504004,0.38503317707806906,0.37037294381582386,0.26575875656977166,12.989318806165183,Weak
SLPSPSRL,1.0,1.0,1.0,1.0,1.0,1.0,1.0000000000000004,1.0,20.0,Weak
