,a,b,c,e,h,i,p,r,pred,Class
KQSSKALQR,0.9020042259137928,0.8484213233703493,0.6500616970439523,1.0,0.9306490332335868,0.9298574780412854,0.9672438027260242,0.9882809603712723,14.510614076732667,Weak
ATGFKQSSK,0.5948470995723567,0.6610000579682271,0.2913855767296054,0.7240533545377636,0.6053527575514503,0.5844109338409131,0.8371370588817992,0.7089525206049259,20.0,Weak
FKDLFVVYR,0.0,0.0,0.0,0.0,0.0,0.0,0.0,0.0,8.923153571242237,Weak
DIEITCVYC,1.0,1.0,1.0,0.8908347637909122,1.0,1.0,1.0,1.0,0.0,Weak
