,a,b,c,e,h,i,p,r,pred,Class
LSCAASGF,0.44081569660731557,0.40879079255760065,0.29399366644111735,0.45762360496341836,0.32406136632662497,0.3252014856023746,0.43750896611630674,0.43337189581701674,20.0,Weak
RYPLTFGW,1.0,1.0,1.0000000000000004,1.0,1.0,1.0,1.0000000000000004,1.0,0.0,Weak
NIILKANF,0.0,0.0,0.0,0.0,0.0,0.0,0.0,0.0,6.6828098633911015,Weak
