,a,b,c,e,h,i,p,r,pred,Class
KSLYNTIAVLY,0.8874772621707372,0.8808798007998213,0.31401156707810074,0.44838882822188,0.47077017267377386,0.5755227635918523,0.27353357266608214,0.5075874749206495,14.156829602823521,Weak
RSLFNTVAVLY,0.2976534300712821,0.32147438315853094,0.41838615492521214,0.0,0.0,0.274516337424771,0.10422699482096931,0.022037219934281538,14.437664351824367,Weak
KSLYNTIATLY,1.0,0.7933882894439002,0.581613845074787,1.0,1.0,1.0,1.0,1.0,5.562335648176994,Weak
RSLFNTIATLY,0.11252273782926281,0.4363370557609585,0.8799542816131458,0.7760420843950069,0.8832099409303709,0.4244772364081477,0.7264664273339179,0.4924125250793523,4.5302409659012595,Weak
RSLYNTVAVLY,0.5135440912782734,0.0,0.5384318733120663,0.06725194905616405,0.10753392818675422,0.4745537383972014,0.2983086775348607,0.21138245470187655,9.907423385922925,Weak
RSLFNTIAVLY,0.0,0.5238285671168796,0.6123520036164596,0.22443091261688686,0.3539801136041518,0.0,0.0,0.0,13.124734920550798,Weak
RSLYNTIATLY,0.3284133990362541,0.1148626726024311,1.0,0.8432940334511709,0.9907438691171286,0.6245146373805746,0.9205481100478075,0.6817577598469473,0.0,Weak
KSLFNTVAVLY,0.9692400310350315,1.0,0.0,0.15670596654882907,0.009256130882867808,0.6500017000442,0.18367888477316008,0.340279460087336,20.0,Weak
