,a,b,c,e,h,i,p,r,pred,Class
RGYVFQGL,0.0,0.0,0.012978527769719861,0.08788780680329333,0.019700711221934064,0.0,0.0,0.0,11.611696482488615,Weak
NIILKANF,0.05169240501789396,0.2669563073699526,0.0,0.2161924614023949,0.14917483428555078,0.02928647904214232,0.112056752592264,0.10633282219346141,10.958231761985498,Weak
RAEDTAVY,1.0,1.0,1.0,1.0,1.0,1.0,0.9999999999999996,1.0,20.0,Weak
VGNVYVKF,0.1664392875998022,0.36420364179217746,0.0043522983570358775,0.0,0.0,0.06596778673839188,0.12618430218885068,0.030798279396551997,7.00694922763459,Weak
WTLVVLLI,0.544681811092512,0.4875024560616903,0.3012167446715375,0.4741524407311535,0.3744608811682455,0.3929887117841706,0.23046774406725623,0.39021676109449066,0.0,Weak
