,a,b,c,e,h,i,p,r,pred,Class
WTLVVLLI,1.0,1.0,1.0,0.5623452329690544,0.802195935136333,0.9212474261784855,0.0,0.5464007216325726,9.154673065602765,Weak
FLKEKGGL,0.3272353112384794,0.44539521178725927,0.574000784940834,0.10624269208492088,0.24689473668032225,0.6417080865586762,1.0,0.8044872884112557,0.0,Weak
GGKKKYKL,0.0,0.0,0.0,0.0731006590213168,0.0,0.0,0.8217930563647169,0.030047956717584867,9.547952199389321,Weak
PLRPMTYK,0.25586643423937616,0.3077465681910674,0.21431992920905962,0.6890476974663287,0.4980088142559458,0.45132337837370606,0.45891003316397416,0.0,20.0,Weak
PLRPMTYR,0.48695671940555485,0.6092234016399107,0.9535970767048063,1.0,1.0,1.0,0.9137895556204931,1.0,7.842365056160593,Weak
FLKEMGGL,0.2953867253469822,0.3362250071680748,0.2189561383836054,0.13921787330817992,0.16359999005175574,0.7010726931928772,0.8999262242907164,0.5666087638740969,7.306804463676916,Weak
FLKEQGGL,0.4390212647794671,0.4372242095133121,0.7244059314224938,0.0,0.1396269576174065,0.6415063225101427,0.7494326437379488,0.413268640151788,8.091142168254057,Weak
