,a,b,c,e,h,i,p,r,pred,Class
YLVAYQATT,0.4046513591300265,0.07609355201981316,0.6574492564233809,0.6685103891268191,0.3284471747119273,0.46821774261993276,0.6062432626779906,0.5362502951483465,13.816459861643876,Weak
ATAKAAAAV,0.7120005838611236,1.0,0.4210555934765594,1.0,1.0,0.5922348771780088,0.5733864354280414,0.8427335061753229,0.0,Weak
YLVAYKATV,0.6251176749714311,0.40581031135724643,0.6309963090543,0.6381339332672837,0.5566151991541304,0.6855822077261768,0.734469129527203,0.7357196125783458,12.826983174983644,Weak
AAAKAAAAV,0.0,0.44918027367562985,0.019573969332383534,0.377272803055984,0.27293196455790536,0.0,0.0,0.1942380029503159,9.417519605656407,Weak
YLVAYQKTV,1.0000000000000009,0.6395483425612607,1.0,0.8501401232437864,0.8043930530082459,1.0,1.0,1.0,16.48371405818526,Weak
YIVAYQATV,0.09015975315084024,0.0,0.4836857934240255,0.0,0.0,0.14580733973334414,0.06451592922064808,0.0,20.0,Weak
AMAKAAAAV,0.22154452627654742,0.6684161237129711,0.0,0.7119142396236295,0.505712927564602,0.3332130984741344,0.19720684683663237,0.4630883387765321,4.9397295816100755,Weak
