,a,b,c,e,h,i,p,r,pred,Class
TVYYGVPVWK,0.3932288775624819,0.11910796783049982,0.3894774600621562,0.3293923028370509,0.3284347092292794,0.264541092081124,0.34345626587022826,0.27791068103772654,11.021036042926045,Weak
VTAACSHAGK,0.9999999999999996,1.0,1.0,1.0,1.0,0.9999999999999996,1.0,1.0,0.0,Weak
MVMELVRMIK,0.0,0.04997537030659949,0.0,0.04501164656164569,0.0,0.0,0.06505746569704662,0.0,13.584957901246497,Weak
RMGVQMQRFK,0.30233096389702485,0.25014999929828274,0.4202072243208499,0.33769550260313297,0.3032336327879164,0.4399655191484855,0.32135666657509177,0.28100037917193976,20.0,Weak
KVLFLDGIDK,0.4238249546903603,0.19549028979992045,0.47405222211476783,0.38828295235982235,0.42875107774772436,0.3807921849144651,0.5081463382088418,0.41095667214657494,4.59860967297875,Weak
LLIRCINCQK,0.15430064404611432,0.0,0.6051958867318028,0.0,0.05292549205113817,0.06625103227923823,0.0,0.044035238740309346,12.740222210552444,Weak
