,a,b,c,e,h,i,p,r,pred,Class
VKSMILHEIL,0.0,0.0,0.0,0.0,0.0,0.0,0.0,0.0,0.0,Weak
TVKSMILHEI,0.8372741893225717,0.8355966242251633,1.0,0.9347949941105838,0.861828328202118,0.8255348954080033,0.8499421573631789,0.7797956188606165,17.388569316953618,Weak
AEMWAQDAAM,1.0,1.0,0.9647343967978692,1.0,1.0,0.9999999999999998,1.0,1.0,20.0,Weak
