,a,b,c,e,h,i,p,r,pred,Class
FLKENGGL,0.8904442044341279,0.8859978297172044,0.8894470774949901,0.7264258891434872,0.9101901077372188,0.9327824323807343,0.9631493815596888,0.925506099231328,0.0,Weak
FRNIVNML,0.22787247818348666,0.3059917113288839,0.21116303264944936,0.00039914711168842487,0.24478640068884605,0.2650831400099971,0.16109740218526536,0.07057977168433727,2.9002244485685655,Weak
RRDYRRGL,0.0,0.06512094857099315,0.8592037057536022,0.17274493221302745,0.4567866047025153,0.24645667957997563,0.2202856628142773,0.10832504022204681,20.0,Weak
FRNIVNYL,0.22617713044105248,0.22975402868092543,0.3080125852194979,0.013920255520126545,0.25513559408480324,0.26232299077002574,0.16691797916542495,0.0539108923022007,4.256727139585768,Weak
FLKEQGGL,1.0,1.0,1.0,0.8301991900777308,1.0,0.9599869298999866,0.9242501174821829,0.9670810113536077,1.0053805600567896,Weak
FLKEMGGL,0.9112191942910219,0.9394607199825922,0.8455730003171431,1.0,0.9916301892226778,1.0,0.9999999999999996,1.0,0.24879262372396488,Weak
AQFSPQYL,0.06421328372282398,0.0,0.0,0.027656606482594714,0.0,0.0,0.0,0.0,0.283891240113927,Weak
YRNIVNML,0.2412938927898418,0.2109565448414119,0.27995729772274824,0.0,0.2488141705494269,0.2737649727591269,0.15169882761437226,0.1093531300048971,3.028748115862086,Weak
FLKEKGGL,0.8949018698657154,0.9084902075515444,0.9580753007936731,0.7924707164979301,0.9344613589110473,0.9258416071958302,0.9557798989749395,0.9806045431254584,1.3349679993078791,Weak
