,a,b,c,e,h,i,p,r,pred,Class
KAALDLSHFL,0.30465493824612344,0.29061751615719045,0.2676913868899278,0.33775281855912764,0.33056366094533596,0.27758543240642086,0.36200570729718606,0.34467734459967625,2.477925247563886,Weak
KAAVDLSHFL,0.30811431927948485,0.382901016985024,0.2318325959734553,0.33158851101612696,0.34328715030783474,0.26252296242573414,0.35523534166911475,0.32466489469629045,4.939161770590467,Weak
QAFRNIVNML,0.0,0.0,0.0,0.0,0.0,0.0,0.0,0.0,6.813980171242353,Weak
ETFGFEIQSY,0.6331788386756814,0.8099416674044981,0.8543503503626129,0.7190556450336232,0.781841090417789,0.758744125416382,0.8965648313370327,0.7599190779258704,13.90769770516401,Weak
TSTLQEQIGW,1.0,0.9993972378230467,1.0,1.0000000000000002,0.9999999999999998,0.9961793011957438,1.0,1.0000000000000002,0.0,Weak
FQYLLPGFVL,0.9147031137812891,1.0,0.8391764291014479,0.8071067955150839,0.8620462025104014,0.9999999999999998,0.9815309885223114,0.9042485697432416,19.39802989187363,Weak
FLPSDYFPSV,0.4526328041626264,0.41819490941151827,0.5158658524206876,0.5018095648612746,0.4885286059305498,0.4392447976675591,0.6965704454097099,0.4749079757279735,20.0,Weak
KAAFDLSHFL,0.2811728330314043,0.3385220867004395,0.226050825329712,0.34902920598539433,0.3375805093734181,0.26299860573006306,0.3619616703050834,0.32453368585846754,2.9107194775806535,Weak
