,a,b,c,e,h,i,p,r,pred,Class
FLKEKGGL,1.0,1.0,1.0,0.9812913524329523,1.0,1.0,1.0,1.0,11.071701781453156,Weak
RFPLTFGW,0.6254564169812853,0.7460824844745821,0.9002804478670332,0.6621343085486435,0.6698521203280592,0.6344771546161341,0.7192947751180983,0.5598855486274341,3.783390391476563,Weak
SPEVIPMF,0.6177945339241462,0.7612020043813987,0.5057856835595804,0.7728489875739322,0.7427574684071869,0.5437413982650661,0.5603268574942541,0.5617448538093583,8.282036769967746,Weak
FPTSCHMF,0.13924921653852795,0.2210458772418349,0.01226242210970252,0.21776086876167344,0.03658403167467972,0.058916877778308896,0.1762951999590041,0.07547613869615555,19.88017827593714,Weak
VPLRPMTY,0.0,0.0,0.0,0.0,0.0,0.0,0.0,0.0,20.0,Weak
TAFTIPSI,0.6153138957335278,0.7212418167382668,0.6837082517988828,1.0,0.8511829629519374,0.48386788394436175,0.5504375971527402,0.5790661501525478,0.0,Weak
