,a,b,c,e,h,i,p,r,pred,Class
QARQMVQAMRA,0.0,0.0,0.0,0.0,0.0,0.0,0.0,0.0,12.101770422349466,Weak
RRQDILDLWIY,0.7110797604619599,0.3938392849472665,0.9999999999999996,0.6973920371471416,0.8135810657907498,0.7002015221009374,0.6024164237426746,0.646028026298632,5.182050457505563,Weak
SAFDERRNKYL,0.8817655115332688,0.933679811309573,0.9922635174785026,0.8915298281904955,1.0,0.9999999999999996,0.9458824146991542,0.9243705468852172,10.701960519830266,Weak
AYISSEATTPV,0.5515495697633659,0.549943367537038,0.47268849631693,0.7632454317968187,0.6788446603328597,0.38304362862861474,0.6325249686768348,0.5729980932288155,0.0,Weak
QLMWALGENMA,0.8934904509942205,0.8019926997340843,0.4968835927357014,0.6895813501969816,0.6636779749960726,0.9202526128640733,0.7770455114393386,0.8494804041185007,19.233955980409775,Weak
NVRGSGMRILV,0.6545763345687474,0.9013672018612766,0.5512475111791111,0.5578039868857414,0.7615509156754587,0.7443856958508404,0.7242007154355887,0.6166892023616057,14.090981797404185,Weak
IVLGNPVFLAL,0.7137413203119829,0.7610083854484477,0.4344915679450576,0.49208240979976337,0.6107047644895798,0.6833960710145166,0.6534901288679458,0.6288841060111174,16.261430490757274,Weak
KSLFNTVATLY,1.0,1.0,0.7871132582031,0.9999999999999996,0.8694608006399469,0.9452737461297827,1.0,1.0000000000000004,11.37442940630189,Weak
ALVEICTEMEK,0.5203170036255393,0.810781324144008,0.5215152916821499,0.3076916739540212,0.47725612749612667,0.559157442882225,0.5613472933443551,0.5878414260492546,20.0,Weak
