,a,b,c,e,h,i,p,r,pred,Class
RRARSLSAERY,0.0,0.024976644921793856,0.5627364124469292,0.3047262894765348,0.2547705924092778,0.0,0.19471497725564824,0.0,20.0,Weak
RLRDLLLIVTR,0.5694456405129067,0.3136308040598559,1.0,0.5591672206616645,0.7515090097744483,0.6217017048342015,0.3983540398052945,0.5069557470706672,16.960075447167732,Weak
LLDAHIPQLVA,0.5585567143228989,0.2721428255512599,0.0,0.2117431771677838,0.003877441938783477,0.19962467231251235,0.0,0.28429921397186764,11.210596281152094,Weak
KRQEILDLWVY,0.4218595904823763,0.21587652991485573,0.163955729525183,0.0,0.0,0.2906200321087491,0.03466035206638196,0.25691997105981645,9.04480962527978,Weak
KSLFNTVAVLY,1.0,1.0,0.5320812109079949,1.0000000000000009,1.0,1.0,1.0,1.0,0.0,Weak
KSLYNTIAVLY,0.6138384310176637,0.3995996736037366,0.07951941716866884,0.6057087196038031,0.3853979038126649,0.47638923373215736,0.3852839590586363,0.5741438631704225,0.8875385375048658,Weak
RSLYNTIATLY,0.3012814150422445,0.0,0.219788507834215,0.5124213262362778,0.13887112371666,0.16191153939508496,0.22118647854948836,0.3108040174771185,6.774021955912481,Weak
