,a,b,c,e,h,i,p,r,pred,Class
RPMTYKAAL,0.8075913591254227,0.7139717877804275,0.6535516992182608,0.8237784217893394,0.7376880075287775,0.7678581165990974,0.8334001105002811,0.8956307082482566,15.26935142983042,Weak
KALGPAATL,0.4141789479204907,0.3499842720460866,0.23864662976485418,0.520006890654733,0.37658895230886147,0.3851018876637995,0.5349390231484907,0.5500677645752217,20.0,Weak
EEMNLPGRW,0.5284786202261418,0.45395430735606723,0.5399857318915466,0.41025059100837247,0.4675603735694076,0.6693942690686905,0.734975742137506,0.6434797593013193,12.6097549070709,Weak
LPQFATAAT,0.38630220139896565,0.4003402926336128,0.2271126731946489,0.5134005366698973,0.3035416371416799,0.297934715518275,0.4423887567173481,0.4603849307401986,12.122552196391132,Weak
SPAIFQCSM,0.9707803282382388,0.9622292377809472,0.6127022900167769,0.8299729503616362,0.7953336143235177,0.8566494522622214,0.7869446594274763,0.8843217836839545,9.281095488957336,Weak
HPNIEEVAL,1.0,0.9612623134892027,1.0,0.7674292353390579,0.8742587575529335,1.0,1.0,1.0,6.197185975342558,Weak
NPDIVIYQY,0.0,0.0,0.0,0.05807783010371681,0.015806240704587804,0.0,0.0,0.0,4.159251409223594,Weak
LPPVVAKEI,0.616041871839847,0.653228249823604,0.499598922788695,0.45653138100997737,0.48356328513324476,0.5493686028801195,0.5563991889363646,0.570863729670521,6.5198014018326536,Weak
TAVPWNASW,0.6403870173209865,0.6182187781380932,0.47052517301991337,0.5471705807372333,0.48509957266052917,0.5022836691104313,0.5162004007878433,0.5630748302775008,4.909879194979063,Weak
EPELDVAVL,0.10793323349047812,0.05965961199384617,0.11887253985659063,0.0,0.0,0.10781841837663553,0.1757334454201409,0.15499223751954494,10.22323740620595,Weak
FPVRPQVPL,0.4028613524627578,0.47493022050983047,0.4150511964698045,0.3329594771287039,0.308221067399145,0.41070697472013595,0.4429405558892907,0.38258917009338766,0.0,Weak
FPYSTFPII,0.9861529227344508,0.9999999999999996,0.9730612650926123,1.0,1.0,0.9402042637844752,0.9980233698497161,0.9678749126364079,2.519305634296103,Weak
