,a,b,c,e,h,i,p,r,pred,Class
KAFSPEVIPMF,0.0,0.2982494738749599,0.0,0.10039434654197521,0.022554475944305707,0.0,0.11068942157455908,0.006549410765326336,15.92867572375384,Weak
SLLERGQQLGV,1.0,1.0,1.0,1.0,1.0,0.9999999999999996,1.0,1.0,6.1746416545028815,Weak
RLPGPSDTPIL,0.4875996105249967,0.4558014943841089,0.8047113710170963,0.8877870111940771,0.7454079036731383,0.5095024091319158,0.761715478862647,0.5723651982220357,0.0,Weak
SWFNSFLTHAL,0.20374072160244072,0.27312732281565033,0.22259160056283367,0.4183094655992612,0.19954615891400707,0.1670186043151345,0.3574123816396,0.19080162208349138,12.507833552017566,Weak
LPSCPTNFCIF,0.20444152911431157,0.4173777461058963,0.23177984882399105,0.0,0.004427869642236182,0.1736794233644119,0.13804881202079766,0.11341906610896269,20.0,Weak
AYFKDCLFKDW,0.41384803650604685,0.5828586071610831,0.32638789392833356,0.3274910188790523,0.3025787088761849,0.32952562052976786,0.33833618268954346,0.38044888460580717,8.55761086637008,Weak
FFENRSETWPI,0.07049603104735569,0.15891544311790717,0.4397095049241839,0.05020171458734968,0.19143621394893717,0.13497038833242847,0.283283887849759,0.06544905753050223,6.365835776166769,Weak
YFYYNAFHWAI,0.05315782390805435,0.0,0.10954639879335648,0.06368274577604183,0.0,0.020055259058095576,0.0,0.0,4.134198136069719,Weak
EMKTDAATLAQ,0.3404352194809559,0.321550392940086,0.4366815234054249,0.5039261015630672,0.28918826736570846,0.23387391376030164,0.314064818167628,0.39766899502046726,0.34476822612698854,Weak
QALSPRTLNAW,0.33544276212425617,0.31665201039242863,0.43186098176501275,0.33229439590875476,0.23336710582874076,0.23550167555541535,0.22994110162610415,0.2658742629147097,4.484613217391142,Weak
