,a,b,c,e,h,i,p,r,pred,Class
LALEGSLQKR,0.011258304175276734,0.0,0.0004718756267447777,0.0,0.0,0.03094055699596776,0.031094548888004336,0.032442261661196126,0.0,Weak
LALEVARQKR,0.0012417153351631516,0.10308821514694877,0.08040018538507576,0.050422609045389866,0.047034123412086126,0.017857924447674867,0.0,0.019896171927524353,8.89041756087326,Weak
AVFDRKSDAK,0.0,0.11648034160470289,0.09110144124126873,0.06854681118860007,0.06275933977353065,0.0,0.02625386780772576,0.0,20.0,Weak
PLALEGSLQK,0.04731686046800365,0.0946708526659985,0.0,0.018194446321339486,0.011098077715869126,0.053737619400294534,0.06214656619044012,0.03574717581141562,6.177171502393735,Weak
SPGDLQTLAL,1.0,0.9999999999999998,1.0,1.0,1.0,1.0,1.0,1.0,1.0273213236373204,Weak
