,a,b,c,e,h,i,p,r,pred,Class
ISDSNPYLTQW,0.9843971387237387,0.9935307383067289,1.0,1.0000000000000002,1.0,0.9856643728913215,1.0,1.0,0.0,Weak
TSTLQEQIGWF,1.0,1.0,0.9924630963079548,0.9161949894837724,0.9306479197450517,1.0000000000000002,0.8776661865675921,0.9743419508089324,3.389238792198216,Weak
KAFSPEVIPMF,0.0,0.0,0.0,0.0,0.0,0.0,0.0,0.0,20.0,Weak
