,a,b,c,e,h,i,p,r,pred,Class
PLRPMTYR,0.4652692907953888,0.22811918746369386,0.2769050209665389,0.9548497796917315,0.8426225520818105,0.9934607772899131,0.9692519668231832,0.8926240106088459,6.8023661582983745,Weak
TINYTIFK,1.0,1.0,1.0000000000000009,1.0000000000000004,1.0,1.0,0.9701146178167539,1.0,0.0,Weak
FLKENGGL,0.17726556244508984,0.0,0.09465739463661205,0.3908040937785926,0.44906150398604927,0.760960440355519,0.9825257504022709,0.7685995316706338,16.761391368620426,Weak
CCFHCQVC,0.0,0.8336006530381397,0.2568198211314696,0.0,0.0,0.0,0.0,0.0,2.448411410684716,Weak
FLKEKGGL,0.21146241070002958,0.0463535702686233,0.0,0.46739857086963754,0.48442264086744125,0.7259141562098783,1.0,0.8506266256946251,20.0,Weak
