,a,b,c,e,h,i,p,r,pred,Class
AFEDLRLLSFI,0.0,0.0,0.0,0.0,0.0,0.20972084464323615,0.13693928714005565,0.0,1.668475609917113,Weak
KSLYNTVAVLY,0.8781802409429869,0.6968102199985946,0.8277415186441566,0.7136137899331825,0.669552663389962,0.976616193467275,0.8852616042574173,0.7885216278134886,6.549591444170669,Weak
KSLYNTIATLY,0.23084126269242766,0.013971482625093401,0.3118890229118989,0.4748834404120954,0.16452724364729843,0.34570961622146346,0.34581278736251875,0.3200042151111733,0.0,Weak
ISDSNPYLTQW,0.3140667777564987,0.052357956188511245,0.2712683580722697,0.17708400295462212,0.13559868546084708,0.21121469857762598,0.0,0.06823609306028722,15.10086418711334,Weak
AYISSEATTPV,0.12763295079140757,0.2186071992777956,0.02339675915763273,0.4364377279491949,0.23417786268388863,0.0,0.15330713180643407,0.07150530206345351,20.0,Weak
KSLFNTIAVLY,0.29020729922917,0.2863064776073587,0.09058698307161173,0.2590256358319456,0.1033206886557636,0.37499018904834003,0.21215495762894676,0.20916115384765455,1.801007817959949,Weak
AEMKTDAATLA,1.0,1.0,0.5903344641053412,1.0,1.0,0.9561053572408236,0.982919243782943,1.0,17.302360611089913,Weak
LTFGRETVLEY,0.6633850749585717,0.46390258838037646,1.0,0.35481766490270594,0.5745813056132718,1.0,1.0,0.6494857174080186,2.8268627884596556,Weak
