,a,b,c,e,h,i,p,r,pred,Class
EMWAQDAA,0.47688227878321854,0.5152546236487257,0.0,0.6960270911329474,0.36271769829606093,0.462481984646939,0.33116097884567886,0.5760830237065506,15.966657703923563,Weak
FESVAWSA,1.0000000000000004,0.9999999999999996,1.0,1.0,1.0,1.0,1.0,1.0000000000000004,7.105187766768574,Weak
EELKNCNI,0.3001009534894874,0.407623648298046,0.37649875641214336,0.08174625832863125,0.05723405084089794,0.5053825564145225,0.2986717334381277,0.4485227840173338,20.0,Weak
TERQANFL,0.41522395962817216,0.3453526990333864,0.45648759722073784,0.5169440256951017,0.2502355841768029,0.5368423260624469,0.3433442786950174,0.5074881721158166,0.0,Weak
DEIGEDVA,0.0,0.0,0.4039617155973332,0.0,0.0,0.0,0.0,0.0,8.46555033171156,Weak
