,a,b,c,e,h,i,p,r,pred,Class
KAAVDLSHFL,0.32371671142976366,0.27946830431310854,0.11759881878469924,0.29150064045773716,0.27819834870835614,0.30049786716242144,0.3170558622653856,0.3149218995591081,4.946719766878004,Weak
HTQGYFPDWQ,0.6457401410185497,0.6064361673295733,0.6744826440447507,0.5687822201879835,0.6170561498114382,0.6887289038555946,0.7146740251877195,0.6160377404965316,12.202526735932352,Weak
TSAPTTCSVL,1.0,1.0,0.9999999999999996,1.0,0.9999999999999996,1.0,1.0,1.0,16.556366816206715,Weak
ATYCYKCSPL,0.7015319990365745,0.734231487230526,0.5763382824264851,0.6440964403009839,0.6318582830839272,0.7613951015481684,0.7362670343412319,0.7613319552001525,20.0,Weak
FPVRPQVPLR,0.0,0.10415153865956084,0.05870623661949015,0.0,0.04294353626934555,0.07363964703291304,0.06456468475741284,0.0,3.193892184891628,Weak
FLGKIWPSYK,0.6131051225906612,0.6258911466174717,0.5437776702657859,0.6031139047517637,0.6549642687194432,0.6822550312697242,0.7173947666731415,0.6630789224944302,7.496292136840252,Weak
TSTLQEQIAW,0.06506994862357596,0.0,0.061911326586193915,0.10985517452987237,0.0,0.0,0.0,0.06888350293334078,19.39927228258262,Weak
FPVKPQVPLR,0.1332396413391379,0.24958007681169114,0.0,0.09201225402865365,0.11333747043129794,0.16759000426936632,0.14815245417113898,0.126605669256461,0.0,Weak
