,a,b,c,e,h,i,p,r,pred,Class
SHLEVQGYWHL,0.9999999999999998,0.9999999999999998,1.0,1.0,1.0,1.0000000000000002,1.0,1.0,3.4315888266841736,Weak
SRVYQILQPIL,0.3999752345835281,0.4263165657886474,0.4931980943981018,0.397491224849136,0.42956262920971944,0.325723047079187,0.21676583539731098,0.30885086449316224,0.0,Weak
FRYCAPPGYAL,0.0,0.0,0.0,0.0,0.0,0.0,0.0,0.0,20.0,Weak
DRGFAAPQFSL,0.06130816433229658,0.13373013615463214,0.12800913581539541,0.12141853995259577,0.1454806962045876,0.041765640314325614,0.02802232792259396,0.041509294836980404,8.060722336989105,Weak
