,a,b,c,e,h,i,p,r,pred,Class
VGNVYVKF,0.0,0.4643336391528301,0.0,0.0,0.0,0.0,0.0,0.0,20.0,Weak
YLQMNSLR,0.8510436267887966,0.8389314692578029,1.0,0.9999999999999996,1.0,1.0,0.7998122097306233,1.0,10.113811419576331,Weak
WTLVVLLI,1.0,1.0,0.8782125945601891,0.7996412592890478,0.9151139109275013,0.7045024195754426,0.26086551184965323,0.7344515752389578,11.025203854511295,Weak
FLKEEGGL,0.11487736313725261,0.0,0.8517954601399129,0.40450237596797267,0.43944004358757205,0.5418152020508895,1.0,0.734149974165808,0.0,Weak
