,a,b,c,e,h,i,p,r,pred,Class
RYPLTFGW,1.0,1.0,1.0000000000000004,1.0,1.0,1.0,1.0000000000000004,1.0,14.211574280600377,Weak
VGNVYVKF,0.0,0.16786437815209876,0.0,0.0,0.0,0.0,0.0,0.0,20.0,Weak
PLRPMTYK,0.0392972425759317,0.0,0.09924884224407338,0.5375389415980867,0.2994023817406801,0.19360189469285594,0.2559524505922117,0.32510798901099225,0.0,Weak
