,a,b,c,e,h,i,p,r,pred,Class
LYLQMNSL,0.032077673038624965,0.0,0.0,0.0,0.0,0.04168056801460063,0.0,0.0,0.1981442621056604,Weak
KLWASQIY,0.4380424108573049,0.6359014658726472,0.5703704291827187,0.6756054714192299,0.5790817948108002,0.25828501924462177,0.3798423998867291,0.4179637380406156,0.0,Weak
RYPLTFGW,1.0,0.9999999999999996,1.0,1.0,1.0,1.0,1.0,1.0,2.681960277475999,Weak
MIWDPNGW,0.3094344020388178,0.5216282228162181,0.39274723008209644,0.22899319346437608,0.43172767348393926,0.2852531739263009,0.3359926703319722,0.2471923541670309,9.034672131085468,Weak
KAFSPEVI,0.0,0.5976296628094668,0.39705766642657325,0.2833151888581549,0.40003464447148795,0.0,0.24902283265094916,0.07862677967882536,20.0,Weak
