,a,b,c,e,h,i,p,r,pred,Class
EVQLVESGGGL,0.7265011393888674,0.7869260120568189,0.13422492439856626,0.0,0.22376927177186978,0.796856691017755,0.6879643022522153,0.5863334957797477,20.0,Weak
AIGVLIGGLEW,0.5683489536358035,0.6587653535602804,0.12301654775279935,0.0723100628358786,0.316973334847507,0.3832580592029906,0.3472192833302383,0.408253354113306,16.004357629106497,Weak
AFEDLRLLSFI,0.4145552026282182,0.45906826508064213,0.0,0.37329909902150593,0.4132926052624146,0.3663719685495721,0.459633438173487,0.45549012539774303,6.590384882334409,Weak
RSLFNTVATLY,1.0,1.0,1.0,1.0,1.0,1.0,1.0,0.9999999999999991,3.6423673330123405,Weak
RDYVDRFFKTL,0.0,0.0,0.4382678900315522,0.005080942077624329,0.0,0.0,0.0,0.0,0.0,Weak
