,a,b,c,e,h,i,p,r,pred,Class
IPRRIRQGL,0.023295860658644307,0.0,0.0613914919298999,0.016553992225014635,0.0033955592685853686,0.017924128700428255,0.0,0.024807243617111063,4.5106921268210804,Weak
TPQVPLRPM,0.5337625518809784,0.49281165978029795,0.4643708048183901,0.5226587162641396,0.45172131292212836,0.5088542814905007,0.5047690022230367,0.5371759646217367,20.0,Weak
RPMTYKAAV,0.6330541844011354,0.6543742343030198,0.48717084377282704,0.5925726720797362,0.5663704904337187,0.613931868363066,0.5691387250072297,0.6397895598547414,15.163381341976459,Weak
GPGHKARVL,0.49102052135545715,0.4992472245563434,0.5121656612624346,0.495113665479493,0.4484088555762128,0.5165945036756682,0.593811582882039,0.554859864667486,1.8684522585020613,Weak
HPVHAGPIA,0.7147873477895424,0.6491735078312187,0.6434770276561474,0.7185500874668589,0.6723097039512392,0.7144231231933608,0.7153567399002767,0.7369612455140075,0.0,Weak
FPVTPQVPL,0.6355989501998355,0.5632501527555879,0.47396074588727455,0.5392167140776409,0.5056271032876004,0.6071620416325808,0.6119854749507265,0.6151432591953978,8.386130169684938,Weak
SPRTLNAWV,1.0,0.9999999999999999,1.0,1.0,1.0,1.0,1.0,1.0,9.207553733892643,Weak
GPSHKARVL,0.4879804934133375,0.5008423306459949,0.5012154886986193,0.514104160494262,0.4608744381427531,0.5069558763131184,0.5854709876696798,0.5479266513139842,6.346742398712571,Weak
IPRRIRQGF,0.0,0.01325468169010624,0.01968418508302272,0.0,0.0,0.0,0.000856973735513078,0.0,3.9912581600066277,Weak
RPQVPLRPM,0.24740535145007458,0.24133809289382013,0.23414874280900566,0.2007917252829292,0.161988003906526,0.23921471968343033,0.20407432012349247,0.24044203279353893,12.284634459870167,Weak
SPAIFQSSM,0.6333945150625165,0.5929875973720918,0.4976546321620332,0.6717048682403106,0.6114555632692441,0.6004039654020518,0.599863587421378,0.6304660200403587,18.763119323449114,Weak
FPRPWLHGL,0.12888302699036058,0.10409193071804856,0.0,0.06751695641574407,0.006424146329983782,0.11770475805720593,0.22918698788481695,0.13596348178129847,9.46313437682625,Weak
TPQDLNTML,0.6965113967987134,0.5791605300030397,0.6142062423650891,0.713833437962067,0.6025713058621419,0.6946780866604966,0.6909539956176938,0.7200916975599589,2.422032309720965,Weak
GPKRIVKCF,0.21074571050475643,0.2468715809103107,0.08209798043291183,0.14216109786274211,0.1278548819805615,0.20634241628328331,0.2517875843397286,0.2061468645103981,7.300131349082756,Weak
