,a,b,c,e,h,i,p,r,pred,Class
KTDEVVTL,1.0,1.0,1.0,0.9999999999999998,1.0000000000000002,1.0,0.9961754889407186,0.9999999999999998,0.0,Weak
KAFSPEVI,0.0,0.0,0.0,0.0,0.0,0.0,0.0,0.0,20.0,Weak
FSLPAQLL,0.9593540335982893,0.766889028643178,0.7855572795770902,0.8940416741127282,0.7988306625683681,0.9256261319696659,1.0,0.9355063180174532,3.124739508440467,Weak
