,a,b,c,e,h,i,p,r,pred,Class
MQYEVTQHA,0.8942444203492972,1.0,0.9619272720749166,0.34365276472112605,0.39356389801452707,1.0,0.3034480628383278,0.9018235348550867,20.0,Weak
SEFWLNYTA,0.0,0.0,0.0,0.0,0.0,0.0,0.0,0.0,1.2319745607734969,Weak
SQAAFGLPI,1.0,0.9119911150143611,1.0,1.0,1.0,0.8870706984697208,1.0,1.0,0.0,Weak
