,a,b,c,e,h,i,p,r,pred,Class
FLWGPRALV,0.0,0.0,0.02921686553178393,0.03841289133160153,0.08053166904016984,0.07903591620295103,0.20051812717162543,0.03744591844546674,19.82522152177191,Weak
KQQQIHALF,0.03694107836321581,0.05285428620535715,0.0,0.0,0.0,0.0,0.0,0.0,3.776147484997616,Weak
AAPLILSRI,0.12006834862230575,0.14520351152708866,0.2538792488607906,0.33056779298781347,0.3037269930486459,0.13193181164431866,0.24387062313431462,0.17831521421142327,3.854720620614688,Weak
WVDLRSLFL,0.4412858776400783,0.2895983939907256,0.4954724775348174,0.38640532358598456,0.4245844845721216,0.5080319640444038,0.525955940785936,0.4593632589210732,20.0,Weak
SLDSWWTSV,1.0000000000000002,1.0,1.0,1.0,0.9999999999999998,1.0,1.0,1.0,0.0,Weak
KLPQLCTEL,0.4740300636737824,0.4365900173665933,0.48959577528115217,0.3745100436912132,0.36961160651161706,0.5416364476988837,0.5624130766266191,0.5478664875858761,18.387833847341373,Weak
