,a,b,c,e,h,i,p,r,pred,Class
KVYLAWVPAHK,1.0,1.0,0.8012613263673725,1.0,1.0,1.0,0.9999999999999991,0.9999999999999991,4.055253657951249,Weak
QIYQEPFKNLK,0.018711792811187067,0.09927545507500213,0.16508035513864883,0.0,0.0,0.0,0.0,0.0,0.0,Weak
SVRNGTYDYPK,0.0,0.0,0.0,0.35705849396586853,0.39777010262254553,0.11023394388035435,0.3440288961657041,0.12556783598165744,13.273247622487434,Weak
RTLDFHDSNVK,0.44070800649723996,0.42569114841695743,1.0,0.490730505796904,0.6019925031979954,0.5484968862333721,0.7000730299269886,0.43682090550676644,20.0,Weak
