,a,b,c,e,h,i,p,r,pred,Class
LGHGVSIEW,0.4943821225447882,0.5420240373743113,0.5074333011805738,0.4336303086797624,0.5620731174073674,0.5545815831039818,0.5179288259251089,0.5084712340436994,5.891818350751955,Weak
HTQGFFPDW,0.7442827595589423,0.7565447415172462,0.7012318639587465,0.7528605635473375,0.7780863239142972,0.7626754268548039,0.752643929669264,0.7553656269887505,7.469468003272666,Weak
KTAVQMAVF,0.6759782494702316,0.9919844497673633,0.4781421878271701,0.6174976377564139,0.6612571107491929,0.6116338705304281,0.5259078066868275,0.6155695359667053,13.734660397974846,Weak
FSVPLDKDF,0.8084942939483322,0.8771831474629588,0.7314394072271588,0.7779341771869752,0.8141209498038671,0.780292529851,0.8635417540827863,0.777595224305768,0.0,Weak
AVRHFPRPW,0.03185070769825482,0.266999730734073,0.3333859165682733,0.24095660715749823,0.2530353631050082,0.13952615462707896,0.1336799932864421,0.1407963587141352,14.971982855598046,Weak
QATQDVKNW,0.0123063145428004,0.0,0.0,0.0,0.0,0.0,0.0,0.0,17.254824173254917,Weak
HTQGYFPDW,1.0000000000000002,1.0,0.9259711575146057,0.9999999999999998,1.0,1.0,1.0000000000000002,1.0,6.097081252706929,Weak
QASQEVKNW,0.17589018658865796,0.22479267275765968,0.13921149986632675,0.10421175891821588,0.15376708639362224,0.19102393151748176,0.18133175025978776,0.15590370492587113,11.594956598416383,Weak
LGQGVSIEW,0.5014182465845298,0.48594226276643937,0.4778029388072771,0.3774600567893709,0.5129483759080529,0.5264704869013399,0.41920616321198145,0.47083482051161196,3.2488270145615576,Weak
KAAVDLSHF,0.18324449484525984,0.2755964340566739,0.1625179293215957,0.22575924140736392,0.25584079526323245,0.18747671443297476,0.2243588189525394,0.2087705777771791,20.0,Weak
IAMESIVIW,0.06204325034195368,0.12088786553350972,0.13428443622674036,0.17147301310836238,0.2319471993206632,0.05798338911169543,0.04036443844920967,0.10365029311442053,19.513292942390777,Weak
ISPRTLNAW,0.710076286280293,0.8162252527313947,0.9999999999999998,0.7721734471880344,0.8634330580921536,0.739111128516214,0.7174936879086544,0.7543323186849082,8.270894998568787,Weak
AVRHFPRIW,0.0,0.21180673425558982,0.25899342179373197,0.18943720889875237,0.21407490024355602,0.08831277997517195,0.03965516348238851,0.08358054164716511,11.000276260633349,Weak
FSVPLDEGF,0.779797372987385,0.9038790840545943,0.807020254059821,0.7724160398528601,0.8365796160987575,0.8095600667585565,0.9419716517942709,0.7940456608627433,1.0817873994696834,Weak
