,a,b,c,e,h,i,p,r,pred,Class
RYPLTFGW,1.0000000000000004,1.0,1.0,1.0,1.0000000000000004,1.0,1.0000000000000004,1.0,15.953938999293253,Weak
IGWMTNNP,0.5116144145663619,0.5621420953015202,0.2379284546808087,0.29871952960931303,0.3289683604759417,0.5908157886021752,0.5970737487602986,0.46873032703950335,20.0,Weak
HRCQAIRK,0.0,0.0741081322008208,0.3076460064693105,0.0,0.0,0.16137813159418002,0.0,0.0,7.062032449164819,Weak
WTLVVLLI,0.5026720278910344,0.27490255504294137,0.09636772433333185,0.1646333851631283,0.11630896831096171,0.4028762937896224,0.17692641772836026,0.26536216450728745,6.318983884918784,Weak
MASSPTSI,0.5083111075765774,0.5625598518299135,0.13789926208934578,0.735663572582145,0.5307899810576733,0.4313903308589744,0.4947827837423513,0.4882783918901765,13.89291305390987,Weak
TAFTIPSI,0.04495691930462442,0.0,0.0,0.397650087516074,0.13738101337292985,0.0,0.09917901968525733,0.018282801161580764,0.0,Weak
