,a,b,c,e,h,i,p,r,pred,Class
GSPGDLQTLAL,0.27183287526723166,0.11183579536147592,0.297374704715878,0.1554477379797814,0.18425165631269935,0.24433254478512978,0.2936536808275809,0.2548026435615832,0.0,Weak
VTVYYGVPVWK,0.49253318229574894,0.4677191847701865,0.455413802555514,0.3547970627182848,0.4068311724079229,0.457887230007039,0.4477649741189591,0.4209277605449435,13.111507765315368,Weak
HTLWKAGILYK,0.9999999999999999,0.9999999999999998,0.9999999999999999,1.0,0.9999999999999999,1.0,1.0,1.0,15.604279492893648,Weak
ISDSNPYLTQW,0.6113729686718866,0.5564353862751916,0.6201854223690398,0.6041915632712587,0.6045990790150492,0.5676763475618404,0.6035756561391497,0.5686918829114627,5.91414287993958,Weak
RTLDFHDSNVK,0.4471585263200871,0.4181474490908146,0.5988931767753677,0.3981427060795437,0.4568191996524843,0.46761596446517173,0.4622544795723891,0.43599736287497937,18.48413826678478,Weak
ALVEICTEMEK,0.3102470470997034,0.2789684207987735,0.4516555710087641,0.20793297695872637,0.28197257688673627,0.34134857342534153,0.3130221681197043,0.3248557661923277,8.488640407887516,Weak
VPVWKEATTTL,0.4928199384803539,0.4820325981910729,0.47434509512669554,0.36527448607097646,0.4011019826834087,0.45899289346631356,0.41625305654116485,0.44444826647742564,6.813141583421266,Weak
QAISPRTLNAW,0.3556467467653285,0.36091059566534356,0.4851019288449413,0.35219515357920894,0.3669023387597593,0.3366121242826208,0.3369937736827142,0.33653101455386114,5.693415425768219,Weak
DSVKGRFTISR,0.40377644601791085,0.3674109406803212,0.5958897374220734,0.4038878669715176,0.46479007075788414,0.4182548229078492,0.4464239363631899,0.3871319586296931,14.94854980633161,Weak
ITKGLGISYGR,0.6181422424618493,0.629669743507479,0.7474403942958744,0.6113841815110033,0.6755437086288713,0.6469841211175481,0.6496356106525323,0.611615826761315,17.526526901121034,Weak
RLRDLLLIVTR,0.27336065904547235,0.14270179853537002,0.4805268673902049,0.19220273608786576,0.28263590911859215,0.29215662933682507,0.22517382244907092,0.24322534289271702,20.0,Weak
KAFSPEVIPMF,0.0,0.0,0.0,0.0,0.0,0.0,0.0,0.0,5.877861554424647,Weak
RRQDILDLWIY,0.2965782960700636,0.2021504601306161,0.4826694784564135,0.23839924432283177,0.34336505114775784,0.300519664225823,0.20985042860110026,0.25840268768468677,6.121431411511151,Weak
