,a,b,c,e,h,i,p,r,pred,Class
AEQASQEVKNW,0.5864523955961118,0.9244431952118006,0.35932533145909673,0.28667475798065434,0.38932415694264,0.4944312233871795,0.4146636176268821,0.471317703187875,10.935452661589078,Weak
VPVWKEATTTL,0.24312047396233716,0.24350782400573046,0.05571357723259407,0.06029889525754273,0.0,0.13435404645499593,0.14097260524076294,0.1762902098744612,0.0,Weak
IEDLIFLARSA,0.0,0.0,0.0,0.0,0.06529085862081585,0.0,0.0,0.0,2.3327541194319488,Weak
MEVVFPNEVGA,0.6053247532043611,0.8971206442143966,0.10760422535652303,0.07216203948786282,0.3300950844323083,0.6110580685460372,0.5505896087685223,0.45122382593190524,20.0,Weak
QAISPRTLNAW,0.7574774584696597,0.9445370373199244,0.6360784855700858,0.5940367942902607,0.6842738318682957,0.6390330736226848,0.5185060341653385,0.615460253969784,3.376371210118602,Weak
RSLYNTVATLY,1.0,1.0,1.0,1.0000000000000004,1.0000000000000004,1.0,1.0,1.0,2.211945983942568,Weak
