,a,b,c,e,h,i,p,r,pred,Class
YNLLIRCLR,0.13654087278022775,0.0,0.5094948256994891,0.21114430881241897,0.2945043185618721,0.21376237548098653,0.19747162240306482,0.19692145731484056,4.375859005639705,Weak
VVYRDSIPH,0.1929397070011023,0.16584274670197807,0.4478369276306784,0.25700313860875457,0.3624202614727461,0.15557145318795063,0.08199535421376059,0.15239503024914414,14.253819439526128,Weak
VYCKTVLEL,0.08905518360157827,0.001862316355625282,0.12932008798211259,0.0,0.0,0.0650012116329588,0.0385452369137238,0.06875823753650212,1.0509617327226455,Weak
LIRCLRCQK,0.6584615879039859,0.7457738859704315,0.9999999999999998,0.7274099202852355,0.8598823237476658,0.6931962926743167,0.6769786329649783,0.6703897623740791,12.068442942215539,Weak
HTMLCMCCK,1.0,1.0,0.9769624066041149,0.9999999999999998,1.0,1.0,0.9999999999999996,1.0000000000000002,13.34565197306541,Weak
GLYNLLIRC,0.407673977089255,0.29594271588483334,0.6003195915495951,0.43434661783849293,0.5208300126214676,0.461740131724101,0.5273865690446904,0.4517978369401614,0.8775296944652851,Weak
FKDLFVVYR,0.0,0.030985284941046798,0.0,0.0397227602548591,0.09636512435168054,0.0,0.0,0.0,0.0,Weak
ATLQDIVLH,0.7637661611311661,0.706882700133848,0.7886225781426524,0.8729170402817934,0.8706680808967486,0.6928639872363163,0.8748739912803409,0.7592829071074367,20.0,Weak
SVYGDTLEK,0.2782407882631597,0.04830728015442354,0.39998750174590847,0.40568463773552255,0.40723195575115856,0.21972883580438296,0.3080938469617238,0.317220890542369,18.038149619217258,Weak
CIDFYSRIR,0.5907702277356044,0.7985997363933106,0.9317952086450612,0.7942415496113353,0.9177396019532287,0.6275218420568032,0.6425341313933721,0.6103756719951527,17.84594922717005,Weak
RCQKPLNPA,0.47584524262921923,0.5165934738179483,0.8527498141001291,0.5713350712579712,0.6600680880886138,0.5386205232134329,0.5831923287335696,0.5529332947080876,9.029327577294064,Weak
