,a,b,c,e,h,i,p,r,pred,Class
HTQGYFPDWQ,1.0,0.9999999999999982,0.0,1.0,1.0,1.0,1.0,1.0,20.0,Weak
ITSQDVLHSW,0.0,0.0,1.0,0.0,0.0,0.0,0.0,0.0,0.0,Weak
TSTLQEQIGW,0.3782415449560901,0.084702345893227,0.11980450196185188,0.48756381995472964,0.28977476669059676,0.25638434781097175,0.05366224414961174,0.4402876960558242,7.177030658873001,Weak
