,a,b,c,e,h,i,p,r,pred,Class
FSVPLDEGF,0.1969315917416532,0.09275796310756768,0.33180645364622574,0.14859065251475734,0.13127334521278033,0.20487987893676785,0.4463764171684046,0.21777160226643932,10.69093222136903,Weak
KTKEIEQVY,0.04082038100228047,0.0,0.4322373742913985,0.0,0.0,0.020131909653589908,0.11596869201229953,0.17467578325166233,1.7082843906644178,Weak
VTSPLTVEY,1.0,1.0,1.0,1.0,1.0,1.0,1.0,1.0,11.993561850546593,Weak
QASQDVKNW,0.6248232603131596,0.48820748999676056,0.6807066873812184,0.27376994191402915,0.3542664637733859,0.4151281241296436,0.20894811336290076,0.4166366526049945,0.0,Weak
KAAFDLSFF,0.5747260891359298,0.6147316663593649,0.391853528025357,0.7955692561747645,0.65540473012795,0.5026301042145089,0.6588042499906139,0.6279423753085158,16.68307433499889,Weak
IVLPEKDSW,0.25459029295485625,0.14940087077952047,0.39388878396969407,0.28247752526747405,0.35588186865182525,0.18079438706836815,0.17580457839134045,0.2730984517934756,9.893901355357416,Weak
AVRHFPRPW,0.03797279040088686,0.13047570389970176,0.2158837183677793,0.3272756662735583,0.31592415063157464,0.08333545257309893,0.13576693225606729,0.07754556970822257,20.0,Weak
AVRHFPRIW,0.0,0.1621981122581273,0.2991165369401214,0.31314925529444526,0.34771568941553355,0.0,0.0,0.0,19.110535114044048,Weak
ITTKAISRW,0.2571300020826861,0.3526811326451229,0.6072591243256644,0.7802735368087781,0.712446134210567,0.11120325123040953,0.16066141505609544,0.30375417517465575,17.66726002205502,Weak
KTAVQMAVF,0.44937102722643374,0.6335163434605953,0.0,0.3151053880164101,0.21490362260231954,0.21708807877076275,0.011471391119301622,0.27230876236620194,8.340912672357046,Weak
