,a,b,c,e,h,i,p,r,pred,Class
SLPSPSRL,0.9999999999999998,1.0,1.0,0.9999999999999998,0.9999999999999998,1.0000000000000002,1.0,1.0,20.0,Weak
AQFSPQYL,0.537860603661328,0.5815092445861234,0.32372328410156515,0.4861058905836899,0.42443184033466896,0.47523774299904287,0.3341995565304341,0.471041182647308,0.0,Weak
GDYKLVEI,0.0,0.0,0.0,0.0,0.0,0.0,0.0,0.0,10.0121268007539,Weak
RYPLCFGW,0.5154798024284089,0.5404762062835369,0.6552351212387086,0.4327557024406674,0.4569881789216941,0.5811569793174767,0.4478592228818523,0.5130165853338098,0.912006970339322,Weak
RFPLTFGW,0.6088710256451504,0.6743763472874988,0.7095939792825492,0.5512163373680676,0.6012343327857199,0.6881179989845456,0.6286056570419793,0.6172787981575576,11.400575514103938,Weak
