,a,b,c,e,h,i,p,r,pred,Class
HENRMVLASTT,0.5559248473869598,0.56347718214661,0.6360827717077648,0.6615410540506383,0.5960718712481192,0.6326338357891694,0.608846849308669,0.5901651977915252,4.055781607635856,Weak
LETLILLRAFT,0.2520171515167229,0.166192440853846,0.30265211167952955,0.2225733570469639,0.22806209693020052,0.25445989603095476,0.2125509926875151,0.24748280527096944,6.806434039997601,Weak
MEVVFPNEVGA,0.12342117942758724,0.2541210897749089,0.10401338119785186,0.0398143584519286,0.11978284969432018,0.1482822634137715,0.11935752653507614,0.13021577391738082,20.0,Weak
AEQASQDVKNW,1.0,1.0,1.0,1.0,1.0,1.0,1.0,0.9999999999999998,0.91844629221401,Weak
IEGRDRTMAWT,0.36376357657547365,0.4086450672059023,0.6309836354210483,0.4802026342869754,0.4984939870501026,0.4389377178666951,0.42539428638715626,0.4223809119500297,0.0,Weak
RLRDLLLIVTR,0.21242459803205627,0.15547062374899356,0.47604834055539724,0.24287920867101054,0.28325872322899603,0.2370537497116898,0.16841385983566504,0.2131855001300198,4.041666743392861,Weak
PTPVNIIGRNL,0.5217770954103618,0.5856348630370105,0.5677082416310455,0.5182517276294925,0.5483434147796935,0.5362139231117131,0.573177646380091,0.506958506927444,3.028675124996163,Weak
RDYVDRFFKTL,0.0,0.015077786905666635,0.20126883361210823,0.025274784195457034,0.06433936933358542,0.0,0.0,0.012240659051650393,3.3076925105235646,Weak
VELLSFLPSDF,0.01972225421657048,0.0,0.0,0.0,0.0,0.006927378857635391,0.019921745883387354,0.0,5.307317700160014,Weak
MEMRRCLLQSL,0.2681413984015957,0.24609939529795288,0.3067129335276606,0.2008579742286618,0.22791711914779178,0.3019698152979109,0.2026428363213526,0.270688922213173,19.38002312801654,Weak
AEMLASIDLKY,0.18051229618176445,0.19842103042779513,0.12314565746872286,0.21510898420364688,0.18195089011859578,0.16011457076272895,0.15405799239281426,0.20815436486817096,5.016628726016767,Weak
RRQDILDLWIY,0.24191526275132236,0.21800757317054376,0.4792239296508951,0.2978741989358329,0.35532327505826333,0.24790027786709357,0.14856042951449888,0.2324386561826326,2.44468296294665,Weak
TQGYFPDWQNY,0.9071813307652086,0.8840985367316447,0.9469435831222142,0.9123727938236934,0.8911012230813335,0.9090673943649039,0.8647409464281202,0.875857147886355,4.993298750396248,Weak
