,a,b,c,e,h,i,p,r,pred,Class
YQRALHTSI,0.6512374790992759,0.5602890783627803,0.614829461920011,0.5580008020054437,0.534697156706355,0.5412046761269065,0.5763564515464221,0.601597595966576,7.529492986353614,Weak
LYNTVAVLY,1.0,0.6991131191747275,0.5978266087722806,0.5720845225782014,0.5944076733331372,0.7932736203079536,0.7644038420882575,0.833513482444352,7.0268324207201465,Weak
QMRAVGQPL,0.0,0.0,0.0,0.0,0.0,0.0,0.0,0.0,13.650085985738457,Weak
VLKLRFWLI,0.6948837112392505,0.624444923251783,0.6702740412146677,0.4603746396195265,0.5142049349717701,0.6070203962723273,0.6073262743471202,0.6344742554718414,2.1345346157622616,Weak
LLKTRFRGL,0.630895983414852,0.4633678513698394,0.735455758912094,0.5067565247568377,0.5382249084005046,0.6561426740960821,0.7458166631431564,0.7060293004760756,20.0,Weak
WQFAIHYSF,0.6531558139171465,0.627085148462684,0.5128375451151275,0.5250658609339762,0.53749085056611,0.5242413595108633,0.5453354381318212,0.545594883589418,0.0,Weak
SMRSRARHI,0.9949666369759189,1.0,1.0,1.0,1.0,1.0,1.0,1.0,5.002405880108375,Weak
