,a,b,c,e,h,i,p,r,pred,Class
IEAEVIPA,0.0,0.0,0.0,0.0,0.0,0.0,0.0,0.0,8.33303935030384,Weak
RYPLTLGW,1.0000000000000002,1.0,1.0,1.0,1.0,1.0000000000000002,1.0,0.9999999999999998,18.37387572515267,Weak
WPTVRERM,0.27730722587327783,0.20282373658529496,0.361295611123968,0.310452639894812,0.26953790272746936,0.3445971263040939,0.26748179008884154,0.28646665638464053,3.9449855531505955,Weak
VGNVYVKF,0.315211166118204,0.33143575014817817,0.11564123433651252,0.043655658155277166,0.09231499948923805,0.3021440713842556,0.26146925243733454,0.20927789082478432,0.0,Weak
DEQSIAEA,0.45673232133149355,0.44336273887072286,0.4880656962399361,0.490912569151722,0.4979783732760388,0.4092722403617457,0.42476176158985446,0.4470472343008387,20.0,Weak
MTYKAAVL,0.7665910721236278,0.8715007600627045,0.4624184150328139,0.7836236507307239,0.7020303068870253,0.7117521801409863,0.6682121767578044,0.7682883038637198,13.98777379852607,Weak
AQFSPQYL,0.5733319822819256,0.576607281522199,0.30355974959084797,0.5685851851871186,0.4761211086494055,0.5130221355323372,0.44877974318868263,0.5253276152001511,10.411913218897665,Weak
