,a,b,c,e,h,i,p,r,pred,Class
ERLKARGSL,0.8353095614298058,0.6825712976085971,0.7303224674408177,0.7897164413980535,0.8194968945945149,0.8655161337581507,0.9400786084601558,0.9183609792535719,20.0,Weak
GRYFAIQEV,0.0,0.0,0.0,0.0,0.0,0.0,0.0,0.0,19.886590829996805,Weak
AYIDNYNKF,0.7963442549903692,0.7499854598216609,0.41255085060866525,0.6705403716707838,0.5964663754420374,0.6791716430902892,0.6973846632753675,0.7280020996262557,2.3393550246449135,Weak
DAYRRIHSL,0.9600925563404479,0.721829665750493,1.0,1.0,1.0,0.8587090355619997,0.8800964162483282,0.8893433368411214,19.554347177672206,Weak
ERTLHLVEL,0.7274763950532921,0.4662575462958709,0.7648877937991352,0.5249971132188347,0.49613939159807074,0.7043138947429086,0.7561538283280482,0.7351506204244171,9.114458412128677,Weak
NAYERMCNT,1.0,1.0000000000000004,0.7006571646912163,0.8355069163610986,0.7955256406446565,1.0,1.0,1.0,2.4988181996095893,Weak
ARYAAAAAL,0.7101998540706553,0.6949539742417188,0.2494312464984465,0.8297765713374514,0.6503427337473875,0.5031254578208286,0.4840890972330554,0.7090637736239489,0.0,Weak
DRKLAINSL,0.6513190475019295,0.4296887426821532,0.5997471676148103,0.5877250109659093,0.587073687755689,0.5474968944275829,0.5692516070370139,0.6234210280597887,7.993221844106862,Weak
