,a,b,c,e,h,i,p,r,pred,Class
VDRFYKTLRA,0.47750461733771665,0.674384557731396,0.2636535852408235,0.4825090581753235,0.5516356570833478,0.4720470620795503,0.3229874765740792,0.4339779101303667,17.772709080432342,Weak
ETFGFEIQSY,0.8037245105711612,1.0,0.8822050996929844,0.9169815924754081,0.9735826314190805,1.0,1.0,0.9825441296575943,0.001529855577191681,Weak
RILHNFAYSL,0.0,0.0,0.0,0.0,0.0,0.0,0.0,0.0,8.706769230531645,Weak
FLPSDYFPSV,0.4451825813818382,0.25336270490037993,0.20588471840491263,0.39921639350312965,0.3542507798600836,0.3539043851014112,0.644503709237525,0.38526096403365484,20.0,Weak
VHPVHAGPIA,0.4803652837126129,0.8449935312620198,0.40134512095336117,0.5706619696071815,0.5208935002820523,0.36039256139865383,0.42834163254058133,0.3488395498813448,14.97984270383057,Weak
TWEAWWTEYW,1.0000000000000004,0.9235036894357131,1.0,1.0,0.9999999999999996,0.9993757135264172,0.8615886321459909,0.9999999999999996,0.0,Weak
