,a,b,c,e,h,i,p,r,pred,Class
FLPSDFFPSV,0.5816596859982086,0.7738668424478652,0.5145001472192607,0.5857334965816561,0.5933696896719973,0.5563801613862891,0.6051883081618117,0.4987108952828949,20.0,Weak
FFPSDYFPSV,0.4323463603807145,0.5718916699448435,0.4111714308982988,0.5445580297729409,0.5079128490539806,0.4245892749415754,0.5158232734427743,0.3866934938022881,9.548875801297715,Weak
LLWKGEGAVV,0.0,0.0,0.0,0.0,0.0,0.0,0.0,0.0,15.00444422314891,Weak
FVPSDYFPSV,0.4976378499571874,0.6421842830464621,0.4298327944536693,0.5056741689582571,0.5115567890473041,0.4252547585603059,0.43384859078136717,0.3502324298209212,11.170565343029736,Weak
FLPSDYFPSI,1.0,1.0,1.0,1.0,1.0000000000000004,1.0,1.0,1.0,0.0,Weak
FLPSDYFPSF,0.8908531349400777,0.8987115751290178,0.7875618364542412,0.8909768988347189,0.8606891413619748,0.9374350394976707,0.9981321949097959,0.9255219216883406,3.9195961828199053,Weak
