,a,b,c,e,h,i,p,r,pred,Class
RRDYRRGL,0.023159755457599296,0.0,1.0,0.38652106326977975,0.6363533133430495,0.5336162688347921,0.6000774323776987,0.33508943568076965,0.8571023850207753,Weak
RFPLCFGW,0.2728946767201794,0.5051346107203489,0.5129666542548419,0.14239070926691078,0.4073946156009449,0.4985280822828644,0.4058818083914124,0.3532982112863863,2.9643667334762376,Weak
IGWMTNNP,0.7814707162229872,0.8608380628991821,0.5346367674986743,0.6334880886860272,0.6931148844536934,0.8970929671648555,1.0,0.803850149780958,20.0,Weak
EVAQRAYR,1.0,1.0,0.8376453316578862,1.0,1.0000000000000004,1.0,0.8132508164436967,1.0,0.0,Weak
FSLPAQLL,0.0,0.015365833939686269,0.0,0.0,0.0,0.0,0.0,0.0,12.934547830736333,Weak
