,a,b,c,e,h,i,p,r,pred,Class
MHFRGGCI,0.0,0.0,0.0,0.0,0.0,0.0,0.08419762030672984,0.0,17.366034400768086,Weak
YQILQPIL,0.21873671600262812,0.18117457674454207,0.10217008470924727,0.11250476744094318,0.07968742264374762,0.05363136712993333,0.0,0.05026438644931486,0.0,Weak
RQYTAFTL,0.6056085036905359,0.509486007510483,0.6662525565685193,0.625722612531334,0.5803231963174131,0.5600634677766132,0.517802648428306,0.5975512167704262,3.4371406063947707,Weak
YHSNVKEL,0.8642752251033738,0.8833195457531571,0.757628777724344,0.8924089188627586,0.8469457604479564,0.879095764222585,0.9511562285630772,0.8854056351281763,20.0,Weak
WRNATIPL,0.9999999999999998,1.0,1.0,1.0000000000000002,1.0000000000000002,1.0000000000000002,1.0000000000000002,1.0,14.103862770566717,Weak
WHSLIKYL,0.6277261177879971,0.49054718852437174,0.4017976414198774,0.5918344586685891,0.5241078708629248,0.521848685556358,0.474246094763936,0.5456985534030994,0.7165368102382352,Weak
