,a,b,c,e,h,i,p,r,pred,Class
YDSQGLPEELP,1.0000000000000004,0.6246310320065316,0.9285647628211091,0.6549942560577833,0.8414939305513283,1.0,1.0,1.0,14.156652724391087,Weak
NLPFDKTTIMA,0.9385761019332004,1.0,0.6792587670323327,1.0,1.0,0.9196018382530466,0.9053244113674079,0.9973444655751535,8.366961819162727,Weak
RAEIIRMMEGA,0.0,0.0,0.13781990429821267,0.12598098420885773,0.2512883148413474,0.03599482412989108,0.19793427947578301,0.0,9.042174844091734,Weak
RTLFQQMRDVL,0.5943434527358016,0.40380306586879744,0.3748376276855119,0.2880110639579465,0.35550991620742156,0.4894596509928375,0.34154119241751424,0.36964754556812984,10.745068661082039,Weak
AYISSEATTPV,0.48968201262504385,0.35370273914720496,0.18986686811023912,0.6516886048227235,0.5520093053666306,0.16921242178487095,0.44603007642420067,0.4017606872484283,4.308709614915745,Weak
QMNSLRAEDTA,0.5466992206135726,0.3574807120256658,0.30871951396106834,0.41650587038269116,0.40804179306858934,0.46070578621927183,0.495384641649081,0.46384753493305464,10.07266840788135,Weak
LPFPFLYKFLL,0.7697196942371733,0.430241788454631,0.0,0.5903152542880932,0.48959788015674555,0.7680053761089294,0.7260990062628476,0.7315023752316083,11.308053597668222,Weak
RLRDLLLIVTR,0.5923267330340525,0.19430404199215623,1.0,0.5341206106539724,0.6976034741875559,0.607139778073698,0.48803518762986187,0.5198833867825687,0.0,Weak
RQAPGKGLEWV,0.8751748386215001,0.8883102555232467,0.7360921609703608,0.5385811166204642,0.8745786722399957,0.8690148629286893,0.7592047785880949,0.8383892854328838,20.0,Weak
AEQASQDVKNW,0.32483516256810363,0.2871031680805096,0.027394931302164416,0.0,0.0,0.028859925613301307,0.09978008747520839,0.06825079268187828,16.89936802728651,Weak
QLVFGIELMEV,0.5511066955385613,0.4033461442298023,0.1729735774254495,0.06995964609988992,0.20461326402899616,0.4249085462282407,0.34257668459792256,0.31340377928155316,19.467719265564778,Weak
AWLLNILTIAV,0.2703379852693235,0.08053522865836626,0.03649890965180802,0.16245138940597847,0.06464374712657506,0.0,0.0,0.0442168152968101,6.5573723059608415,Weak
