,a,b,c,e,h,i,p,r,pred,Class
SVKGRFTI,0.7051895628053386,0.8870908527624355,0.7988459083892119,0.7523686234500162,0.8043531549478815,0.7848462067560322,0.782055809059504,0.7382474331053568,17.802578065390165,Weak
AVPNGTLV,0.674876430148224,0.7139458760197908,0.5005385272390264,0.5096951694541567,0.5306606210504521,0.6872446262840657,0.6058018181150815,0.6323050627572746,17.42467349631541,Weak
VLFQNWGI,0.729672839759592,0.7496659347166679,0.6591530042388363,0.4704469037282708,0.5470850350679459,0.7456289621167191,0.5629419938641202,0.6197108898485881,10.849066816579402,Weak
EIYKRWII,0.8004695975874139,0.8604523419424615,1.0,0.8619947826928671,1.0,0.8637882238121319,0.7126811189051283,0.83907204569726,16.980985746981695,Weak
VFYLYSLL,0.7080540388409728,0.3476664129677216,0.4883828243080863,0.5749306891609751,0.44956726547838155,0.7364032616877965,0.6685572999700189,0.6854482539197089,10.966811474119568,Weak
NVMGMIGV,0.10583910520242279,0.15079894522446669,0.0,0.0,0.0,0.23647436969690316,0.17370826562610686,0.09377744782970066,12.597159259764027,Weak
ATVSADPL,1.0,1.0,0.9024704217483959,1.0,0.9408016839877202,0.9260161003766467,1.0,1.0,19.34939575830186,Weak
AQFSPQYL,0.8583253657385672,0.8058106410009316,0.6045209372930902,0.8157922275858183,0.7112662721279537,0.829192047649081,0.7173911991939725,0.8178743177350647,20.0,Weak
EVAQRAYR,0.9292540896884902,0.9334907991322519,0.9416293443290686,0.827298865396199,0.947704382163876,1.0,0.8288179216937883,0.9230654259084319,17.239941452850037,Weak
ISTNIRQA,0.0,0.0,0.40362224052452245,0.14374387750528506,0.07361069499944017,0.0,0.0,0.0,0.0,Weak
YPDPVIKV,0.16470163439151841,0.01050209195366314,0.24783976037145283,0.02621384280837402,5.025764337673877e-05,0.11781379403171721,0.08487600531774975,0.0816144984227436,1.253583174138157,Weak
KAIGTVLV,0.46000610368045924,0.4717783907520001,0.4831070816145022,0.3569847347703239,0.3602972615312652,0.44668477824573927,0.4141315876605969,0.42055824254965346,10.389834022590954,Weak
