,a,b,c,e,h,i,p,r,pred,Class
AEIAQRLEDVF,0.0,0.0,0.0,0.0,0.0,0.0,0.0,0.0,20.0,Weak
IEDLIFLARSA,0.23779377537437885,0.13206499294880292,0.339727402776143,0.44556571348516094,0.41396434422430595,0.22898138006798874,0.2883353750167368,0.27878534655436393,0.3820010567169372,Weak
AEKPKFLPDLY,0.5239736114270661,0.45404575604134934,0.23303124192972913,0.6846808592385534,0.47068431923161924,0.575428373989415,0.8543251037786845,0.7055370472852744,0.0,Weak
KRQEILDLWVY,1.0,1.0,1.0,1.0,1.0,1.0,1.0,1.0,17.562064985556233,Weak
