,a,b,c,e,h,i,p,r,pred,Class
RMYSPTSI,0.280345301628075,0.40736770298024183,0.43877446700289546,0.9723429552383633,0.9198244440472605,0.7283106512134223,0.5801979249535698,0.5141346984133541,0.0,Weak
FLKEEGGL,0.05887453522828068,0.0,0.2247129598756139,0.0,0.0,0.7554710540036291,1.0,0.5170020864801277,20.0,Weak
TAFTIPSI,0.0,0.2226238441807702,0.0,0.7057242506787933,0.5264120031279313,0.0,0.0,0.0,2.067715995058488,Weak
KLWASQIY,1.0,1.0,1.0,1.0,1.0,1.0,0.9106656466170193,1.0,14.434320693027196,Weak
