,a,b,c,e,h,i,p,r,pred,Class
YFYYNAFHWAI,0.0,0.0,0.0,0.0,0.0,0.0,0.587664574388274,0.0,0.0,Weak
MVRVLTVIKEY,0.07390322100620939,0.4745133020109522,0.13781926063388106,0.08496644787992835,0.29386488422057777,0.030413650173421125,0.0,0.12771061261119243,1.7147815571107636,Weak
VALFSSCPVAY,1.0,1.0,1.0,1.0,1.0,1.0,1.0,1.0,20.0,Weak
