,a,b,c,e,h,i,p,r,pred,Class
FPQPQLPY,0.8773851281482399,0.6406703619026466,1.0,0.5242078691684826,0.613610611963189,0.9544254339427054,0.7079686836009031,0.6316957323625569,10.259371563645024,Weak
TAFTIPSI,0.09635981471068522,0.4168638204394348,0.8293187611771025,0.760702309265608,0.8528626329245821,0.0,0.12963083531220043,0.00815416647540701,15.891861082233333,Weak
LPYPQPQL,0.2102106754287627,0.0,0.0,0.0,0.0,0.31272102240178423,0.0,0.005693380742372689,10.816385901685912,Weak
SPEVIPMF,0.41845395881864444,0.6798027994650679,0.20100346950457215,0.3367601349422511,0.7593544395328928,0.5669072366804873,0.4049859976262402,0.19431968381419118,20.0,Weak
HHIWQNLL,0.6553461934215408,0.3143756953069543,0.8558964562903899,0.019607011757910797,0.2964308651134626,0.6564725642675633,0.11886884751181714,0.16147115145822788,0.0,Weak
AFPTSCHM,1.0000000000000009,1.0,0.880611152900471,1.0,1.0,1.0,1.0000000000000009,1.0,13.729562423985254,Weak
VPLRPMTY,0.0,0.17108533896580447,0.25228341753565076,0.21554489063229276,0.3510396067999464,0.42242733689721845,0.18443607342294133,0.0,10.96285380875096,Weak
