,a,b,c,e,h,i,p,r,pred,Class
RQRAVRMVL,0.9388280532685691,0.9999999999999998,1.0,1.0,1.0000000000000002,1.0,0.8683068922745338,1.0,4.298502753180773,Weak
RMFKRVFNM,0.0,0.2762539671432507,0.022378640776699932,0.0,0.0,0.16468929596395698,0.15298035996485027,0.0,11.726105925980308,Weak
RVYAHVRSV,1.0,0.9773920801599953,0.9385339175387726,0.8790561396011234,0.9294213770648059,0.9486955234591679,0.8188712132992437,0.9154399512933402,6.846332378432134,Weak
YQLEMYHPI,0.2102835497400517,0.1766126465529303,0.33530544698020526,0.3803596606929567,0.2038500982958844,0.29393063717505385,0.4680371175328264,0.30095458762967686,20.0,Weak
YQVKYVSPV,0.9334129710935355,0.9274974944358416,0.6471444332366665,0.8043196872891865,0.7225660318377451,0.8290177884065772,0.8671088175838162,0.8692195476661015,0.8617470665605543,Weak
RIYKRSLKL,0.6283231496492572,0.5954803347072553,0.9836489723868378,0.7449003070201448,0.7027207685847761,0.7032120103958994,0.7386689184057982,0.7869914875675947,8.0976859989434,Weak
AQIGIFAPV,0.11525457343338363,0.4022451886396363,0.0,0.162288842075744,0.12604165131961187,0.0,0.013144828533922848,0.004830601322059369,0.0,Weak
FMFDYIPPV,0.8037708896752367,0.8674395730157507,0.4751929138822346,0.8371081558915012,0.667398627765112,0.7686753818999548,1.0,0.8174350222152991,6.672527503357664,Weak
RQYERYTAL,0.08914245879717786,0.0,0.4346784768629437,0.07591784404957824,0.1034195053113085,0.14633820770520378,0.04656543483999753,0.14007508194536022,12.911702957037134,Weak
RQLLWRYQI,0.1510454432694619,0.19410165367234433,0.53561278527298,0.06612437504265234,0.10975829269433257,0.13692824040880502,0.0,0.010778145806951134,16.972218090388605,Weak
ILFDRLPIA,0.9253662848293032,0.8153136808317567,0.964633400580003,0.9374451583262564,0.9077184529143814,0.8782952231860537,0.9616496761618212,0.9685473598129613,9.252106573862552,Weak
GMMRWCMPV,0.4498451774734957,0.5957509243500201,0.17447137813642755,0.35150394375262684,0.34781177154870635,0.47609544508682755,0.5557591121300995,0.47151139671439735,0.46298912810839965,Weak
QEMPYPFVI,0.782193251589324,0.8371332508679183,0.5478845668894223,0.7682104189950487,0.6103437761633921,0.7465953297750794,0.8730814712487387,0.7902663065089741,2.8762055749134046,Weak
