,a,b,c,e,h,i,p,r,pred,Class
LQDIEITCV,0.0,0.0,0.0,0.0,0.0,0.0,0.0,0.0,7.954780766647857,Weak
IEITCVYCK,0.1969533562724053,0.28082575415843114,0.150879479566159,0.17583224942720754,0.15654131453511955,0.19605603842658037,0.1653173409834534,0.19662251504696338,10.842495916458187,Weak
HTMLCMCCK,0.9747469363410273,0.9024875112440731,0.6365899870272258,0.8450565515801243,0.7320567832008553,0.8539957759878356,0.7690443136741478,0.8846336849655918,17.136171890519712,Weak
YNLLIRCLR,0.09647851505086935,0.03884424607991188,0.23060230042968555,0.18717602494384966,0.1529203470903302,0.20909487042352337,0.23488879237802585,0.18798058219042568,5.850293010887738,Weak
DLFVVYRDS,0.6624533910347352,0.5917858457529404,0.5749399457354889,0.6164832743861748,0.6317432563249692,0.5783137719174973,0.6362592081841216,0.5783399700040344,4.544310736380887,Weak
LFVVYRDSI,0.38230804790614936,0.4259458042282125,0.311894166787835,0.4842967147415067,0.42155484710540314,0.38414367707437114,0.495286636302273,0.3606451091821963,8.311374603589403,Weak
GLYNLLIRC,0.37226185669870104,0.2944331795282391,0.30948207322995347,0.3733196431605674,0.33870951533970417,0.4124953114273786,0.45447715239891995,0.40908027699287053,6.087564349442244,Weak
LIRCLRCQK,0.6273507567820087,0.6829268400335802,0.6565977472006062,0.6177251052815005,0.6170351696093312,0.6023441346588387,0.5540442569595965,0.598703999955218,8.930004356718442,Weak
RQERLQRRR,0.4178690570138799,0.5032708226115554,0.8164838476203278,0.5798586356630211,0.6144084190005328,0.559368602183586,0.5468895721550397,0.4942223180060161,0.0,Weak
KLRHLNEKR,0.3571669555395909,0.5123338326775944,0.539777773907592,0.5390557932993536,0.4753419988678198,0.49359654718852464,0.561050138162414,0.4788774743572879,12.801303298781399,Weak
SVYGDTLEK,0.24060874327470927,0.08056450324367814,0.1354970419401731,0.34941646444838304,0.24545767052210965,0.21398877977812303,0.3085179295843672,0.2923377141090997,20.0,Weak
CIDFYSRIR,0.5584984137400246,0.7285495299778688,0.5973630396226512,0.673460555995971,0.6645298018014401,0.548475544101902,0.5311183128978314,0.5466430867935781,10.11975416360758,Weak
HLNEKRRFH,1.0000000000000002,1.0,0.9999999999999998,1.0,1.0,0.9999999999999998,0.9999999999999998,0.9999999999999998,5.788836011170076,Weak
LLIRCLRCQ,0.16229031301952945,0.13525483771017277,0.27920544897017696,0.11289373608080111,0.0902629137231652,0.19973895645263862,0.11881352390191502,0.15759617241562696,6.892189003479843,Weak
