,a,b,c,e,h,i,p,r,pred,Class
SPNPTVEAGRTL,1.0,1.0,0.9999999999999996,1.0,1.0,1.0000000000000004,1.0,1.0,20.0,Weak
GPGAGSLQPLAL,0.16475597740409853,0.20904724128248509,0.0,0.10462812727148263,0.12935714591884473,0.2126351712926975,0.1931149802228589,0.2069843370067228,10.672817618634085,Weak
SLVWAPLILAYF,0.7591930504466635,0.6017172865454992,0.49754328913969514,0.7364474321426782,0.6401894285954999,0.6233845434863192,0.501989025675182,0.6826804648548874,0.0,Weak
DPHGPVQLSYYD,0.0,0.0,0.08554736637921945,0.0,0.0,0.0,0.0,0.0,8.517223742299395,Weak
