,a,b,c,e,h,i,p,r,pred,Class
VKSMILHEI,1.0,1.0,0.0,1.0,1.0,1.0,1.0,1.0,10.805182357465826,Weak
DELVDPINY,0.6998322069271126,0.0,0.4003641416785513,0.0,0.4513820605266048,0.0,0.0,0.3335091480456427,0.0,Weak
FQILHDRFF,0.0,0.44907042372540573,1.0,0.5835414338470315,0.0,0.3037582519904234,0.6377594617446363,0.0,20.0,Weak
