,a,b,c,e,h,i,p,r,pred,Class
AEQASQEVKNW,0.9999999999999999,0.9999999999999998,1.0,1.0,1.0,1.0,0.9999999999999998,1.0,1.3117482634490139,Weak
RSLFNTVATLY,0.32337745800746387,0.19760573803539971,0.36795730008730865,0.34848578005507136,0.30193032292134725,0.30530529251182736,0.3044002194982385,0.31038852510815185,12.127455915705037,Weak
AYISSEATTPV,0.0644182438440184,0.09925757334112362,0.24711733986829953,0.1822915593519001,0.0691426076889714,0.015238835996128075,0.16914311927036385,0.07310331792606017,20.0,Weak
RSLYNTVATLY,0.3359582826761508,0.17131987955579642,0.3969202339410107,0.35926667990845007,0.3093134328915892,0.3142567925533648,0.32409588096369446,0.32888423095831965,14.813854608555243,Weak
QALSPRTLNAW,0.4765463293956823,0.3989441235018898,0.5803224925073323,0.478067897383319,0.4418711060917859,0.4517704138720331,0.4450694699399351,0.4625972776590289,5.115267785398487,Weak
QAISPRTLNAW,0.4531053608908405,0.44015717839000734,0.6198464192891702,0.5110925213317719,0.47220797692854033,0.42680532491999146,0.4272614620116961,0.43779470752499006,3.7009513578657898,Weak
KAFSPEVIPMF,0.0,0.029284778479714557,0.0,0.04191205862209069,0.005130018274454473,0.0,0.0,0.0,11.84518232351298,Weak
AEMWAQDAAMY,0.8678630834648909,0.8091407908338517,0.7091712162380197,0.8808391115037857,0.8415806577869451,0.8553302604916484,0.8067252256236792,0.8730812013516894,16.045820365436192,Weak
LPFPFLYKFLL,0.13239383161855,0.0,0.14852895787408937,0.0,0.0,0.14333902682391775,0.13236056891062642,0.12189615191325831,0.0,Weak
