,a,b,c,e,h,i,p,r,pred,Class
LYAAVTNF,0.32378375088831035,0.4693643443509514,0.020153626219183263,0.19151489512678088,0.02863529590158631,0.337378545924655,0.3299192223650329,0.2513163778381924,4.058629208898992,Weak
RYSHWTKL,1.0,1.0,1.0,0.9999999999999996,1.0000000000000004,1.0,1.0000000000000004,1.0,0.0,Weak
RFPLCFGW,0.1449821994369782,0.35530734377249784,0.293605468908988,0.0,0.0,0.35222708672118097,0.20774628085455316,0.16748336499000116,13.568260359738709,Weak
RRDYRRGL,0.0,0.0,0.6884005757201273,0.11609574923262045,0.20542945269489898,0.3710084546312258,0.31739326930141454,0.1579743831923217,20.0,Weak
RYPLTFGW,0.8893098956799648,0.8815899227537578,0.8316067252351931,0.8099238112920868,0.8660367250002019,0.9572588922766254,0.9827865086700691,0.8778085779095388,3.799459012925591,Weak
SYQHFRKL,0.6786155461195063,0.7635061499690288,0.6253767988102359,0.734472954571253,0.6228021717387366,0.7524756374070973,0.7534420406523163,0.6845653059499011,3.671597630909307,Weak
TAFTIPSI,0.011135658252747316,0.25105699216209576,0.14868501762566622,0.31485162779945686,0.08228742578196879,0.0,0.0,0.0,2.624511134552178,Weak
RMYSPTSI,0.13906806420962914,0.3260276315846333,0.25805536335669643,0.5091414500487841,0.3097501055555636,0.3072036432833096,0.24583889281441484,0.21953454525396365,6.901984653527105,Weak
SAAIAGLF,0.19620900030231958,0.37434639589954966,0.0,0.2896033756864358,0.14791711847270683,0.2228436543211454,0.20023553907540403,0.1991269586856741,1.8730489070358036,Weak
SFFYRYGF,0.7308641493617909,0.7923402501386985,0.5443024273965564,0.8156523261729665,0.779338790157921,0.8668425489425124,0.9455908590792865,0.7718225288470535,3.668031870887182,Weak
EIYKRWII,0.4073703263093007,0.6349901881192421,0.6270956929406211,0.44794644822656027,0.5957276823914799,0.48515614470092094,0.29892022103075755,0.40897008750080754,6.28706304755229,Weak
