,a,b,c,e,h,i,p,r,pred,Class
FEYGGFPPA,0.0,0.0,0.0,0.0,0.0,0.0,0.0,0.0,20.0,Weak
AQRAAGPSV,1.0,1.0,1.0,1.0,0.9999999999999996,1.0,1.0,1.0,18.77842999706025,Weak
MQYEVTQHA,0.7290853310110625,0.6852629111505637,0.48231196655893527,0.5210632923258114,0.448481538918279,0.6778619655962617,0.22519012013423456,0.6417682587086855,0.0,Weak
KQLELFWVI,0.9113538877674019,0.884394362500057,0.9351854018842882,0.6538586617137003,0.7088203998770859,0.928200625588226,0.5853819738719626,0.8482526188068995,7.367190111516559,Weak
