,a,b,c,e,h,i,p,r,pred,Class
SDILSGIFSNPH,1.0,1.0,1.0,1.0,1.0,1.0,1.0000000000000002,1.0000000000000002,20.0,Weak
TLVGLAIGLVLL,0.8916317670536498,0.8041599915664337,0.6823545837440195,0.7534397748429473,0.7576356671265829,0.8809993801148985,0.814500865746788,0.8780776443829976,18.91584533585243,Weak
DILSGIFSNPHP,0.0,0.0,0.0,0.0,0.0,0.0,0.0,0.0,0.0,Weak
LVGKLNWASQIY,0.4586181806008789,0.4337371256741187,0.26930936921597715,0.2930749652098268,0.3246310128160115,0.4508107709799303,0.32779961333010177,0.4081066103569,5.9227520095351185,Weak
SLVWAPLILAYF,0.8801391331589858,0.818894948907662,0.6198526551063361,0.7710102771162615,0.7612718238653766,0.8413555471686585,0.7220847745211507,0.8399894511883406,9.594291851704085,Weak
