,a,b,c,e,h,i,p,r,pred,Class
KAFSPEVI,0.297849623903101,0.5979160438930005,0.35452510638289736,0.5372337291718678,0.4622355892118972,0.295649594255873,0.44893221852527,0.3900220539921375,11.10654298116095,Weak
AFPTSCHM,0.5039161338517282,0.6704045345102858,0.2949853513111518,0.7282421659499732,0.4814058547127611,0.4405891970808602,0.5927969320045046,0.5753657284614166,20.0,Weak
VGNVYVKF,0.1558666605916712,0.30892021159506955,0.0,0.0,0.0,0.159241171429934,0.22424072219979196,0.08751223490791249,16.58907496073904,Weak
IPCRDVVL,0.0,0.15407324186068694,0.24576638710147503,0.09274187012803914,0.06732451730719902,0.0,0.0,0.0,0.0,Weak
IPCMDVVL,0.08706286575496591,0.2059538563458827,0.03149699696387209,0.11658643013032366,0.026260215242818852,0.03366669552217605,0.006687966716532934,0.06190498687648782,5.472719201390778,Weak
FLKEEGGL,0.2036995572177891,0.16753290215067684,0.33510290373237117,0.2466169573759993,0.1949461579683449,0.37693935771526643,0.5737849822114933,0.438392631394771,2.067551193963361,Weak
YPPRPCGI,0.30199752952751746,0.39023781592027573,0.3879434276107796,0.5001683856698174,0.4362102273917605,0.37054316119562936,0.4467033284763833,0.4044455986552151,5.722337400366532,Weak
QPLQQYPL,0.30702994371945547,0.0,0.1256810420266521,0.3126642746496766,0.050293973048342266,0.21503981573974063,0.17107167637062748,0.26933028498024303,11.109208057667315,Weak
RYPLTFGW,0.9999999999999996,0.9999999999999996,1.0000000000000004,1.0,1.0,1.0,1.0,1.0,5.281713590325991,Weak
