,a,b,c,e,h,i,p,r,pred,Class
FLKEEGGL,0.3966189398391391,0.37158579236570954,0.7751442987065786,0.274218362215656,0.3911510453018554,0.6703853096241863,0.9129533150627944,0.7272826704440662,0.0,Weak
FLKENGGL,0.4155183143713783,0.4194775321445565,0.5785257107330466,0.2837537276211046,0.36960859747871044,0.6845922420795034,0.841786417283144,0.7040453951882437,2.8561097785608442,Weak
RFPLCFGW,0.5683902080381147,0.6168854368909766,1.0,0.5354493869799732,0.761381935553322,0.7502813600480831,0.586094920427751,0.6403491880805356,20.0,Weak
FPTSCHMF,1.0,1.0,0.9089981587610296,1.0,1.0,1.0,1.0,1.0,17.552971307738222,Weak
RGYVFQGL,0.0,0.0,0.0,0.0,0.0,0.0,0.0,0.0,17.15842208905854,Weak
