,a,b,c,e,h,i,p,r,pred,Class
FANYKFTLV,0.1173266416824359,0.1283359003305331,0.02479053654692942,0.10390860878479957,0.06627555609488756,0.13142410895285872,0.20249586423344912,0.1423600249473198,8.501328172246286,Weak
IANYNFTLV,0.0,0.0,0.0,0.0,0.0,0.0,0.0,0.0,7.877649187973368,Weak
SMMAFSAAL,0.7535252257269169,0.9049579819331943,0.34535988597005796,1.0,1.0,0.7364336920865435,0.8632831840321908,0.8089691562824246,20.0,Weak
KLPQLCTEL,1.0,1.0000000000000004,1.0,0.8007191512318896,0.9865015081312469,1.0,0.9999999999999996,1.0,0.0,Weak
FLARLIWWL,0.5879556669006374,0.5660230965483701,0.78240688368082,0.5939259437647788,0.7374066561782824,0.5750939884265236,0.6223652208196788,0.5542438680171364,6.778553915736467,Weak
LTSELPQWL,0.8229350496651664,0.6772159897862786,0.81470854246645,0.649636680473602,0.7770871990153978,0.8048231727544142,0.8782210362193061,0.8099469028553989,2.3006846853277296,Weak
FANHNFTLV,0.12010181598598502,0.2235753165546681,0.11633507346296357,0.09536574716563262,0.10396020613160539,0.1578828646198076,0.2067681576991478,0.11841337737176127,9.200344511263648,Weak
KTLLSLALV,0.69253396564691,0.5371784380803857,0.5926757863445671,0.6965010795785034,0.7259766030537671,0.6242051527772663,0.6932413373434501,0.7066208827052871,6.448489311903563,Weak
