,a,b,c,e,h,i,p,r,pred,Class
RSLYNTVAVLY,0.40578892071371087,0.051061545143667786,0.7217142148823683,0.0,0.1684672828909406,0.4018337459587329,0.0,0.09385614371196382,5.826199172276844,Weak
KSLYNTVATLY,1.0,1.0,0.9999999999999858,1.0,1.0,1.0,1.0,1.0,0.0,Weak
RSLFNTVATLY,0.0,0.0,0.0,0.224138548512947,0.0,0.0,0.29006304486194523,0.0,20.0,Weak
