,a,b,c,e,h,i,p,r,pred,Class
KFDSSLARR,0.010208014563079515,0.0,0.0,0.08710014475002792,0.03375001592282323,0.0,0.0,0.0,13.147135748704919,Weak
ITLWQRPLV,0.9455244188158888,0.9263052498097897,0.7900174623211078,0.7857498274134285,0.8946686914064237,0.8929480433618965,0.781759813508762,0.8226029174052187,13.147135748705084,Weak
AIFQSSMTK,0.3803312276548686,0.46248846056302306,0.2746227471268188,0.35101979734996114,0.320850483339709,0.3426741883291661,0.3302740077836388,0.3519243789837567,0.0,Weak
SQARRHLAR,0.47908093034405697,0.45605822977428345,0.5929516176290572,0.5310175704264555,0.5336813065284347,0.5110008294501825,0.41929275568462443,0.4522814493233258,10.00219769470669,Weak
PIPVGDIYK,0.21265392272353567,0.2257795587116409,0.08658641779022624,0.12484293508517963,0.16190616072362585,0.1659946654374026,0.146521661826587,0.15833376086873252,20.0,Weak
LAFPQGEAR,0.0,0.05256424042607133,0.07414438016968439,0.0,0.004775688917830867,0.04741266890380669,0.050499614769157875,0.013974626797726208,13.147135748704914,Weak
KIQNFRVYY,0.35834876852457065,0.3603290895257416,0.2744157545610637,0.2714945774412647,0.32824446339314006,0.3766058276836203,0.23024378197909878,0.3125283166931738,13.976013520277466,Weak
SLTETTNQK,1.0,1.0000000000000002,1.0,1.0,1.0,1.0,0.9999999999999998,1.0,13.147135748705042,Weak
RQIHSISER,0.11146617773474465,0.15089546030940904,0.4134651519093464,0.18859138180603519,0.21659131150407585,0.1541511176348389,0.07684861415673971,0.10418321108229567,16.376461037280535,Weak
SLARRHLAR,0.624567892679693,0.5862194268323613,0.7265385525438139,0.6749851464202199,0.6976450820092945,0.678208584733568,0.6258404946759122,0.6209557258792355,17.174879656701304,Weak
KLDKWEKIR,0.1724078711047602,0.2506870910474259,0.1637607408620816,0.14606017147311,0.1785770670429987,0.2057752933023792,0.1711547047551314,0.18830862901320256,15.985633869595738,Weak
QVPLRPMTY,0.20391626229274873,0.07223352777073289,0.1431046672184093,0.01080307315443707,0.0,0.17380146723216872,0.051159643612082695,0.10393066411542429,13.147135748704928,Weak
