,a,b,c,e,h,i,p,r,pred,Class
STLPETTVVRR,1.0,1.0,0.8571402972802664,1.0,1.0,0.9484981820623588,1.0,1.0,2.050997826562371,Weak
RLRDLLLIVTR,0.9033042821386577,0.0,1.0,0.9890291365546773,0.9883781597476506,1.0,0.7994208650047696,0.9888320042044221,20.0,Weak
KAFSPEVIPMF,0.0,0.7376976036236513,0.0,0.0,0.0,0.0,0.0,0.0,0.0,Weak
