,a,b,c,e,h,i,p,r,pred,Class
RGPYRAFVTI,1.0,1.0,1.0,1.0,1.0,1.0,1.0,1.0,3.8108192787396407,Weak
KGAVDLSHFL,0.5266591163345442,0.19820645154837457,0.0,0.0,0.0,0.16302451355204006,0.35913315702457815,0.23219640287175025,20.0,Weak
RILHNFAYSL,0.0,0.0,0.15817899730690588,0.20156734535243004,0.16394500850594795,0.0,0.0,0.0,0.0,Weak
