,a,b,c,e,h,i,p,r,pred,Class
NSLRAEDTAVY,0.0,0.0,0.0,0.0,0.0,0.09711453777948886,0.17992178838974926,0.002337031436527859,13.383413881172624,Weak
AAYHPQQFIYA,0.34537398068544123,0.41092610317624345,0.002753156473065843,0.4468342687470015,0.2585385900858004,0.2599818746981839,0.16807504663929418,0.255835988857938,11.284181714834276,Weak
STHEANTMAMM,0.6612051734992277,0.7475626600160972,0.08029460185783677,0.7224182028787567,0.4984647279554961,0.7926958987586881,0.7487163946848581,0.7311430799840828,20.0,Weak
MSLLDAHIPQL,0.5808310913879757,0.27788672736845754,0.3927398193114122,0.3687785837665114,0.29699092281066086,0.5203193601995082,0.39892885843771886,0.4876267727815353,4.473366511971044,Weak
DTTQIIKLLPF,0.1240807767010561,0.028061693824318112,0.19577724254699191,0.06729176626694855,0.039081515446804715,0.0,0.0,0.0,3.373374638583203,Weak
SLRLSCAASGF,1.0000000000000004,1.0,1.0,1.0,0.9999999999999991,1.0,1.0,1.0,5.501610721318648,Weak
EMKTDAATLAQ,0.552449065559864,0.45358110066419943,0.6105108126028949,0.5521812148698668,0.4151038737132744,0.4916107192427388,0.47552828724324225,0.6036587982491044,0.0,Weak
FFENRSETWPI,0.20052167267886434,0.2932811456453992,0.6164225077857495,0.14749172888296425,0.3110764931886054,0.36289118092441,0.4419517794821042,0.17920967767608342,16.85532920393368,Weak
