,a,b,c,e,h,i,p,r,pred,Class
TSTLQEQIGWF,0.020026506553944223,0.0,0.4240505729982864,0.10418413340044186,0.0,0.0,0.0,0.0,0.0,Weak
ATAGLTHMMIW,0.0,0.10519868665833432,0.0,0.3242080849511577,0.034555128798277934,0.0537938076483373,0.17910916291284718,0.12757908600591872,7.917417075774445,Weak
RLSCAASGFTF,0.7703496277747668,0.8401401378715097,0.8243685905202307,0.825480201876414,0.7369799521883946,0.8481264184162596,0.7722773580277931,0.8602398391051551,10.379634006432537,Weak
CAASGFTFSSY,0.9241763562980712,0.8899953459747465,0.6721275984452202,1.0,0.759590499080586,0.846899753377909,0.9434372438877023,0.9852407573902164,9.679652782009926,Weak
RSLFNTVATLY,0.67057496151984,0.44667166969061345,0.8970635259301449,0.920091300857468,0.619018987239861,0.7402689435957974,0.8184415809718661,0.8221725437852445,6.291857264254203,Weak
LPFPFLYKFLL,0.7931459450539737,0.35798998458872955,0.19668181392926076,0.688151766154764,0.4238500364437341,0.8899724543138507,0.7836945077559028,0.8484735465148594,20.0,Weak
AFEDLRVSSFI,1.0,1.0,1.0,0.996273855078277,1.0,1.0,1.0,1.0,6.454317965873567,Weak
AIGVLIGGLEW,0.2737865080919484,0.19463449622251527,0.42213703398133084,0.0,0.27118540361302834,0.31791181988106576,0.2624885590710857,0.23527273254697967,3.5211121552043507,Weak
