,a,b,c,e,h,i,p,r,pred,Class
STHEANTMAMM,1.0,1.0,1.0,1.0,0.9999999999999998,1.0,1.0,1.0,0.0,Weak
KVADVDLAVPV,0.0,0.0,0.0,0.0,0.0,0.0,0.0,0.0,20.0,Weak
RQSSGSSSSGF,0.3160099443488882,0.35482243961794957,0.844505931749989,0.48099146250436187,0.5476109953309145,0.45865677557857953,0.5761554572824887,0.42355685926452447,9.99422533580576,Weak
