,a,b,c,e,h,i,p,r,pred,Class
AVFIHNFKR,0.04805172415594572,0.29869266007777817,0.07984785797125848,0.12427043365057733,0.14153786124750534,0.05012351223250455,0.029067173735243923,0.0,18.049500024336094,Weak
MTKILEPFR,0.2321561030791326,0.3011981744856782,0.32255465444023423,0.31369903112958086,0.2843243141730387,0.272166609038611,0.40653722832497596,0.28984493123528376,5.212214981246504,Weak
IVTDFSVIK,0.462479612403182,0.5951341867451809,0.38459921862397417,0.48932850897608793,0.5122422512399114,0.33487935579619066,0.35503413655908833,0.3556650435104174,20.0,Weak
WILDRLFFK,1.0,1.0,1.0,1.0,0.9999999999999998,1.0,1.0,0.9999999999999998,14.729680775751634,Weak
RLADEGLNR,0.26740711562392594,0.22527613564812876,0.4709899636219057,0.2822975658613194,0.34971882199093995,0.3358060378631378,0.3726015445213373,0.3044665029467246,3.5041788492562236,Weak
RAKWNNTLK,0.0,0.0,0.09282608945585125,0.0,0.0,0.0,0.0,0.0031461817794564695,0.0,Weak
YLAWVPAHK,0.325781659504234,0.2950516590285721,0.0,0.2765303429265189,0.22522383520508393,0.196974032697677,0.19000575852679624,0.23608636490237633,12.349936773013258,Weak
