,a,b,c,e,h,i,p,r,pred,Class
FLKEEGGL,0.8698743632661974,0.9001626887783059,0.9980452283446994,0.7834316094384575,0.8835712632782631,0.981546772072944,0.9999142871810298,0.9629901151578857,6.207318608602058,Weak
TAFTIPSI,0.650015709283535,0.7486199845898085,0.7312383511977374,0.8334341235827629,0.7994349325182009,0.6237331384521994,0.6260425337259321,0.7032914085987512,3.911183071536427,Weak
PSLPSPSR,0.24011512928751388,0.22245474468156834,0.2479852569699621,0.3535546857813465,0.27980934297833926,0.22661276194261792,0.3040254314975819,0.27407296793755287,20.0,Weak
RYPLTFGW,0.6808858313743651,0.7440359374156023,1.0,0.6786524006935444,0.707830289979541,0.7624222904669335,0.8037368955642015,0.7389755369698696,7.5834666565713285,Weak
FLKEKGGL,0.8909574802794951,0.9505832835895314,0.998969082676779,0.8224131924335036,0.8962397741279267,1.0,1.0000000000000002,0.9999999999999998,0.0,Weak
PLRPMTYK,0.055100836378593865,0.06475535051722003,0.04887331630700853,0.20727211751110475,0.0479825657897921,0.09961263289234368,0.13618048094516944,0.12990920131455685,5.050842995248462,Weak
HHIWQNLL,0.9999999999999998,1.0,0.989824454260491,0.9999999999999998,1.0,0.9910378549873853,0.8250988676740756,0.960053478244131,7.640297137987076,Weak
RRDYRRGL,0.33188538559722547,0.403950604289093,0.9208369803621257,0.48503724974162665,0.5879231349432659,0.47934582805937453,0.47415781425894665,0.4435220043608572,5.291621741189429,Weak
MTYKAAVL,0.5490009315174593,0.5508019254890939,0.34441734924913714,0.5779651862846242,0.5046993746108865,0.5020125354197342,0.4788062450268231,0.592496013047572,10.655869899240441,Weak
YADSVKGR,0.7047798393038547,0.7502385625033758,0.7548029423807914,0.79503999734219,0.8158883110620967,0.7070779869791397,0.7548022096489719,0.7596159926082431,12.231861676162659,Weak
EVAQRAYR,0.019508876793955077,0.0764122507789351,0.19201385218008715,0.0,0.0,0.0,0.0,0.0,8.278668111268932,Weak
PLRPMTYR,0.0,0.0,0.0,0.177068265303282,0.03821007419657474,0.05868158683293112,0.08016073674522306,0.05565120611873264,4.775288349626164,Weak
