,a,b,c,e,h,i,p,r,pred,Class
EMWAQDAAM,0.07933737741448721,0.12699097155547112,0.0,0.12814675723915325,0.12305616919418316,0.037272685945968,0.0,0.0644824543713356,1.3332579751827605,Weak
AENLWVTVY,0.4064301559525285,0.4655155193624547,0.562783839127184,0.33838982556048336,0.413485430036036,0.41068413749273636,0.4482764148525791,0.3855257002060182,13.958458597919542,Weak
THEANTMAM,0.4184169641731883,0.4319770474020479,0.365643857607884,0.5957000187912203,0.5092972062648833,0.4351260104034591,0.4889542661484152,0.48311295257636444,7.174951113567321,Weak
YQSGLSIVM,1.0000000000000002,1.0,1.0000000000000002,0.9155307742600534,0.9798672981972005,1.0000000000000002,0.9218204129830811,0.9235636424578948,14.944345083782743,Weak
SEAAYAKKI,0.7806169621656471,0.9037587614907383,0.9722830941196323,1.0,0.94006373000593,0.7971937575643822,1.0000000000000002,0.8680542235460045,7.5041415286073825,Weak
AEMWAQDAA,0.9781463475567664,0.9957007303612548,0.9085771771869957,0.9447552069913701,0.9999999999999998,0.9624178748299206,0.979385391042437,0.9999999999999998,2.6895888903027685,Weak
YEFLQPILL,0.0,0.0,0.08035374446022203,0.0,0.0,0.0,0.03167851849008607,0.0,13.155738330873175,Weak
AEFKYIAAV,0.15815212481555707,0.3931544319540323,0.13347620224140067,0.2647493643765093,0.2627693800659361,0.14357304858623388,0.2424391989604866,0.21634704509620573,20.0,Weak
TEAEKWPFF,0.5536625924723879,0.5897175348798633,0.6540086379889603,0.5684103046030919,0.594913329980993,0.5924525635295603,0.6909820399435989,0.6241708530759476,12.253637859075848,Weak
YRHDGGNVL,0.13672540956638235,0.11835486984944188,0.432118425691167,0.17828783088140798,0.24871047021079518,0.2375986886078203,0.39514404509375134,0.21300999058955328,0.0,Weak
