,a,b,c,e,h,i,p,r,pred,Class
ISTNIRQA,0.0,0.0,0.0,0.0,0.0,0.0,0.0,0.0,16.303480690657672,Weak
EIYKRWII,0.9757823217520993,1.0000000000000004,1.0,0.9313621725956169,1.0,1.0,0.9163508179384525,1.0,20.0,Weak
FLKENGGL,0.6243167316571516,0.4585851172388291,0.3036955299712716,0.21342199299703912,0.2675177984458279,0.8131685472313195,1.0,0.7894088992853088,0.0,Weak
YPSGQGSF,0.6640665247230744,0.39274139709898614,0.030524252166164167,0.3692899911480376,0.3255149129870607,0.6890852760884263,0.8225839889328554,0.6419024428384734,6.234686236659694,Weak
RMYSPTSI,0.7120806570181033,0.6165870395801893,0.48621585272839685,1.0,0.747841681042237,0.7928880822695987,0.8592584164539883,0.8029483607709058,12.947710957351815,Weak
WTLVVLLI,1.0,0.7386543045908955,0.42557265018982715,0.567269826096112,0.5303970690869741,0.8841967594139626,0.6860739246997118,0.8043973796790507,13.931514448594573,Weak
YPQPQLPY,0.9254148569984233,0.578250161253671,0.41311874026235085,0.6911433078504876,0.45341405119950906,0.886531337484314,0.9095755578449518,0.8860839981822606,10.53827870183534,Weak
