,a,b,c,e,h,i,p,r,pred,Class
LPYIEQGLQL,0.54104118734206,0.0,0.3125917861157088,0.34046686367262957,0.310832775761102,0.5805260305802769,0.28995988107598336,0.5255934259340442,20.0,Weak
SRMASVALAF,0.5253141540627864,0.7031253907687871,0.0,0.9554159287989066,0.9075557678570174,0.413163816239452,0.5350526047444184,0.5541061491927861,12.767346337827153,Weak
QPKTACTTCY,1.0,1.0,1.0,1.0,0.9541127884157241,1.0,0.8081379459231037,1.0,10.2567949797191,Weak
FKRKGGIGGY,0.5749075925017904,0.6753166396598154,0.5508694350313803,0.6159209370891778,1.0,0.9943443944769621,1.0000000000000009,0.7995280348353022,8.847681198901565,Weak
FPVRPQVPLR,0.0,0.18033709811369292,0.27549533263575476,0.0,0.0,0.0,0.0,0.0,0.0,Weak
TPGPGTRYPL,0.5130337004488359,0.21348021948076035,0.5742109906000792,0.9316507070125946,0.8915313947074495,0.7772077964382955,0.9994005746215704,0.7783344588572145,7.995618376914462,Weak
