,a,b,c,e,h,i,p,r,pred,Class
RYPLTFGWCF,0.9158357922885516,0.7698788576056073,1.0,0.8041500952173513,0.9062592086075445,0.9979691817990877,0.8684474853363051,0.8945636381957791,7.91491708479648,Weak
FLGKIWPSYK,0.9057053229398946,0.7546539336147546,0.7587284689498963,0.8321142014968714,0.877267560578471,0.8589912378119373,0.8285814395542435,0.8735797356002712,8.884583013120821,Weak
KAAVDLSHFL,0.451954856670846,0.25089975226436145,0.1987497835781431,0.33719902717374595,0.2963200043067955,0.31446279292070933,0.23133170383390045,0.3170831603942026,3.5193337801865963,Weak
KAVRLIKFLY,0.3262787029116341,0.24676634384778318,0.4922842683537416,0.343723457734586,0.33696786054295913,0.32658024583704215,0.25908737076409594,0.312342393346722,6.370296218168321,Weak
FEMKAPFSSL,1.0,1.0,0.63688354866333,1.0,1.0000000000000004,1.0000000000000004,1.0,1.0000000000000004,20.0,Weak
IYQEPFKNLK,0.05956398286143827,0.10016650142148364,0.0,0.0,0.0,0.14381702783202677,0.05713032813898433,0.11690050015309295,18.441896800036155,Weak
TWEAWWTEYW,0.601190254629004,0.4131019647995009,0.6631217156520952,0.5179571534096175,0.5060384853682316,0.5212893693824139,0.4324939940534822,0.5240771783454847,0.0,Weak
TVKSMILHEI,0.0,0.0,0.07451264137611524,0.23312645169658985,0.10051100688331616,0.0,0.0,0.0,13.008173203553365,Weak
