,a,b,c,e,h,i,p,r,pred,Class
KSLYNTIAVLY,0.9429648417358516,0.8519344869619454,0.3427305338679041,0.9004347166308122,0.9827579057754088,0.9586141920853448,0.581971624917383,0.9909843288308977,15.75619760209169,Weak
AYISSEATTPV,0.0,0.0,0.11500213588335484,0.0,0.0,0.0,0.0,0.0,0.0,Weak
RSLFNTVAVLY,0.8299451610834137,0.59428207514138,0.527156598850226,0.4679318378605153,0.8439089214010362,0.9132347649398058,0.4549435311085297,0.7923403325334784,10.075640991244018,Weak
KSLFNTIAVLY,0.9015967378079255,0.9999999999999991,0.13061415653194253,0.8355654341264955,0.9510418422242362,0.9284567539887498,0.4363551550073108,0.9135210925791446,20.0,Weak
KSLYNTVAVLY,1.0,0.7587336671367018,0.0,0.6839551576356104,0.8783549887776916,1.0,0.660171519121409,1.0,18.01471828896351,Weak
RSLFNTVATLY,0.8515063174889361,0.5539850057820432,1.0,1.0,1.0,0.9772285276969872,1.0,0.9937917596600316,1.2706083231656338,Weak
