,a,b,c,e,h,i,p,r,pred,Class
QIYPGIKVR,0.0,0.0,0.34839699622061415,0.0,0.06594793472956662,0.0,0.0,0.0,20.0,Weak
KVVPRRKAK,0.9999999999999996,1.0,1.0,1.0,1.0000000000000004,1.0,1.0,1.0,0.0,Weak
AFDLSFFLK,0.08492178018292984,0.06991690033347853,0.0,0.18413290209877786,0.0,0.06546827360427177,0.2753870479603293,0.18943630175048654,3.594149295662233,Weak
