,a,b,c,e,h,i,p,r,pred,Class
TVKSMILHEI,0.0,0.0,0.047445222807734666,0.24643939268961823,0.02888344619018568,0.0,0.007357186553149653,0.0,0.0,Weak
FVPSDYFPSV,0.9999999999999996,1.0,1.0,1.0,1.0,1.0,1.0,1.0,14.886329276090375,Weak
VKSMILHEIL,0.19655893771413657,0.08520446521668745,0.09324721740852837,0.0,0.0,0.20398427328204605,0.0,0.13005702171758937,7.181425796376866,Weak
KLVALGINAV,0.382188119057973,0.4377302515712511,0.0,0.1391067106831665,0.16647109605003152,0.31785025524198396,0.11232541255566364,0.2982954739334174,20.0,Weak
