,a,b,c,e,h,i,p,r,pred,Class
TQGYFPDWQNY,0.8365071851451709,0.5762827432086377,0.6183807525207703,0.6578202794169403,0.6979034184717303,0.770354761696372,0.7625455380057158,0.7820351132136931,15.807766103771558,Weak
RPQVPLRPMTY,0.0,0.0,0.0,0.0,0.0,0.0,0.0,0.0,14.482908693864063,Weak
KAFSPEVIPMF,0.3000442976094493,0.5995099572217315,0.013206201514406324,0.400786662520475,0.42522403214509463,0.2512387934325724,0.43129378310466304,0.34696278445780315,0.0,Weak
ATYQRTRALVR,0.6026325176051106,0.5753434599887761,0.8656982926491201,0.7592164131607086,0.84465380981307,0.5961119349773778,0.5384039417089683,0.6380825534066608,16.91652685660144,Weak
AAYHPQQFIYA,0.5021727501442661,0.5817671618410074,0.19454973375282592,0.6910865427944213,0.555670492941231,0.3223303699670659,0.34227268256187315,0.4827955274840168,4.130440165043902,Weak
VMNSNTLLSAW,1.0,1.0,0.7256873084150772,0.9993062056622684,1.0,1.0,1.0,1.0,14.009385087626805,Weak
ITKGLGISYGR,0.17480622580924177,0.15873550675228332,0.375341376451785,0.12974905077061205,0.3346049424178501,0.1586014877654387,0.4348180715314056,0.25110651266294237,6.693010211620462,Weak
RSLYNTVATLY,0.7360246308481924,0.5813453138684199,1.0,0.9999999999999991,0.8922107273229649,0.7469815140744487,0.9233737022674369,0.8698572102123512,20.0,Weak
ACQGVGGPGHK,0.492554274699057,0.6368004490231973,0.11809275748267378,0.06898587156504199,0.3211590963814839,0.46161109761014885,0.5730769116126009,0.49939777285285736,1.2478876182505882,Weak
