,a,b,c,e,h,i,p,r,pred,Class
FPNEVGARIL,0.1936566537336366,0.25633740875271993,0.37456336095705933,0.23309780803144986,0.22330902275163111,0.23581232059004809,0.19677412708132502,0.18973007021144406,3.8378009979405174,Weak
SPYNSRFESV,0.44370828241799865,0.41600260142486123,0.5798499093185392,0.5622013757192361,0.515258656999266,0.482119378488172,0.5316309270159052,0.47760295282111,3.8738554153838094,Weak
APPKQSRMQF,0.39432303827049797,0.5222675716817577,0.4725168359823626,0.48962961937588534,0.42844483877788286,0.419638030312833,0.3601108666438726,0.41198196373252205,8.634129242906779,Weak
RPWVSFDQNL,0.1321767883855255,0.20218127061837565,0.33718066912069755,0.16211160098374422,0.15589356810879418,0.15675296505272907,0.09408983816869765,0.11320321498228669,3.5190331017815106,Weak
LPACVYGPAV,1.0,1.0,0.9999999999999998,1.0,0.9999999999999999,0.9999999999999999,0.9999999999999998,1.0,8.704719122052325,Weak
MPAHGPAKNM,0.11969093946015108,0.201858560135467,0.19591524507453761,0.13349702154362975,0.0689255186516039,0.161845738939153,0.07175424667924823,0.1530552356185363,8.792239203343172,Weak
WMRLLPLLAL,0.5191443441712554,0.45554834460763693,0.5565131555839316,0.5518426747507184,0.47847128242431325,0.5387812892658791,0.483520514965194,0.5181559925555542,18.4606986142859,Weak
GPPCSQRSKF,0.3399422507752329,0.38814585965466386,0.4431274365822744,0.381882345205631,0.36494419353047636,0.3610062961613504,0.39153349211899036,0.37551330307138164,1.185482539185352,Weak
TPLGAINSSL,0.6193124182768751,0.5873381512335929,0.7219895511212606,0.7542698513771031,0.6836316352380795,0.6418458751459964,0.699144482713548,0.6798066152299448,1.3393404102395496,Weak
VPASRYLTDM,0.12808554953250628,0.08198340549764871,0.1974018688948136,0.16180966025756405,0.09753863772877391,0.11254063220406518,0.019891348370966178,0.09358050357185588,20.0,Weak
IPKQKVAGPL,0.14936766899432652,0.20861505382712164,0.20760461872116887,0.11945778712919264,0.11042143264553694,0.12665574741802887,0.04878377012266921,0.1266676067199669,10.939758214520081,Weak
GPDNGAVAVL,0.0,0.0,0.0,0.0,0.0,0.0,0.0,0.0,12.147430425628471,Weak
CPKYVRSAKL,0.25717264204040824,0.32370534695900877,0.36344102996201544,0.2842675327491775,0.27345113982491676,0.2774913423524966,0.16184112162169995,0.26445862288846744,0.0,Weak
