,a,b,c,e,h,i,p,r,pred,Class
PPPSLPSPSRL,1.0,0.9999999999999996,1.0,1.0,1.0,1.0,1.0,1.0,13.62480119994167,Weak
RLRDLLLIVTR,0.3692067861151136,0.3318488376686246,0.9346486489294898,0.45860973486143086,0.5927529878185442,0.5365564601606176,0.4091809497397594,0.4682784952354009,0.0,Weak
ACQGVGGPGHK,0.24674860304445634,0.5079474351492386,0.3190079486413375,0.10541365608538111,0.2822514038052666,0.3763421062236576,0.38471655171584285,0.3590319597432141,17.153456186544666,Weak
QPQPFPSQQPY,0.0,0.0,0.0,0.0,0.0,0.0,0.0,0.0,20.0,Weak
YPALMPLYACI,0.018355415179502454,0.016340743097392085,0.09263850955162223,0.1714425542433533,0.13201198458994412,0.08812819388847792,0.08688287184392207,0.16893981260497615,4.710484762165777,Weak
