,a,b,c,e,h,i,p,r,pred,Class
YSLEYFQF,0.42847531711949394,0.5002170094888099,0.35072935624528156,0.48757439186994844,0.37616385069355207,0.7128832007165462,1.0,0.7940744666521233,20.0,Weak
WPTVRERM,0.07097229693383511,0.3271350585651218,1.0,0.23655170743431242,0.3875964641652718,0.2976913302389743,0.0,0.07193686108440822,0.0,Weak
PLRPMTYK,0.23591744525350045,0.3767331984576545,0.0,0.9131809693439994,0.5248548024203696,0.5854696584548398,0.7336501648932963,0.6926341211673535,19.83249578791026,Weak
QPGGSLRL,0.0,0.0,0.11608251136386905,0.0,0.0,0.0,0.27784236774371074,0.0,12.678724959278828,Weak
YLKDQQLL,0.6705262936461915,0.34221047222087986,0.6967771756270746,0.35942661358085104,0.22295925890530466,0.6619755697786607,0.3235418426317338,0.8857047466493668,10.358152158555454,Weak
QPLSQVSF,0.5642140680548504,0.5998646873043425,0.055796873960181514,0.3240072958838631,0.3032946395692937,0.3141795927654387,0.07332235155770483,0.28488717898780536,10.8708443352428,Weak
QPSSQVSF,1.0,1.0,0.9275349162213224,1.0,1.0,0.9999999999999991,0.8380799180833307,1.0,12.188629454630428,Weak
