,a,b,c,e,h,i,p,r,pred,Class
MVRVLTVIKEY,0.3799171109675612,0.6728666589418664,0.3835051922696069,0.22964380791186745,0.4628957512189773,0.6483870937846952,0.0,0.05604148919323393,18.513706486144855,Weak
TFVPIAWAAAY,1.0,1.0,0.5777366121772216,1.0,1.0,0.8496871310398291,0.9292594453412022,1.0,3.4214281511469595,Weak
LEYFQFVKKLL,0.22959332470984606,0.26536608323835686,0.0,0.0,0.0,0.4415085177091669,0.07367918443848254,0.0,12.391187055256903,Weak
RSLYNTVATLY,0.4667996268215635,0.25089849563026156,0.8541298116592984,0.7162939138190794,0.6510507252213982,0.9161602007699408,1.0000000000000036,0.7669340713013941,5.092939278755658,Weak
KSLYNTIATLY,0.0,0.0,0.3566097048125121,0.56061409600101,0.36315600718111885,0.0,0.30120402934710455,0.28999118458485285,7.42845380975137,Weak
RSLFNTVATLY,0.3859327573875415,0.3918619169651105,0.7488862403108794,0.6532567958217781,0.6046697575637427,0.7960425227469479,0.9938875645397509,0.5930704977316168,0.0,Weak
RLRDLLLIVTR,0.08334100131223998,0.04729772005159649,1.0,0.3799584458564098,0.6033338049764883,0.6153574546404919,0.07632420066918044,0.03825712159079586,20.0,Weak
RSLFNTVAVLY,0.5831143930407432,0.5424544162268923,0.6868117022154863,0.509199861641342,0.5958380059861321,1.0,0.7415990535951664,0.5036183255309901,7.49971249958346,Weak
