,a,b,c,e,h,i,p,r,pred,Class
ILYDKEEIRRI,0.0,0.0,0.23830257017205136,0.0023744232926778963,0.13171630349134933,0.0,0.0,0.0,3.3341067396725226,Weak
LPFPFLYKFLL,0.5709379053013834,0.4223584565584857,0.0,0.48687793406043234,0.32103137686560546,0.6039699662773974,0.6449775343545681,0.5590904369416534,17.114760717203865,Weak
KSLFNTVAVLY,0.7185844382973472,0.744238073461085,0.4021124280557564,0.6743349397618736,0.5484001813276458,0.6917726418055801,0.7474628097462745,0.6867388094033924,9.998734277455942,Weak
SAFDERRNRYL,0.4552813513771983,0.46806101805765765,0.6576387457933293,0.542734125416013,0.5948309366681426,0.5849512400819732,0.6254550142194879,0.4980135332855724,2.5475700011762545,Weak
AEQASQDVKNW,0.271669322039676,0.33531504131673584,0.01662094975391426,0.0,0.0,0.10976538880052589,0.11775075973281668,0.14373156601507686,14.115716140994602,Weak
LLLLGVVFALV,0.9486978012546072,0.9058180526686024,0.42733906905077346,0.6585702328176843,0.6513236041442934,0.8890622060217894,0.8186634142819682,0.8197981301917179,20.0,Weak
ILLRAFTEEGA,0.3233634912508445,0.42685955115786056,0.2759714135543594,0.35941379419951236,0.3822681999517181,0.38917462033123496,0.5197460388934609,0.39210901883598615,3.9376953975197457,Weak
RAEDTAVYYCA,0.9999999999999996,0.9999999999999996,0.9999999999999996,1.0,1.0000000000000004,1.0,0.9999999999999996,1.0,6.768046269558497,Weak
LQMNSLRAEDT,0.7520330121040959,0.7517187452286369,0.5745472569486281,0.8032306205345279,0.7346432612355795,0.788779767182358,0.8325718754378628,0.7626364708385527,6.793906858197019,Weak
MSLLDAHIPQL,0.5198751728305409,0.28282424887227275,0.19395462941804675,0.38001593609551154,0.26862810214639854,0.4291248909454417,0.42163918204281225,0.4578731639746967,18.431447767784785,Weak
RTMAWTVVNSI,0.6666788599625364,0.8588928301333811,0.655400584364076,0.7041795069110703,0.7062448784790876,0.625249487923238,0.6299383060853736,0.5834761652352691,0.8571912916633359,Weak
KRQEILDLWVY,0.3600930924199526,0.21260647618782125,0.24114458695293317,0.14396374763911535,0.18227557145403717,0.3254361294857322,0.2614858103654196,0.2946237137634098,16.126269000953663,Weak
KSLYNTIATLY,0.43145570152983836,0.25219454038243105,0.23963938210702507,0.5623744507619399,0.3281333763054852,0.38416753484885824,0.498564022427495,0.4815622474581538,8.558112128720495,Weak
RRARSLSAERY,0.09850782719087814,0.08317735609385934,0.41551682916311394,0.3055817930599307,0.27555335520715163,0.17535474321613487,0.3420614571370062,0.1590498925053887,0.0,Weak
