,a,b,c,e,h,i,p,r,pred,Class
PLALEGSLQK,0.0,0.011026950940022484,0.0,0.0,0.0,0.0,0.0,0.0,0.0,Weak
PLLALLALWG,1.0000000000000004,0.9999999999999996,1.0,1.0000000000000004,1.0,1.0000000000000004,1.0,0.9999999999999996,20.0,Weak
VLHDDLLEAR,0.25502119366023335,0.0,0.5886602243603969,0.17271694384618685,0.28271886815612257,0.23177693939109778,0.19257928260140744,0.20802835732494085,6.4632176036962425,Weak
