,a,b,c,e,h,i,p,r,pred,Class
KLDRPRYERV,0.17693937966442097,0.31106234668854027,0.6204775942662124,0.23223023105854113,0.4233006441941567,0.36668885099760673,0.2797400668330403,0.264111663456545,2.983087722427545,Weak
TEDDPQSQHM,0.920560237846304,1.0,1.0,1.0,0.9649453149723415,0.8942689366407996,0.8617927232244975,0.9390618857044939,0.0,Weak
GLDDPRLEKL,0.07263479287847896,0.0,0.2655366156987462,0.0,0.1134798180479033,0.17742439917784547,0.29053751033112674,0.178680261149875,13.105731044756764,Weak
SLDPGPLEQY,1.0,0.9122845229628678,0.9861524776828019,0.9472348527828585,0.9999999999999998,1.0000000000000002,1.0,1.0,5.929262832520259,Weak
ALDTSEQERM,0.6245685664111122,0.779621923194675,0.7524900639531422,0.7012511865654507,0.7310709793711052,0.7133448758574013,0.6852909893952903,0.7095619785449196,1.350034984114982,Weak
YLDEKTHELL,0.22822793116401785,0.13521684216535323,0.4959491501273394,0.18938656987798108,0.18581880726614153,0.3099852632658753,0.46428169068288305,0.38405889237306967,6.7943973725075075,Weak
RDIDPIITRL,0.00500305514302557,0.19483021610650786,0.7118428824980318,0.15634919756349364,0.25600228722117024,0.043315740158101024,0.0,0.0,7.193878364601201,Weak
ADENPDKSTL,0.0,0.08594310397027227,0.0,0.07399394471089371,0.0,0.0,0.21144771092025305,0.05979833953841229,20.0,Weak
