,a,b,c,e,h,i,p,r,pred,Class
SDSGSGFWKA,0.5120764322243693,0.5019900498237844,0.45444906274753927,0.5026626741931193,0.49189541791335967,0.4681313423084543,0.45447009158676455,0.47601523987337335,10.167463313527021,Weak
RGAGTGGLGL,0.7051618099391069,0.6977288046972085,0.7535302250399718,0.6424960026550643,0.6816652844940343,0.7657881047487893,0.7086864117618437,0.7230008404552489,18.932449405968455,Weak
RQYPWGVVQV,0.25300550596476146,0.21503808994876494,0.20857279819476982,0.08512260342822753,0.15037318661073606,0.18875776806528977,0.0,0.10768980758299673,0.0,Weak
SGGPKYEYRW,0.4685504141710394,0.4808946614290768,0.5315658093576172,0.491828795241789,0.49719974282873647,0.5069944578622987,0.49045071203160706,0.4920030754648631,11.919530598191436,Weak
SESSDSGSGF,1.0,0.9999999999999998,1.0000000000000002,1.0,1.0,1.0,1.0,1.0,19.403439636772113,Weak
KGFSEEHNTW,0.0,0.0,0.0,0.0,0.0,0.0,0.0696427914439901,0.0,5.800615382424929,Weak
SGSGFWKALT,0.38977101157354255,0.3538961365607083,0.28937965666716314,0.39493202257504856,0.36660366998678606,0.3669590765193431,0.33774547851918335,0.3830953952502111,8.20937192383619,Weak
DSGSGFWKAL,0.6767332705063914,0.5601152226964685,0.6665569088937409,0.6471884296748123,0.619960941611531,0.6354525427320872,0.6622917579033196,0.6581908592258935,17.62687584624442,Weak
KGAGTGGLGL,0.7400600231468154,0.7501756612466719,0.6485661338080246,0.6630231821088124,0.6822126114481437,0.7816662875671561,0.7163265542275061,0.7523428942873379,20.0,Weak
AGAAALRPFA,0.3274400601175357,0.4015659112054455,0.2769301145514542,0.3502451341223547,0.34427039721429087,0.304298815915508,0.25719627244124954,0.3228828617286462,12.662111798334536,Weak
RQYPWGTVQV,0.25716858866857795,0.21151101332955013,0.2900333803932573,0.12776283511058217,0.18152443026441845,0.20663305285720734,0.038048057831279625,0.1421209826024331,4.242540671888003,Weak
