,a,b,c,e,h,i,p,r,pred,Class
SLTLTAQSRTL,1.0000000000000002,1.0,1.0000000000000002,1.0,1.0000000000000002,1.0,1.0000000000000002,1.0000000000000002,16.01070085775722,Weak
IHFLIRQLIRL,0.11946957790565516,0.19804832204982015,0.32811583613363093,0.19585645625157744,0.21317427947483436,0.16888190149374127,0.2393735730593607,0.17678592491113565,17.325761697108938,Weak
NYIYDRYGDTL,0.34792324598138324,0.3024517645603826,0.4828920488642756,0.3935078333652271,0.4257797420035938,0.43574524754090915,0.5531189145178617,0.4414422973217953,15.696670343982694,Weak
YRYLCLIQKAL,0.4739642352147093,0.4201668081651948,0.4609455880315403,0.4207993018519596,0.4148478287433883,0.49160701201446244,0.45557228713403153,0.5031176496235461,6.9480560721908065,Weak
NHIYDRHGDTL,0.22206521507071586,0.20629976465525024,0.4221511558989628,0.2426917249304119,0.27255617404141996,0.30529917543729757,0.4806762439564862,0.3166199684701121,13.821768195344971,Weak
IRQLIRLLTWL,0.17222911288256504,0.133052440840141,0.34900607455912547,0.2411201984988709,0.2334747076293373,0.2114688478036877,0.2722750470051032,0.2384681155728734,16.661985178377645,Weak
IQYGVYIVVGV,0.32649341206340443,0.4245030039039297,0.20263655777394685,0.20868395581477284,0.31660126685513146,0.29117718651252233,0.2817157702121944,0.2600893117351306,14.430072064617049,Weak
EQAIEDVWQLF,0.4268115901864955,0.5037046912082275,0.4708588843921564,0.2720295659038998,0.3689602679866284,0.3942012929432397,0.43452843808756403,0.40352189307834085,0.0,Weak
AHIEGQPVEVL,0.24361139303286472,0.37727458726677776,0.25087013491560417,0.14963904673949546,0.2161979906092315,0.25807745327771014,0.3723352303250067,0.2776648606970997,3.2633384292150995,Weak
FRYCAPPGYAL,0.4316749457232196,0.4964672296393058,0.47008798909132365,0.4560559627777643,0.44441543256258464,0.48867242161033286,0.5803872884770345,0.506786682179188,12.451240193224415,Weak
LRIVIYIVQML,0.0,0.0,0.0,0.0,0.0,0.0,0.0,0.0,20.0,Weak
