,a,b,c,e,h,i,p,r,pred,Class
IDVGYERF,1.0,0.9999999999999996,1.0,1.0,1.0,0.9999999999999996,1.0,1.0,20.0,Weak
LDEADEML,0.0,0.0,0.0,0.0,0.0,0.0,0.0,0.0,20.0,Weak
