,a,b,c,e,h,i,p,r,pred,Class
SHDHPTDVDY,1.0,1.0,0.9999999999999996,1.0000000000000002,0.9999999999999998,1.0,1.0,1.0000000000000004,20.0,Weak
RRQDILDLWI,0.23436571945860374,0.047907196800745844,0.5293862408608683,0.18570875273309606,0.2805336883694174,0.16659838745406175,0.0,0.1070864983694717,0.0,Weak
SHNPNTTNNF,0.4201098256796305,0.4506661697568246,0.2974638231401734,0.3805930431561133,0.309497395291811,0.44238457699359746,0.49633098087107674,0.37619635845654065,18.30611440491247,Weak
GRRGWEALKY,0.0,0.0,0.0,0.0,0.0,0.0,0.11502248734719744,0.0,11.12779219459392,Weak
