,a,b,c,e,h,i,p,r,pred,Class
FIDKEDLHDML,0.3074937065861363,0.27835215081133424,0.1490916556272639,0.2870967154613646,0.2552165074121491,0.2576891002072541,0.20503030141118872,0.24030505867967578,20.0,Weak
IEEELGSKAKF,1.0,0.9999999999999998,1.0000000000000004,0.9999999999999998,1.0,1.0,1.0,1.0,16.619452947346442,Weak
IDEVQNEIDRL,0.3147874138850706,0.49827368753131673,0.45696094392089925,0.314232246229188,0.419382690458975,0.2782772849662851,0.1618649187955059,0.21613533512334704,0.0,Weak
IDPEGKKFDRV,0.772777465598578,0.7925838409488846,0.7250244404501385,0.7042744076827543,0.7579910357982831,0.678199393552593,0.6791007087797025,0.6968276418459833,11.403100944222375,Weak
LDDNEALIEKL,0.0,0.0,0.0,0.0,0.0,0.0,0.0,0.0,14.902948509982084,Weak
