,a,b,c,e,h,i,p,r,pred,Class
VRVPARVL,0.0,0.0,0.0,0.0,0.0,0.0,0.0,0.0,0.3548984128784931,Weak
YHAQTVVL,0.46106526931414815,0.4337812432582364,0.3073028709269212,0.3474187326879512,0.27041742403837277,0.41928214526298,0.46544202426067516,0.41810271855304526,20.0,Weak
SHAQTVYL,0.9999999999999998,1.0,0.9999999999999996,1.0000000000000002,0.9999999999999998,0.9999999999999998,1.0,1.0,12.449112236671116,Weak
ANLKVSQI,0.32566954286267435,0.3223210158103984,0.15081362701676637,0.2959587823950167,0.3077434973557176,0.3128839624867503,0.31027197816835983,0.3659691590817069,0.0,Weak
