,a,b,c,e,h,i,p,r,pred,Class
SWPDGAEL,0.9817658566439607,1.0000000000000002,0.826889749890892,0.9506824028636793,0.9450184461051772,0.9369601170165494,0.9354146709454936,0.9564034820403489,0.0,Weak
LEGAGELI,0.030695147561186964,0.11495572940279475,0.0,0.0004388875768379652,0.015170694884045988,0.023375775489367978,0.07534777936104975,0.06110190209094846,7.724268555327001,Weak
PIYKRGDM,0.42429603051682463,0.5109094763169997,0.343559185503314,0.4949683732365471,0.45809988807183744,0.42985390011482005,0.3636329958568827,0.43564224189988243,3.2316417336414647,Weak
EENITALL,0.6023556923582072,0.6637649269758803,0.5905982027631227,0.5304292263593218,0.5656876102852715,0.6157063119025818,0.5973131106906795,0.6204092359186046,7.580543155169659,Weak
NELDRFGL,0.5127071607279174,0.579554027240017,0.4722408845228716,0.4579239437810281,0.5053420073451405,0.586291164950163,0.5750091304243705,0.5458774475965527,11.087993022053745,Weak
GDLRQRLL,0.0,0.0,0.07108818317482868,0.0,0.0,0.0,0.0,0.0,15.866346509663568,Weak
EDDDLVGV,0.23329761980055164,0.26053741051084534,0.18308651499792283,0.024619205689826673,0.13555693371153188,0.12768861099977968,0.09046499305489064,0.12526989964051727,20.0,Weak
ILSPFLPL,0.7376071624859282,0.770845092389919,0.5345987936568415,0.7516128806147373,0.6801058028904243,0.7039754588002269,0.6627184566289879,0.699286643920991,1.2375962322383784,Weak
SETDRWGL,0.9999999999999998,0.9638466942805499,1.0,1.0,1.0000000000000002,1.0,1.0,1.0,4.907313986927556,Weak
ADDIVEKL,0.1738836509274273,0.2983200713052361,0.13166778293049486,0.09104883790217566,0.13275852491756202,0.06300962465239746,0.02324778175591602,0.11375190693536918,7.817900408532386,Weak
LTPEVASL,0.7533945191108724,0.788227662201608,0.5039616769569308,0.6534276085686348,0.6297468643804895,0.6721969226909215,0.6334370359948278,0.6930524464894083,2.263294006794162,Weak
EDPAVDLL,0.2197407655583421,0.24400516143068507,0.11834126738781547,0.15709704599651508,0.14912029049732478,0.1253205100833128,0.1324742252610407,0.17382343660444355,7.675928701393077,Weak
SQQPYLQL,0.958962076066393,0.9349356547789383,0.6984606259735169,0.8883577297408869,0.7724114616294944,0.8880878324993033,0.7453904079653233,0.8658493492446433,4.0246988605077485,Weak
WEQWWTDY,0.6511339764570845,0.6219077677997034,0.63109054285859,0.5324320499804402,0.5126642191963149,0.554724437158232,0.4108391608391617,0.5463369389615051,14.245169873054559,Weak
