,a,b,c,e,h,i,p,r,pred,Class
SDSGSGFWKALT,0.600950668880365,0.5882229928777896,0.4807756874677125,0.5423570270331901,0.5422881163859401,0.5645763789164926,0.4920660161589372,0.5491299647598276,10.900917131200638,Weak
ESSDSGSGFWKA,0.0,0.0,0.0,0.0,0.0,0.0,0.0,0.0,0.0,Weak
SESSDSGSGFWK,0.9999999999999998,1.0000000000000002,1.0,1.0000000000000002,1.0000000000000002,1.0000000000000002,1.0000000000000004,1.0000000000000002,20.0,Weak
