,a,b,c,e,h,i,p,r,pred,Class
WHADGRLTKKL,0.2870988985721319,0.14130183756267023,0.18725001711342504,0.1480249240650915,0.12602040663219638,0.18509254337588654,0.11419154683243615,0.14971222380906868,3.701949808650272,Weak
VHAPSSRRTTL,0.9999999999999998,0.9999999999999996,0.9999999999999996,1.0,0.9999999999999998,1.0,1.0000000000000004,1.0,20.0,Weak
IHEDSTNRRRL,0.3788095335710866,0.4357071452399004,0.8505288763989083,0.576804894664324,0.6265255118367576,0.43293452786211306,0.4762022736621665,0.42005890753891206,5.042127996793269,Weak
NHEDGPTAKKL,0.0,0.0,0.0,0.0,0.0,0.0,0.0,0.0,0.0,Weak
