,a,b,c,e,h,i,p,r,pred,Class
ARGETYGRLL,0.9122358951068676,0.7816875544637689,1.0,1.0,0.9712100834887782,0.9926432073157492,1.0,1.0,6.973099925157523,Weak
RILHNFAYSL,0.4210861743166632,0.38652033987315315,0.26240883113337876,0.5296820057848426,0.4313713309928322,0.4022454208702695,0.3590557871290283,0.4338522987517508,10.942199236923441,Weak
SHFIKEKGGL,0.7872931533150291,0.8051561919894734,0.6841862380981238,0.8413197952658686,0.7916972079579376,0.7884011112811198,0.8540745746332812,0.8221913887367416,6.175490278287689,Weak
SAMGAASLTL,0.7147489935321123,0.5837308715549558,0.15112430679077793,0.9476359006407806,0.6979266676070721,0.581009475380545,0.6521119675731009,0.7247979836098035,20.0,Weak
SRNKRGVFVL,1.0,1.0,0.9648887559131927,0.938035730257925,1.0,1.0,0.8964037933310345,0.9220793509631786,9.458103456630354,Weak
RIVIYIVQML,0.4690354368609797,0.48561779467183186,0.41143866458910416,0.44451101518709324,0.42136433051708044,0.3403259097796685,0.19130020967076478,0.33795490356479707,5.691090195100011,Weak
EQTTNQQAEL,0.45546325156936307,0.4427676924290309,0.37656378373920685,0.411141807569146,0.2613405516795444,0.36616063540206456,0.3775917068880901,0.4460481768220874,0.0,Weak
VRRRLTARGL,0.508797639204654,0.5145217095227195,0.6782621921029204,0.5921381782455213,0.576589497884525,0.5382412396843104,0.48102189259231487,0.5036398514333342,6.9958396300068975,Weak
VRRAIRGEQL,0.0,0.0,0.0,0.0,0.0,0.0,0.0,0.0,1.7489911499874558,Weak
SAIPPSRSML,0.4517462364273639,0.403352871358742,0.11555254178571861,0.7108523834279508,0.5192003161166023,0.38807083337446446,0.416611885583837,0.4607909078753689,19.736803535726057,Weak
IQQEKNMYEL,0.466831765547274,0.49640086103250836,0.09704881341303473,0.37225989707028706,0.2914315578643203,0.4395918269135848,0.3807045270328233,0.46731898417346995,6.4365490902514,Weak
CRLIRGKMTL,0.5012799556171914,0.4563206057236733,0.5787948743883815,0.5845237392913938,0.4398417314217973,0.5184456964077708,0.4515991991312056,0.556610655988842,5.7015812766926866,Weak
ETFGFEIQSY,0.27589933308642856,0.26887459819444803,0.02495675253257268,0.23783616420796694,0.19373856070569007,0.26260965047580465,0.3519842860719202,0.2870728197723058,4.964647133840206,Weak
ERWHSLIKYL,0.4563198343634558,0.3080310325657267,0.44840345495762524,0.5933522553843078,0.4624300500021472,0.4230152323004486,0.4652325402258004,0.49715117812774645,6.829335573256934,Weak
