,a,b,c,e,h,i,p,r,pred,Class
KRLRLIHLLHQT,0.9999999999999998,0.9999999999999998,1.0000000000000004,0.9999999999999998,1.0,0.9999999999999998,1.0,0.9999999999999998,20.0,Weak
SARRHRILDIYL,0.3933576519341355,0.3973284101824346,0.2968657346704595,0.4729572370662789,0.45430975281826513,0.34437800758930415,0.32208111929898653,0.3759356122396649,7.190593221580041,Weak
RLRLIHLLHQTI,0.2809535590407932,0.23195949267457938,0.024878623089979346,0.12401774241497887,0.15597021553736812,0.20125555855516297,0.07806709280014923,0.18118435675676992,3.867386409864222,Weak
ARRHRILDIYLE,0.0,0.0,0.0,0.0,0.0,0.0,0.0,0.0,0.0,Weak
