,a,b,c,e,h,i,p,r,pred,Class
RLRLIHLLHQTI,0.0,0.0,0.04133014067781682,0.0,0.0,0.0,0.0,0.0,0.0,Weak
SARRHRILDIYL,0.15632382901915953,0.2153127549010745,0.3087284894070401,0.39834082440583307,0.3534703902313596,0.17918428174003842,0.26467655573763116,0.23784505961745994,5.2617366349095605,Weak
KRLRLIHLLHQT,1.0,1.0,1.0,1.0,1.0000000000000002,0.9999999999999998,1.0,1.0,20.0,Weak
LVGKLNWASQIY,0.336905963814611,0.2937147741360282,0.0,0.14743206395508812,0.15099211006614088,0.2562659093393538,0.28028600810309756,0.2585887283775641,4.175056827814597,Weak
