,a,b,c,e,h,i,p,r,pred,Class
FQVWQRSW,0.2784784551569923,0.34599382163930237,0.28391887005636507,0.15389051896790562,0.13755408918223222,0.09658553565076877,0.0,0.0,7.55258972044534,Weak
NWFDLASW,0.5464424502681324,0.6287740505688002,0.3670460014170849,0.4972290079206636,0.4732829826105749,0.4536845770294753,0.46258144015628755,0.4494303493591487,16.271463990917997,Weak
KSEIYVAW,0.38630969154666817,0.5295627170906263,0.32576254340436295,0.3912030143170462,0.37852697905914257,0.24703046055017364,0.3150991685365563,0.290901998365686,18.239949172215553,Weak
ENRTYIYW,0.36326271284677425,0.33150103873173054,0.545044814302071,0.4651525201857307,0.45311283119919743,0.36124327066411066,0.43674619410596316,0.3628651567783865,7.089807134712479,Weak
HSTYFPCF,0.9362722544819166,1.0,0.7918073019690186,1.0,0.8961621220110159,0.9368314749907785,1.0,1.0,13.753624897159032,Weak
VGNVYVKF,0.30638776243904786,0.4578844732821432,0.10854757071360721,0.048251396858139284,0.10123399958152546,0.19818241127213865,0.24584830386224876,0.10106033961604943,6.997205887751977,Weak
IRLLTWLF,0.6842452162027222,0.6432829106030056,0.6911276481225981,0.749139000887364,0.7035305086978134,0.6952364233825712,0.6548713296669799,0.7035473817178319,10.63132313669931,Weak
HFKVGWAW,0.683600720724721,0.8288969395564161,0.49853841791144804,0.6029181392721372,0.6280748019805946,0.5985550847748158,0.5520195062476829,0.626055077109918,20.0,Weak
EGHGAGGW,0.0,0.0,0.0,0.0,0.0,0.0,0.29900842452021736,0.021948069030984563,2.665735353583815,Weak
RGFAAPQF,0.196920103458871,0.40269442099985486,0.20030505997955927,0.37868446088837215,0.28572285061802427,0.16710994319166383,0.3248834830343963,0.19848545747596535,18.68773841345567,Weak
LTYLQYGW,0.490649713483188,0.25258167465852166,0.325892987339083,0.4660791714308803,0.32004971729726206,0.4236681017386079,0.39844829442897645,0.4407528474828468,0.0,Weak
WQRSWEYW,1.0,0.9746495340137082,1.0,0.9467928873255782,1.0,1.0,0.8342776184809622,0.9790974026811905,13.151234137670023,Weak
AQYSPQQL,0.6380167270046129,0.659686235985335,0.38684172504541126,0.6713451845901122,0.5230293094820775,0.5039912732898628,0.4393700975092609,0.5746639362621431,17.369743888097403,Weak
