,a,b,c,e,h,i,p,r,pred,Class
SESSDSGSGFW,0.9646005598418157,0.9540032486384382,1.0000000000000004,0.9330802747848308,0.9453383133874109,0.9972406642873572,1.0,0.9659578068105104,10.986220693056522,Weak
ESSDSGSGFWK,0.0,0.0,0.0,0.0,0.0,0.0,0.0,0.0,3.6113248609741655,Weak
SGFPAKVTAHW,0.5531462424136344,0.6105646897991284,0.42309750025285764,0.5126823105470573,0.49082829674074313,0.5657019193722423,0.4800237516206054,0.5268545278438352,20.0,Weak
SSDSGSGFWKA,1.0000000000000002,0.9999999999999998,0.9188292505410796,1.0,1.0000000000000002,1.0,0.9752943155002174,1.0,16.60186651635636,Weak
DSGSGFWKALT,0.47636119967454915,0.38569687704418043,0.4292847952854637,0.429926278991307,0.3961306373476945,0.44757828040940173,0.4096488637820279,0.44764102027225006,0.0,Weak
