,a,b,c,e,h,i,p,r,pred,Class
RMYSPTSI,0.0,0.0,0.0,0.0,0.0,0.0,0.0,0.0,20.0,Weak
RRDYRRGL,1.0,1.0,1.0,1.0,1.0000000000000002,0.9999999999999998,1.0,1.0,20.0,Weak
