,a,b,c,e,h,i,p,r,pred,Class
RILHNFAYSL,0.25811063634534737,0.1937469118288324,0.06667850919711205,0.1909100059268658,0.15582193406433853,0.22629630059072958,0.14983070724263525,0.22476724638857393,9.910332614660174,Weak
FLGKIWPSYK,0.4203677227283227,0.31203488338344476,0.1071909693881592,0.256715431104672,0.24318310218342876,0.35239790799459525,0.36688214251538764,0.35508284845695726,4.739199211838724,Weak
RGPYRAFVTI,0.0,0.0,0.0,0.0,0.0,0.0,0.0,0.0,4.230580263904472,Weak
KLVEITPIGL,0.40946343574885113,0.28322749045338425,0.10778771845946755,0.2861731527934095,0.28151871118221994,0.3222250679158313,0.21836607548237752,0.35163594511823915,20.0,Weak
HLCRLIRGKM,1.0,1.0000000000000002,1.0,1.0,0.9999999999999998,0.9999999999999999,0.9999999999999998,1.0,2.2597376988411417,Weak
FLYCKMNWFL,0.6008861845011111,0.5305747635135909,0.30323767738481733,0.4190127801791226,0.40443908336753776,0.5676360175234098,0.5376139392174866,0.5755454805262303,0.0,Weak
