,a,b,c,e,h,i,p,r,pred,Class
FKVGWAWW,0.5985121004070244,0.7083651635788075,0.5602904218562901,0.5571515552243747,0.5632332023921074,0.5206293434034337,0.5355607597626535,0.528339110928902,7.931106521306578,Weak
HTDNGANF,1.0,1.0,0.9999999999999996,1.0,1.0,1.0,0.9999999999999996,1.0,12.897528330997476,Weak
AMQIIRDI,0.0,0.23592938555992404,0.25525280106169523,0.37958310916941196,0.31896771710564664,0.0,0.0,0.0,4.030078578202631,Weak
KRRWRRRW,0.09997217776360445,0.22753051012635028,0.9155437949523679,0.4113222671393064,0.49157351277688077,0.3086681038910628,0.2817928742033562,0.18776650664061156,20.0,Weak
LLKLAGRW,0.1044955805883303,0.016369417287672938,0.21284360198610353,0.20031718078005145,0.14845507943961667,0.14893953278339334,0.21732365687794308,0.17181944716835584,10.651622545353073,Weak
RFPKTFGW,0.7780807037449184,0.9008013186677042,0.9024880635492063,0.9341702685087774,0.9146385251593201,0.8363539698832798,0.8271252789545191,0.8365512708813112,10.997999921757954,Weak
CYHCQFCF,0.19143133652378008,0.4257502009917844,0.17062603442884283,0.04131282386026669,0.0,0.17579146709203908,0.11122232683745725,0.10193240465101283,9.48049958176389,Weak
AENRTYIY,0.3623656057114224,0.3981618734633834,0.6005172144213682,0.5591859535472086,0.5298406780050668,0.4400478810410773,0.484706149326978,0.4381337915351957,11.473431122231485,Weak
VGNVYVKF,0.22741718541873102,0.37768580461578605,0.10168321117221302,0.0,0.12215892521194016,0.1999824556933012,0.25129443219493464,0.08620301967616939,18.703936398960888,Weak
MSYSSVMI,0.47441218090930093,0.544567655562703,0.2718137684862443,0.7516920987658131,0.5865000121333854,0.37863339617379665,0.45437446727866426,0.45416323702597516,0.0,Weak
YLEVQGYW,0.13282422511484127,0.0,0.0,0.021751252599673254,0.035796978233557875,0.11576667599225932,0.0780603067848773,0.04256483443769099,17.904597070015807,Weak
LRARGETY,0.06690147992206041,0.05587172078145031,0.36721966501666525,0.23319074978436172,0.2505130293402291,0.17856162078140958,0.29127360552519077,0.167294933922308,14.424232073027456,Weak
