,a,b,c,e,h,i,p,r,pred,Class
WEQWWTDYWQV,0.9999999999999998,1.0000000000000004,1.0,0.8235708971338891,1.0,1.0,0.7410717939119875,0.9503949178305873,10.06122240765422,Weak
KEYKNVEIEVL,0.31153949070043496,0.5100827975436877,0.11844666751970312,0.3228177382766342,0.4028990753053061,0.41502498043675917,0.3050183260236352,0.34565719248136784,11.841375338447529,Weak
TTQCLPDNGDY,0.8559736689823787,0.9563844094110325,0.9427213999190407,0.9168516837729705,0.9567987036857839,0.9696421316255162,0.9990872033813547,1.0,7.069724975169519,Weak
TSTTASAKVDM,0.7187450681569076,0.8555944474669559,0.5313142364075798,1.0,0.9484627568398323,0.6802551021878314,0.7604038166018556,0.8496706275412116,0.0,Weak
LELGDYKLVEI,0.40161765487616186,0.280016653200307,0.4024162188619771,0.42809996901137737,0.4499401500378952,0.4800277116750866,0.4901900647719044,0.47094628257264537,13.36171020531829,Weak
TEDLLHLNSLF,0.5541334610777644,0.47905356967046364,0.38538947710904203,0.5952652621347116,0.5208218408282481,0.6504732019622104,0.6948981327687642,0.6464609069048497,13.64568416553874,Weak
EETIGEAFEWL,0.2628008669908677,0.3692950211589685,0.24876951024429061,0.3363911222525986,0.3923659841998255,0.3750723356224692,0.4747507592588667,0.36908539652947425,10.715377962219316,Weak
LDVVKRQQELL,0.3551824022668566,0.33055866585975346,0.1605663910786932,0.2510423894030196,0.21820012819290646,0.35204966366868495,0.11300899517165908,0.25825198643050573,18.48737731628997,Weak
QMDCTHLEGKI,0.48138842642894875,0.5697849362832383,0.3764198425243297,0.49935401267983437,0.45800435733911593,0.5604354503620588,0.4405090936782985,0.5126644141394805,14.038758842962862,Weak
LEKEEGIIPDW,0.0,0.0,0.0,0.0,0.0,0.0,0.0,0.0,12.52144782376207,Weak
EDVWQLFETSI,0.11879142791288899,0.13124933378972647,0.20528746468736792,0.17623142034179695,0.12936246225802295,0.07087734290645731,0.014537022583783976,0.02877466201208634,20.0,Weak
LDRFGLAESLL,0.7663653075687813,0.7491085229801091,0.6368996138977767,0.792529164632549,0.8922089940767055,0.9275370157917862,1.0,0.9193593410078069,9.265127903110765,Weak
GDTLEGAGELI,0.1797414761031797,0.1019223137557499,0.08925387660045558,0.251297873835028,0.24925072080483712,0.22109018190829355,0.41741288603236537,0.2507364712106237,12.831507205919635,Weak
