,a,b,c,e,h,i,p,r,pred,Class
SSDSGSGFWK,1.0,1.0,0.7696566883109632,1.0,1.0,1.0,1.0,1.0,0.0,Weak
KGFTDADNTW,0.2042611946545012,0.3538758076916402,1.0,0.23765485650319818,0.11153478175901199,0.17977603567589995,0.0,0.2690273932962519,15.694756964125219,Weak
ESSDSGSGFW,0.0,0.0,0.0,0.0,0.0,0.0,0.26251280565823265,0.0,20.0,Weak
