,a,b,c,e,h,i,p,r,pred,Class
REHQGNEI,0.011652384577051977,0.12486695560217687,0.5011532529885834,0.06860498691261774,0.1597247099407484,0.10668174189774926,0.11078280685654951,0.07429825879632057,13.80440278423448,Weak
WDQMWKCL,1.0000000000000002,1.0,0.9999999999999996,0.797345961028683,0.8591495668751115,0.9559367695005734,0.7051603635755144,0.9233451388083962,20.0,Weak
SELYKYKV,0.6127879280806006,0.5695423687808878,0.6938500833117689,0.6888150703953391,0.6733966872318062,0.6586428647477782,0.6352209490400584,0.6881434831890751,16.39978239438218,Weak
GDYSEVAL,0.39330469075449215,0.36700401477121014,0.44578872091587707,0.4185867652948356,0.4748818115479023,0.3478459103687297,0.4486295626588821,0.41253977651026075,0.0,Weak
GEVLAWKF,0.5999528545254675,0.7066471079182164,0.7083451640239775,0.5674093329248986,0.6677033906294192,0.6400883238585884,0.77456235170269,0.658597926028158,3.8284600342254684,Weak
AETAGARL,0.29356690662526863,0.4072071329032654,0.5311056439187332,0.5300854106672899,0.5061231045330594,0.323293035796397,0.41973417594709606,0.4330862562301374,14.382865682476334,Weak
GEAMHGQV,0.17915659106859283,0.24898890769545456,0.18076693512076591,0.1747031500305134,0.173522033330191,0.18709249168575992,0.2265778114291952,0.2205643715682022,15.107357247745245,Weak
LEDGVNYA,0.0,0.0,0.0,0.0,0.0,0.0,0.0,0.0,12.010712654273338,Weak
QTFVVGCI,0.44027107943140353,0.6253350643355113,0.42469015443997815,0.2593532174937072,0.338122235140901,0.3274260825116371,0.09680538466945476,0.2693521735731679,10.533940768559345,Weak
TDGEERVI,0.3706726607427686,0.4955436499775714,0.9450303713660619,0.4640133478192465,0.5759665441137962,0.4276329244748869,0.47845755853437044,0.4499561464395563,7.216809836513344,Weak
DEGEGRVI,0.38716265373701364,0.5232157116331084,0.8972957457474697,0.4302939684806242,0.6422354376813415,0.48974832177361094,0.543258859279701,0.4732903513406419,7.500380489123034,Weak
SELSPLLL,0.9608591258513732,0.7954059380280882,0.9248275636947052,0.9999999999999998,0.9999999999999998,1.0,1.0,1.0,5.4868730121569005,Weak
WERKVDFL,0.5671287868664268,0.6399124440401391,0.7177534580721234,0.5008813571544362,0.6226391987626003,0.5872726285487047,0.44049898187860137,0.5341408307478326,13.810360951599224,Weak
