,a,b,c,e,h,i,p,r,pred,Class
IPQSLDSWWTSL,0.6441643257013481,0.5808869845670552,0.4409362623577655,0.5854577949250686,0.5627229164576801,0.5497461810738722,0.4861408277972237,0.5645908344203039,18.108089928381805,Weak
SDILSGIFSNPH,1.0,1.0000000000000002,1.0,1.0000000000000002,0.9999999999999998,0.9999999999999998,0.9999999999999998,1.0,0.8834391559432988,Weak
KVFGRCELAAAM,0.33993242123853795,0.5434578484429975,0.14522381343886615,0.29986945991702485,0.309774657063862,0.3673359981925428,0.2663985065301133,0.34356969700986784,20.0,Weak
REVYDFAFRDLA,0.0,0.0,0.0,0.0,0.0,0.0,0.0,0.0,0.0,Weak
