,a,b,c,e,h,i,p,r,pred,Class
KVVRFDKL,0.0,0.0,0.13825723608942253,0.16335275226355184,0.15226715431611337,0.04836292038995893,0.08368858333697937,0.12397392423634312,4.848941197116674,Weak
LSPYPFDL,0.681150460436085,0.41365431331894076,0.6720101609455331,0.7446689856679951,0.641975534405608,0.6550795940979994,0.8141911506967541,0.723438291511536,14.377839306627877,Weak
CFDVFKEL,0.05079211800599026,0.25719841561563994,0.19853257628652266,0.21323387295040797,0.1864965435074739,0.14033272485233006,0.24535987595010167,0.20687436852085117,17.645429991335636,Weak
ISHNFCNL,1.0,1.0,1.0,1.0,0.9999999999999998,1.0,1.0000000000000002,1.0,15.887183791973623,Weak
ILSPFLPL,0.2404606460100207,0.12152751064799183,0.3170180345229521,0.3850238866757758,0.3487621739190667,0.27346539231081923,0.3872859655859828,0.3687932346957139,7.937971304260488,Weak
SIINFEKL,0.26401461079855615,0.3220890293318801,0.47499190585212814,0.5732250697478563,0.5024989263399966,0.3164211751389008,0.4681360595361743,0.4366895959917514,5.696892350680521,Weak
LSPFPFDL,0.652041523217735,0.46760898974443244,0.6178995023247862,0.7278140483238098,0.6288358754831471,0.636320417061913,0.7802183943618,0.6896865095292792,12.267926568619693,Weak
VPFVQWFV,0.06584061074257619,0.11628401017293521,0.0,0.0,0.0,0.0,0.0,0.0,20.0,Weak
IPIPSSWA,0.17032846306714866,0.1478811502774824,0.3716669900824692,0.4810164194159068,0.4294836734411147,0.1452794362649361,0.2540992150743746,0.29077936637555224,0.0,Weak
KVVRVDKL,0.36122610350715156,0.29374905218394254,0.34854017808963356,0.3732751160574437,0.40437416012080396,0.3382378496440781,0.2774430965378045,0.35252051874714585,4.674258530817202,Weak
