,a,b,c,e,h,i,p,r,pred,Class
RELNRVTQDF,0.3885211096973742,0.43518302228251393,0.7536176187078136,0.3132360133854215,0.4688552597491462,0.3992803075020124,0.2719773869930364,0.3035009103102313,13.063123920811558,Weak
QELKNSAVSL,0.7262769594647533,0.7045143016767041,0.6226851671186648,0.6412229062734376,0.64298409987707,0.6195345407997253,0.5123854762877817,0.6386394998017018,11.149574721945747,Weak
GEQLLSCCRF,0.270022948199399,0.3146613173483295,0.4718298915270105,0.07934130742915624,0.07900203470720468,0.27090870887764273,0.3005356111622577,0.23194151572724886,11.87805327097421,Weak
NDEVDLYLLM,0.28365688351726437,0.02609457946904481,0.17771818955016938,0.09578985409560481,0.05621251797387172,0.27205040053190066,0.10390175793337608,0.19905912967264383,17.772901255917414,Weak
DEEEAIVAYT,0.16799105800209713,0.20445368448665624,0.5794283554363786,0.2557666326179593,0.2983877453521959,0.09778116710328444,0.2419523209702028,0.1861283331742385,16.939319397772035,Weak
FEFAFKDLFV,0.143470520409958,0.2729499197702894,0.0,0.026407392971440125,0.0,0.07278104483055348,0.13290511731859933,0.04912800636062409,9.611640596624204,Weak
LEGAGELIRI,0.0,0.0,0.35554248399460997,0.0,0.05120084717617468,0.0,0.05157531409573313,0.0,18.953845901589442,Weak
AEYEENKIIL,0.21403238551453052,0.346872971897505,0.5989139166250657,0.23450602634651307,0.27687833467041045,0.21897204787835722,0.277421467729595,0.2610928540225581,20.0,Weak
KEAIVIWGQV,0.3551102850443426,0.5063438519941412,0.3833675539729611,0.17938099404677832,0.33460157679565183,0.16734974767223898,0.0,0.14415543362576066,3.2226539937203587,Weak
GDMTPAERLI,0.6936161149661726,0.6176055377302898,0.8759706893627075,1.0,0.9792559604535609,0.6843613369214068,0.9546315106056253,0.7820022344654247,14.809469872786552,Weak
EEMLTACQGV,1.0,1.0,0.9999999999999996,0.9212671520457487,1.0000000000000004,1.0,1.0,1.0,0.0,Weak
