,a,b,c,e,h,i,p,r,pred,Class
MGLIYNRM,0.0,0.0,0.12813868123773586,0.183600261279401,0.08176632726364108,0.17182906221445782,0.11891312548086663,0.07343845764146861,0.0,Weak
AFDVFKEL,0.013327504281045677,0.11317777130787432,0.0,0.0,0.0,0.0,0.0,0.0,18.389768245850778,Weak
YTVKYPNL,1.0,1.0,0.9999999999999996,0.9999999999999996,1.0,1.0,1.0,1.0,20.0,Weak
