,a,b,c,e,h,i,p,r,pred,Class
VGPRWMEW,0.5251366511421804,0.45107484443427426,0.40291451097469366,0.39294216553527583,0.3819547334961184,0.5198455766128727,0.5044656996495034,0.4819354673621943,12.321394092944665,Weak
DIPPRWFM,1.0,0.9999999999999996,1.0,1.0,1.0,1.0,1.0,1.0,17.581191290377937,Weak
NGIIRNLV,0.0,0.0,0.0,0.0,0.0,0.0,0.0,0.0,12.808411787463317,Weak
TLGNKHTL,0.5363456125934998,0.3508142126307079,0.29077330138699065,0.5319467429649016,0.3164801023360564,0.5034259971669197,0.6160323415301576,0.6533658406681662,0.0,Weak
EGPQYWEW,0.8003600365520058,0.5551583824688717,0.7331054606857563,0.5351694763708488,0.5607283675774912,0.7919805441510643,0.9092735342952176,0.8127363973379707,13.823133668382031,Weak
HGVEFDFI,0.49126910189697615,0.5763686170298326,0.4832815171524434,0.3978507678980745,0.417723268167868,0.46078829412118827,0.591001075826254,0.4960405604220446,20.0,Weak
