,a,b,c,e,h,i,p,r,pred,Class
SGVENPGGYCL,0.7744385013795423,0.5436099374410759,0.8546164617466125,0.0,0.1011202786945411,1.0,1.0,1.0,4.848569512134239,Weak
IPSLDSWWTSL,1.0,1.0,1.0,1.0,1.0,0.6462180551737173,0.49559506222944805,0.7317678850388294,0.0,Weak
IPQSLDSWWTL,0.0,0.0,0.0,0.27453846349723676,0.0,0.0,0.0,0.0,20.0,Weak
