,a,b,c,e,h,i,p,r,pred,Class
YLLFASMGFK,0.6077469842366865,0.48816624399687125,0.10548879698697977,0.5821590612997465,0.3849946170703946,0.6791502645578813,0.8086240879179556,0.7657539152289559,0.0,Weak
RKPYRAFVTI,0.7362088617977394,0.752409337628313,0.8297242561146598,0.8172895657338168,0.8478130524187364,0.8004402688019283,0.7283470260989615,0.8360890770880296,9.193670756970622,Weak
CQITRRDWSF,1.0,1.0,1.0,0.8257077474253061,0.9502350175966816,1.0,0.7655410345717959,0.9527240653482032,4.606432316875446,Weak
AGAAALRPFA,0.00802935179480091,0.124433977859848,0.0,0.32573681936115406,0.1340270014206495,0.026613722628396452,0.2603276587311232,0.14404652623292868,13.728634299969785,Weak
QGISFLRRAI,0.4669387839084882,0.43607992831583964,0.5617046272207391,0.5079638256017391,0.5290104339034771,0.48414480459808207,0.428689039077808,0.4020876594253586,18.037614598211935,Weak
ILLAELFDIF,0.0,0.0003650693062660082,0.1886450651279712,0.18472353731322944,0.08796208944441375,0.01514477255954283,0.07326914628447856,0.0,20.0,Weak
GILVALSTVI,0.18942204000272778,0.0,0.11854259543975676,0.20070065078870591,0.15954256701671632,0.04276072278379228,0.0977707190939947,0.047556937848632685,12.486227976010186,Weak
AVRMGSQAAI,0.33408622893024553,0.6082180425097583,0.1769637396699535,0.44080365568455715,0.35013485071072825,0.27979411216339667,0.25094151239127527,0.307237976086042,9.165601551985148,Weak
CTFMIITSTK,0.06266161159775763,0.22214661950015113,0.21483785573347003,0.24598398907397812,0.08649792754687802,0.0,0.0,0.039459974163746914,14.176241712526872,Weak
RGPYRAFATI,0.8116421232191371,0.8038246625130423,0.9110234343231234,1.0,1.0,0.927073934362209,1.0,1.0,10.913431586886157,Weak
EVVMAYVGIK,0.03573747878297251,0.29365737751460497,0.04837359668887631,0.0,0.0,0.061846659036696394,0.06380977982736624,0.00430604240156196,12.01563708906674,Weak
TQLNSLAHWI,0.6146518547247393,0.38821242421592395,0.4141713705700316,0.6302321631108088,0.44690297408121893,0.46678513869088345,0.40616233960783976,0.5321785675067767,5.529998628440433,Weak
KGFSEEHNTW,0.2110672129493345,0.21554647191511833,0.42455637475339847,0.1631795764910029,0.17922633125348142,0.3954419462382033,0.6374326077383579,0.3623348065180414,12.745231250344649,Weak
AGPFGMSRIL,0.789485233061753,0.8135756666782461,0.4223655611062802,0.8188270085023701,0.7586498936530877,0.8699832341056037,0.9494059338824927,0.8898472095241283,6.502677085575376,Weak
