,a,b,c,e,h,i,p,r,pred,Class
KEGCQKILSVL,0.8628598799794225,0.9999999999999996,0.5031514413297842,0.49399120576974465,0.6745515100496129,0.8082530241491428,0.5949464978991168,0.7794234103484672,18.106222015360885,Weak
GEAFEWLNRTV,0.753963798731327,0.920257566870585,0.619793955217756,0.5229482143371698,0.7813035492361693,0.8217396402060384,1.0,0.7478833741097621,4.59793886690059,Weak
LDLAIQQLQNL,0.718221740822917,0.5484821258266934,0.40284931184580497,0.37849687075614113,0.3769853795152289,0.5705291470583052,0.2516514653913271,0.5338225229653082,20.0,Weak
AEQASQDVKNW,0.7450916442966302,0.9796974837013583,0.49088700499519566,0.5601516147232939,0.6350164300060945,0.5961934736508603,0.4983669735959504,0.6086805772983985,17.55710595634115,Weak
LERWHSLIKYL,1.0,0.8831588964838715,0.8405846977357028,1.0,1.0,1.0,0.980739011379903,1.0,13.298981719792227,Weak
GDYKLVEITPI,0.23124114822936992,0.24878388529765072,0.15799650552600442,0.15639038723056586,0.27298740194800475,0.15313421641074143,0.19788395924257873,0.17164930404893752,12.783636886412044,Weak
GEFLYCKMNWF,0.7138077959079632,0.9214455817882716,0.3877760224091955,0.42123198697922426,0.544362372579446,0.8170679976185462,0.9214738413201733,0.7397529212145426,9.926635403421955,Weak
REEELRKRLRL,0.5777200875721369,0.6672187758721289,1.0000000000000004,0.55647871528575,0.8191403101161536,0.8636328120962053,0.9482345903786236,0.7662471637545294,6.385505104200833,Weak
IELGPHYTPKI,0.0,0.0,0.0,0.0,0.0,0.0,0.0,0.0,17.187572961280743,Weak
GDTLEGAGELI,0.3715618779603682,0.3144423688501994,0.3588464650672605,0.1648890287306699,0.3506397344980634,0.3851086875845069,0.6099152387340698,0.4076587537372802,0.0,Weak
