,a,b,c,e,h,i,p,r,pred,Class
SGVENPGGYCLT,1.0,0.9999999999999998,1.0000000000000002,1.0000000000000002,1.0,0.9999999999999999,1.0,0.9999999999999999,20.0,Weak
SSGVENPGGYCL,0.8972561457255293,0.8861176492427931,0.7755477653840603,0.8635439915083325,0.8580295098279067,0.8635430876787856,0.8943313706568183,0.8740785118825113,18.10787020334192,Weak
FQPQNGQFIHFY,0.0,0.0,0.0,0.0,0.0,0.0,0.0,0.0,0.0,Weak
IPQSLDSWWTSL,0.585021747452338,0.5428453416230743,0.5185668240631689,0.6553209567300573,0.6257519328600654,0.48772853930882853,0.45248414965787886,0.544132502101566,11.453744898085306,Weak
TLVGLAIGLVLL,0.7735747922184475,0.707165525899123,0.6534545146344379,0.7934375450719957,0.7566971225704566,0.7201856841746627,0.7033987943623474,0.7640209819124909,16.436647155981152,Weak
