,a,b,c,e,h,i,p,r,pred,Class
CSANNSHHYI,0.0,0.0,0.0,0.0,0.0,0.0,0.0,0.0,0.0,Weak
RPDTRHLRVL,0.5176444155496487,0.2120274982856616,1.0,0.5894765406500371,0.5916112485467049,0.6352905517650953,0.5716509818409099,0.5528338918429929,20.0,Weak
SPTRQSPYAA,0.6629628127084963,0.5086522009960497,0.6774771630171061,0.913786348918368,0.7032085428698287,0.6105179109501879,0.7354451764722469,0.707415562758821,1.1077341724810383,Weak
IPSSWAFGKF,1.0,1.0,0.6397799518035363,1.0,0.9999999999999996,1.0,1.0,0.9999999999999991,2.3974191939854577,Weak
