,a,b,c,e,h,i,p,r,pred,Class
QYIHSANV,0.35297278498139306,0.5203820727807624,0.40720745436123185,0.48671938222556044,0.4278006748921168,0.36947831445951174,0.3544736110921325,0.32962966375299807,12.173845877574635,Weak
TYCKEKDI,0.2379490691093804,0.5655929947915244,0.6536363471689999,0.44845252124696744,0.3864959062306039,0.3910146111427859,0.40646536213862383,0.46965366199956016,0.0,Weak
LKSEEKTL,0.44487586041140403,0.5538303903040109,0.6441894057055908,0.4095764809213702,0.43978911131674847,0.6949870977188892,0.7114219082366549,0.7157582505186126,8.149980349075234,Weak
DYEKSLTL,0.9296333166670552,0.8187296844926939,1.0,1.0,0.9999999999999996,0.9999999999999996,0.9999999999999996,1.0,19.255745938356622,Weak
KYIHSANV,0.5317767369115041,0.8166812932041809,0.6448983389954499,0.7485293388058598,0.7457293912181022,0.6172749234471806,0.6448354080977299,0.5943450161329897,13.817375856546562,Weak
EYLTAETL,0.6723697857614006,0.6321012467372782,0.9192841541357994,0.8215678456203777,0.7858666128027774,0.8665976274391896,0.9319045699475725,0.9049230106767712,20.0,Weak
TYVEEITA,0.18327019546163692,0.5836365116620694,0.7378594626306123,0.5224279277385313,0.47908816805953647,0.36334751842282653,0.4920211530315246,0.41831479841763874,9.010089649836406,Weak
LDDVDAAF,0.0,0.0,0.0,0.0,0.0,0.0,0.0,0.0,11.899897378642502,Weak
SYMLQALC,1.0,0.9600491266233213,0.6475444584293086,0.8730389607806748,0.7555926030311038,0.9954492037380418,0.730176776303503,0.8971672225363365,4.673506953586699,Weak
EYLDLQTQ,0.6647972546487422,0.5489214944622463,0.7492529394509901,0.5497159414863564,0.5024599914843924,0.7164318099290976,0.5828049630368537,0.6641486853577239,6.5845538498990175,Weak
KYFPGTPV,0.6797694280358693,1.0,0.7409336007208243,0.7979791156112377,0.8120631384243278,0.8544041538318781,0.9007915305885406,0.7852376354962618,15.426633343867373,Weak
KYFLGTPV,0.7211840230337323,0.9228741566321084,0.7897861601263072,0.7771609842894209,0.7853378676361462,0.8874558235656629,0.8889377024090952,0.81334065387342,14.55745384379977,Weak
