,a,b,c,e,h,i,p,r,pred,Class
KSRRFTVRF,1.0,1.0,1.0000000000000004,1.0,1.0,0.9999999999999996,1.0,1.0,11.050235519753537,Weak
RRFNRTKPM,0.6194847164922064,0.6708575308738478,0.802262229362015,0.6656538747945717,0.6784977522982625,0.7344161405389431,0.6878756773437829,0.7387302384612706,18.634059507086405,Weak
RRRQWASCM,0.5252896577249211,0.48467758324214394,0.5272721524971105,0.3002848627758965,0.36355578621798035,0.409236523700212,0.10257715766557851,0.3994153336914614,6.409740467001152,Weak
RRFFPYYVY,0.0,0.0,0.0,0.0,0.0,0.0,0.0,0.0,12.945222359880537,Weak
SARRRHLVF,0.7422308528438921,0.6295057253400036,0.6915644172230881,0.7094578525742854,0.6922733953059583,0.6782517315683667,0.603589523188913,0.6807078119756658,9.537802293830858,Weak
RMFKRVFNM,0.6149883567895267,0.8108001797717681,0.3786674243232713,0.5299991235576904,0.532502034483727,0.6909336749672366,0.4417057273382925,0.6039287380983218,20.0,Weak
KSYEHQTPF,0.7201458405148156,0.6058952438643117,0.49409751405708,0.5822916543793504,0.4673817582738522,0.5801043450229519,0.6170151591614621,0.7432034434901409,0.0,Weak
KSFFSRLNW,0.42436129998534255,0.4087204939815545,0.29592089688058687,0.36573125792809247,0.30645792326574073,0.32253421402562354,0.43807775303580065,0.4005571301070625,3.545292480447626,Weak
