,a,b,c,e,h,i,p,r,pred,Class
MNYAAAAAY,0.27532199222077036,0.37503064854373314,0.0,0.6088992828576218,0.4078237080722422,0.14769303043522441,0.269241114200363,0.4805384497016023,10.25324622045556,Weak
MTAHITVPY,1.0,1.0,1.0,1.0000000000000009,1.0,1.0,0.8238570918520685,1.0000000000000009,20.0,Weak
MSSFQDILM,0.2099967717372948,0.0,0.07285876736366337,0.13214055593873741,0.0,0.0,0.0,0.03726816435864322,0.0,Weak
SSVGVTHGY,0.8124977922215546,0.7995445980258005,0.9400691769026919,0.6788062498518608,0.8047118528998745,0.9372977257075128,1.0,0.7755721217978193,15.911046183089118,Weak
MSFQGRGVF,0.0,0.20738163041577629,0.2649352834880583,0.0,0.14533894341633324,0.19701064681434666,0.2528866487427246,0.0,11.656673104443795,Weak
