,species,mhc,peptide_length,sequence,meas
85960,human,HLA-B*54:01,11,YPALMPLYACI,-2.0453229787866576
85961,human,HLA-B*54:01,11,LPFPFLYKFLL,-2.21984992790524
85962,human,HLA-B*54:01,11,TQGYFPDWQNY,-3.2332789078188027
85963,human,HLA-B*54:01,11,RRQDILDLWIY,-3.645338763097812
85964,human,HLA-B*54:01,11,QPGGSLRLSCA,-3.747184788907149
85965,human,HLA-B*54:01,11,RLRDLLLIVTR,-4.0030866491837225
85966,human,HLA-B*54:01,11,KRQEILDLWVY,-4.153545067837916
85967,human,HLA-B*54:01,11,PPYCTIAPVGI,-4.442247997483849
85968,human,HLA-B*54:01,11,RRARSLSAERY,-4.480759464958107
85969,human,HLA-B*54:01,11,QAISPRTLNAW,-4.568661141316083
85970,human,HLA-B*54:01,11,VMNSNTLLSAW,-4.6143091625237105
85971,human,HLA-B*54:01,11,ACQGVGGPGHK,-4.623335003397575
85972,human,HLA-B*54:01,11,AYISSEATTPV,-4.639573190395613
85973,human,HLA-B*54:01,11,RDYVDRFFKTL,-4.6839358911008455
