,species,mhc,peptide_length,sequence,meas
70683,human,HLA-B*15:01,13,SVNCFTSLVWAPL,-3.0138782578737646
70684,human,HLA-B*15:01,13,FSLPFPFLYKFLL,-3.343934455669117
70685,human,HLA-B*15:01,13,CFTSLVWAPLILA,-3.8808155131724655
70686,human,HLA-B*15:01,13,VWAPLILAYFPVF,-3.8949519234700514
70687,human,HLA-B*15:01,13,AYIAFPTSCHMFI,-4.08951852892027
