,species,mhc,peptide_length,sequence,meas
33476,human,HLA-A*03:19,9,RLPAYAPLL,-0.0
33477,human,HLA-A*03:19,9,RVYAHVRSV,-0.0
33478,human,HLA-A*03:19,9,RMMETWHPL,-0.6020599913279624
33479,human,HLA-A*03:19,9,VLYHRYNLV,-0.6989700043360189
33480,human,HLA-A*03:19,9,RIYKRSLKL,-1.1760912590556811
33481,human,HLA-A*03:19,9,RMFKRVFNM,-1.3617278360175928
33482,human,HLA-A*03:19,9,SLYSGFPSL,-1.4313637641589874
33483,human,HLA-A*03:19,9,RFFKHFMSL,-1.6720978579357175
33484,human,HLA-A*03:19,9,RVMAIFMAL,-1.7323937598229686
33485,human,HLA-A*03:19,9,KLMPGSIYV,-2.041392685158225
33486,human,HLA-A*03:19,9,TVYPKTHYV,-2.305351369446624
33487,human,HLA-A*03:19,9,RAMRMVYYL,-2.315970345456918
33488,human,HLA-A*03:19,9,RYRQVLSPL,-2.5921767573958667
33489,human,HLA-A*03:19,9,MLVGHMPFM,-2.66838591669
33490,human,HLA-A*03:19,9,MVRQMRAAL,-2.7715874808812555
33491,human,HLA-A*03:19,9,MAAAAFPAL,-2.791690649020118
33492,human,HLA-A*03:19,9,RRYTRRISL,-2.8007170782823847
33493,human,HLA-A*03:19,9,RWRWFRAAM,-2.9106244048892007
33494,human,HLA-A*03:19,9,RMMGVKYLM,-2.9479236198317262
33495,human,HLA-A*03:19,9,SVIDHIHYM,-2.992111487786949
33496,human,HLA-A*03:19,9,WPTPKTHPV,-3.03382569395331
33497,human,HLA-A*03:19,9,GMMRWCMPV,-3.0530784434834195
33498,human,HLA-A*03:19,9,RAYRNALSM,-3.0666985504229958
33499,human,HLA-A*03:19,9,FYFNWNTPI,-3.1535099893008374
33500,human,HLA-A*03:19,9,LFFPFGLFK,-3.1684974835230326
33501,human,HLA-A*03:19,9,RVRWRNYAL,-3.1766699326681502
33502,human,HLA-A*03:19,9,KVRGRLLAL,-3.1889284837608534
33503,human,HLA-A*03:19,9,YTFTSLFSL,-3.4877038631637265
33504,human,HLA-A*03:19,9,GVPKTHLEL,-3.5096057046115563
33505,human,HLA-A*03:19,9,MTMLTRWKI,-3.5458017571592766
