,species,mhc,peptide_length,sequence,meas
70655,human,HLA-B*15:01,11,AVINTTCNYGQ,-1.000987851053382
70656,human,HLA-B*15:01,11,TQGYFPDWQNY,-1.5246299893472466
70657,human,HLA-B*15:01,11,RSLYNTVATLY,-1.8054526277238407
70658,human,HLA-B*15:01,11,RSLYNTIATLY,-2.012837224705172
70659,human,HLA-B*15:01,11,RSLFNTVATLY,-2.175486691107376
70660,human,HLA-B*15:01,11,KAFSPEVIPMF,-2.292408247181928
70661,human,HLA-B*15:01,11,EMKTDAATLAQ,-2.582086432203771
70662,human,HLA-B*15:01,11,RSLFNTIATLY,-2.8518696007297657
70663,human,HLA-B*15:01,11,RSLFNTVAVLY,-2.9580858485210846
70664,human,HLA-B*15:01,11,AEMKTDAATLA,-2.980919457768017
70665,human,HLA-B*15:01,11,QAISPRTLNAW,-2.9866097735668844
70666,human,HLA-B*15:01,11,RPQVPLRPMTY,-3.019199049946423
70667,human,HLA-B*15:01,11,KSLFNTIAVLY,-3.0799044676667213
70668,human,HLA-B*15:01,11,RSLYNTVAVLY,-3.119585774961784
70669,human,HLA-B*15:01,11,RSLFNTIAVLY,-3.5631249603380444
70670,human,HLA-B*15:01,11,ILGLNKIVRMY,-3.5637081755532134
70671,human,HLA-B*15:01,11,LLDAHIPQLVA,-3.7638707807068927
70672,human,HLA-B*15:01,11,QALSPRTLNAW,-3.893837467574737
70673,human,HLA-B*15:01,11,AYISSEATTPV,-4.30747584874081
70674,human,HLA-B*15:01,11,SELPQWLSANR,-4.413655083859132
70675,human,HLA-B*15:01,11,ISDSNPYLTQW,-4.464110528863756
70676,human,HLA-B*15:01,11,AEQASQEVKNW,-4.515015470813807
70677,human,HLA-B*15:01,11,ACQGVGGPSHK,-4.547696318125473
70678,human,HLA-B*15:01,11,AEQASQDVKNW,-4.612624763415981
70679,human,HLA-B*15:01,11,MSLLDAHIPQL,-4.749662255631604
