,species,mhc,peptide_length,sequence,meas
87025,human,HLA-B*58:01,8,FSLPAQLL,-1.3689593437710241
87026,human,HLA-B*58:01,8,RFPLTFGW,-1.814009838428756
87027,human,HLA-B*58:01,8,RYPLTFGW,-2.1921661769852543
87028,human,HLA-B*58:01,8,VGNVYVKF,-2.241285185331714
87029,human,HLA-B*58:01,8,KAFSPEVI,-2.6720507313783015
87030,human,HLA-B*58:01,8,MASSPTSI,-2.9944930828144125
87031,human,HLA-B*58:01,8,KTDEVVTL,-3.081095280511627
87032,human,HLA-B*58:01,8,RFPLCFGW,-3.099218670375825
87033,human,HLA-B*58:01,8,KLWASQIY,-3.362562616365274
87034,human,HLA-B*58:01,8,RYPLTLGW,-3.4072432518858986
87035,human,HLA-B*58:01,8,KAIGTVLV,-3.4206871184907683
87036,human,HLA-B*58:01,8,TAFTIPSI,-3.4262221542164246
87037,human,HLA-B*58:01,8,RYPLCFGW,-3.49009552675944
87038,human,HLA-B*58:01,8,MTYKAAVL,-3.595597152369272
87039,human,HLA-B*58:01,8,HRCQAIRK,-3.675305647991157
87040,human,HLA-B*58:01,8,RMYSPTSI,-3.919511911054841
87041,human,HLA-B*58:01,8,YHSNVKEL,-4.090030139533035
87042,human,HLA-B*58:01,8,WTLVVLLI,-4.149242440110764
87043,human,HLA-B*58:01,8,YLKDQQLL,-4.386150578036892
87044,human,HLA-B*58:01,8,GGKKKYKL,-4.460684604571117
87045,human,HLA-B*58:01,8,EVAQRAYR,-4.49475611052845
87046,human,HLA-B*58:01,8,TERQANFL,-4.602872021098413
87047,human,HLA-B*58:01,8,IGWMTNNP,-4.6786688342836324
87048,human,HLA-B*58:01,8,RYSIFFDY,-4.71627506924622
87049,human,HLA-B*58:01,8,HHIWQNLL,-4.765914984419067
87050,human,HLA-B*58:01,8,LVQPGRSL,-4.805594293259063
87051,human,HLA-B*58:01,8,FLKEEGGL,-4.8358101982631805
87052,human,HLA-B*58:01,8,TAFTIPST,-4.852546544715787
