,species,mhc,peptide_length,sequence,meas
18542,human,HLA-A*02:02,14,ILGGGLLVGLLPAV,-1.8063591581324492
18543,human,HLA-A*02:02,14,LVSDYCNVLNKEFT,-2.8090680284996914
18544,human,HLA-A*02:02,14,TLLVLGILLVVAGL,-3.472687702078696
18545,human,HLA-A*02:02,14,NPTQAPVIQLHAVY,-4.007453335765383
18546,human,HLA-A*02:02,14,QKEEAAICGQMDLS,-4.625199849123032
18547,human,HLA-A*02:02,14,DEPASTEPVHDQLL,-4.729023686858762
