,species,mhc,peptide_length,sequence,meas
22810,human,HLA-A*02:03,13,ILAILAIATLMSV,-1.9020134927959047
22811,human,HLA-A*02:03,13,SLAALIVGLVFAL,-2.0713702394907028
22812,human,HLA-A*02:03,13,VLGMLIPLSVCSV,-2.19853456839464
22813,human,HLA-A*02:03,13,AYIAFPTSCHMFI,-2.2630443838355863
22814,human,HLA-A*02:03,13,SVNCFTSLVWAPL,-2.5516095426075407
22815,human,HLA-A*02:03,13,VLGATLLFFVIAL,-3.4749073736134983
22816,human,HLA-A*02:03,13,FSLPFPFLYKFLL,-3.8941733332793795
22817,human,HLA-A*02:03,13,CFTSLVWAPLILA,-3.9097936835795624
22818,human,HLA-A*02:03,13,PLILAYFPVFRFL,-4.356342557029203
22819,human,HLA-A*02:03,13,VWAPLILAYFPVF,-4.4017074347473475
22820,human,HLA-A*02:03,13,AFPTSCHMFIICF,-4.440068657335093
