,species,mhc,peptide_length,sequence,meas
80673,human,HLA-B*44:03,8,FEFTSFFY,-1.2823076622937857
80674,human,HLA-B*44:03,8,AELLAACF,-1.4313637641589874
80675,human,HLA-B*44:03,8,IEAEVIPA,-2.2355284469075487
80676,human,HLA-B*44:03,8,IEAQQHLL,-2.2355284469075487
80677,human,HLA-B*44:03,8,WEAWWTEY,-2.681299191916706
80678,human,HLA-B*44:03,8,TERQANFL,-3.210197260349591
80679,human,HLA-B*44:03,8,RDWAHNGL,-3.373236938656814
80680,human,HLA-B*44:03,8,GDYKLVEI,-3.5373972798528057
80681,human,HLA-B*44:03,8,AEMKTDAA,-3.5875585123472846
80682,human,HLA-B*44:03,8,RRDYRRGL,-3.807421734883184
80683,human,HLA-B*44:03,8,VGNVYVKF,-4.0954270149779335
80684,human,HLA-B*44:03,8,CCFHCQVC,-4.129293572996565
80685,human,HLA-B*44:03,8,DEIGEDVA,-4.157078786839948
80686,human,HLA-B*44:03,8,WPTVRERM,-4.233206985604732
80687,human,HLA-B*44:03,8,EELKNCNI,-4.245043115946198
80688,human,HLA-B*44:03,8,KAFSPEVI,-4.2721229844055815
80689,human,HLA-B*44:03,8,EIYKRWII,-4.30712132684139
80690,human,HLA-B*44:03,8,WTLVVLLI,-4.373002368777523
80691,human,HLA-B*44:03,8,RNWAHSSL,-4.451552507411024
80692,human,HLA-B*44:03,8,FEREGYSL,-4.456477002298084
80693,human,HLA-B*44:03,8,KAIGTVLV,-4.566106252841497
80694,human,HLA-B*44:03,8,RSWAHDSL,-4.577263217613123
80695,human,HLA-B*44:03,8,AQFSPQYL,-4.587752020739923
80696,human,HLA-B*44:03,8,RSWAHNSL,-4.607607780930467
80697,human,HLA-B*44:03,8,YERMCNIL,-4.613712896636863
80698,human,HLA-B*44:03,8,MTYKAAVL,-4.701689658791652
80699,human,HLA-B*44:03,8,VPLRPMTY,-4.706872355896836
80700,human,HLA-B*44:03,8,DEQSIAEA,-4.7475248257380835
80701,human,HLA-B*44:03,8,FESKSMKL,-4.821872905740714
80702,human,HLA-B*44:03,8,RYPLTLGW,-4.8618525777787625
80703,human,HLA-B*44:03,8,RFPLTFGW,-4.867748362561438
