,species,mhc,peptide_length,sequence,meas
62767,human,HLA-A*68:02,12,TLVGLAIGLVLL,-2.7343853845476844
62768,human,HLA-A*68:02,12,DILSGIFSNPHP,-3.8226257401908375
62769,human,HLA-A*68:02,12,IPQSLDSYWTSL,-4.161475486701312
62770,human,HLA-A*68:02,12,SLVWAPLILAYF,-4.2911151914853
62771,human,HLA-A*68:02,12,SDILSGIFSNPH,-4.453345217150322
