,species,mhc,peptide_length,sequence,meas
41962,human,HLA-A*26:01,8,VGNVYVKF,-3.023567914935339
41963,human,HLA-A*26:01,8,MTYKAAVL,-4.086012486187372
41964,human,HLA-A*26:01,8,LYLQMNSL,-4.116889535897233
41965,human,HLA-A*26:01,8,QIIKLLPF,-4.122935010771907
41966,human,HLA-A*26:01,8,NIILKANF,-4.2345563905267785
41967,human,HLA-A*26:01,8,HHIWQNLL,-4.237195101048954
41968,human,HLA-A*26:01,8,LSCAASGF,-4.257927398222987
41969,human,HLA-A*26:01,8,FPTSCHMF,-4.687710087108501
41970,human,HLA-A*26:01,8,FLKEKGGL,-4.693621219722756
41971,human,HLA-A*26:01,8,LVESGGGL,-4.73644510300652
41972,human,HLA-A*26:01,8,MIWDPNGW,-4.762521394196416
41973,human,HLA-A*26:01,8,RYPLTFGW,-4.820439919377968
41974,human,HLA-A*26:01,8,VIPMFSAL,-4.830668797477264
