,species,mhc,peptide_length,sequence,meas
76371,human,HLA-B*35:01,13,FSLPFPFLYKFLL,-3.8485336096293636
76372,human,HLA-B*35:01,13,CFTSLVWAPLILA,-4.124121877106331
76373,human,HLA-B*35:01,13,AFPTSCHMFIICF,-4.280525660936331
76374,human,HLA-B*35:01,13,SVNCFTSLVWAPL,-4.334888262892377
76375,human,HLA-B*35:01,13,VWAPLILAYFPVF,-4.557589737443111
