,species,mhc,peptide_length,sequence,meas
86921,human,HLA-B*57:01,11,MSLLDAHIPQL,-0.03092461296454971
86922,human,HLA-B*57:01,11,RSLYNTVATLY,-0.5377831700067266
86923,human,HLA-B*57:01,11,KAFSPEVIPMF,-0.9889437964934148
86924,human,HLA-B*57:01,11,QTVEDEARRMW,-1.0053475893254025
86925,human,HLA-B*57:01,11,ISDSNPFLTQW,-1.2262149781126332
86926,human,HLA-B*57:01,11,QAISPRTLNAW,-1.4934674409956503
86927,human,HLA-B*57:01,11,RSLFNTVATLY,-1.6742553877239152
86928,human,HLA-B*57:01,11,ISDSNPYLTQW,-1.807449053605056
86929,human,HLA-B*57:01,11,TSTLQEQIGWF,-2.0233593529014167
86930,human,HLA-B*57:01,11,KSLFNTIATLY,-2.0569048513364727
86931,human,HLA-B*57:01,11,RSLYNTIATLY,-2.1072099696478683
86932,human,HLA-B*57:01,11,RSLFNTIATLY,-2.1643528557844367
86933,human,HLA-B*57:01,11,QALSPRTLNAW,-2.1690299014197834
86934,human,HLA-B*57:01,11,KSLFNTIAVLY,-2.2787536009528293
86935,human,HLA-B*57:01,11,KSLFNTVATLY,-2.3729120029701067
86936,human,HLA-B*57:01,11,KSLYNTIAVLY,-2.3909351071033798
86937,human,HLA-B*57:01,11,LLDAHIPQLVA,-2.4858230948403905
86938,human,HLA-B*57:01,11,LPFPFLYKFLL,-2.6344171580322397
86939,human,HLA-B*57:01,11,KSLYNTIATLY,-2.81424759573192
86940,human,HLA-B*57:01,11,RSLFNTVAVLY,-2.829946695941636
86941,human,HLA-B*57:01,11,RLRDLLLIVTR,-2.9063259113950486
86942,human,HLA-B*57:01,11,KSLYNTVATLY,-2.981818607170664
86943,human,HLA-B*57:01,11,KSLFNTVAVLY,-3.3021143769562014
86944,human,HLA-B*57:01,11,VMNSNTLLSAW,-3.5323597939225317
86945,human,HLA-B*57:01,11,AEQASQDVKNW,-3.6138709961865567
86946,human,HLA-B*57:01,11,KTKPPLPSVKK,-3.642280635956456
86947,human,HLA-B*57:01,11,KSLYNTVAVLY,-3.682776646314434
86948,human,HLA-B*57:01,11,AVINTTCNYGQ,-3.760206353897953
86949,human,HLA-B*57:01,11,KRQEILDLWVY,-4.006104323742553
86950,human,HLA-B*57:01,11,RRARSLSAERY,-4.017001450055698
86951,human,HLA-B*57:01,11,ITKGLGISYGR,-4.0697627184088585
86952,human,HLA-B*57:01,11,AEQASQEVKNW,-4.198796356055803
86953,human,HLA-B*57:01,11,RRQDILDLWIY,-4.4914833303883945
86954,human,HLA-B*57:01,11,HTQGYFPDWQN,-4.599641460872056
86955,human,HLA-B*57:01,11,SSCSSCPLSKI,-4.761294644555006
