,species,mhc,peptide_length,sequence,meas
79579,human,HLA-B*42:01,13,FSLPFPFLYKFLL,-2.7497475885328995
79580,human,HLA-B*42:01,13,SVNCFTSLVWAPL,-2.9428498686785174
79581,human,HLA-B*42:01,13,VWAPLILAYFPVF,-3.727580666407393
79582,human,HLA-B*42:01,13,AYIAFPTSCHMFI,-3.809282826544181
79583,human,HLA-B*42:01,13,AFPTSCHMFIICF,-4.0858763428246405
79584,human,HLA-B*42:01,13,CFTSLVWAPLILA,-4.2444488675039205
79585,human,HLA-B*42:01,13,PLILAYFPVFRFL,-4.448217052159676
79586,human,HLA-B*42:01,13,STLERTSKASLER,-4.626433249027676
