,species,mhc,peptide_length,sequence,meas
63711,human,HLA-A26,9,DVVCCSMSY,-1.3979400086720375
63712,human,HLA-A26,9,ENLPYLVAY,-1.8976270912904412
63713,human,HLA-A26,9,EVVTSTWVL,-2.3138672203691533
63714,human,HLA-A26,9,EVIKGGRHL,-2.640481436970422
