,species,mhc,peptide_length,sequence,meas
48462,human,HLA-A*31:01,8,RRDYRRGL,-2.029887932192508
48463,human,HLA-A*31:01,8,AQFSPQYL,-2.193752031718847
48464,human,HLA-A*31:01,8,PLRPMTYR,-2.2356372341488386
48465,human,HLA-A*31:01,8,RYSIFFDY,-2.295036902003164
48466,human,HLA-A*31:01,8,EVAQRAYR,-2.370026555385675
48467,human,HLA-A*31:01,8,YLQMNSLR,-2.3795868548697228
48468,human,HLA-A*31:01,8,YADSVKGR,-3.106416625469582
48469,human,HLA-A*31:01,8,YHSNVKEL,-3.1262927376699303
48470,human,HLA-A*31:01,8,RYPLTFGW,-3.2018513826714763
48471,human,HLA-A*31:01,8,RGYVFQGL,-3.3622450096624172
48472,human,HLA-A*31:01,8,RMYSPTSI,-3.394297286914337
48473,human,HLA-A*31:01,8,WTLVVLLI,-3.5178928173897517
48474,human,HLA-A*31:01,8,PSLPSPSR,-3.708038268449143
48475,human,HLA-A*31:01,8,WPTVRERM,-3.7230985905467593
48476,human,HLA-A*31:01,8,RFPLTFGW,-3.9906913537514135
48477,human,HLA-A*31:01,8,FLKEEGGL,-4.052139388639269
48478,human,HLA-A*31:01,8,HHIWQNLL,-4.089783713049968
48479,human,HLA-A*31:01,8,PLRPMTYK,-4.108292908817379
48480,human,HLA-A*31:01,8,RNWAHSSL,-4.250893992156341
48481,human,HLA-A*31:01,8,AFPTSCHM,-4.2985706746496515
48482,human,HLA-A*31:01,8,FLKEKGGL,-4.306777795795176
48483,human,HLA-A*31:01,8,MTYKAAVL,-4.349605672965806
48484,human,HLA-A*31:01,8,YLKDQQLL,-4.425623001821282
48485,human,HLA-A*31:01,8,RYPLTLGW,-4.440012295246309
48486,human,HLA-A*31:01,8,GGKKKYKL,-4.485582631322618
48487,human,HLA-A*31:01,8,FLKEMGGL,-4.6692514104347165
48488,human,HLA-A*31:01,8,FLKEQGGL,-4.671485054683795
48489,human,HLA-A*31:01,8,KAFSPEVI,-4.6906370750504465
48490,human,HLA-A*31:01,8,VGNVYVKF,-4.786608864011278
48491,human,HLA-A*31:01,8,RDWAHNSL,-4.8266905455979225
48492,human,HLA-A*31:01,8,FLKENGGL,-4.847821810756498
48493,human,HLA-A*31:01,8,TAFTIPSI,-4.875665608600864
48494,human,HLA-A*31:01,8,KLWASQIY,-4.8816598507440165
