,species,mhc,peptide_length,sequence,meas
63634,human,HLA-A11,11,STLPETTVVRR,-0.6020599913279624
63635,human,HLA-A11,11,KVYLAWVPAHK,-0.8808135922807914
63636,human,HLA-A11,11,KTRPILSPLTK,-1.0395906230197165
63637,human,HLA-A11,11,VTVYYGVPVWK,-1.0413926851582251
63638,human,HLA-A11,11,HTLWKAGILYK,-1.146128035678238
63639,human,HLA-A11,11,ILWILDRLFFK,-1.3222192947339193
63640,human,HLA-A11,11,QIYQEPFKNLK,-1.3222192947339193
63641,human,HLA-A11,11,GVTAACSHAGK,-1.4771212547196624
63642,human,HLA-A11,11,SVRNGTYDYPK,-1.6334684555795864
63643,human,HLA-A11,11,RTLDFHDSNVK,-1.6989700043360187
63644,human,HLA-A11,11,ITNKVNSVIEK,-1.954242509439325
63645,human,HLA-A11,11,STDTVDTVLEK,-1.954242509439325
63646,human,HLA-A11,11,GTHPSSSAGLK,-1.9731278535996983
63647,human,HLA-A11,11,AVGKEFNKLEK,-2.113943352306837
63648,human,HLA-A11,11,TMVMELVRMIK,-2.287801729930226
63649,human,HLA-A11,11,CIYRRFKYFLK,-2.3636119798921444
63650,human,HLA-A11,11,RLRDLLLIVTR,-3.823930455125564
