,species,mhc,peptide_length,sequence,meas
80633,human,HLA-B*44:02,11,AEQASQDVKNW,-1.0484872999237511
80634,human,HLA-B*44:02,11,AEMLASIDLKY,-1.1844073433931728
80635,human,HLA-B*44:02,11,AEQASQEVKNW,-1.332408381456199
80636,human,HLA-B*44:02,11,AEIAQRLEDVF,-1.4070932385228696
80637,human,HLA-B*44:02,11,AEMKTDAATLA,-1.4210971682895424
80638,human,HLA-B*44:02,11,MEMRRCLLQSL,-1.6550992696758071
80639,human,HLA-B*44:02,11,SELPQWLSANR,-2.376213703974676
80640,human,HLA-B*44:02,11,VELLSFLPSDF,-2.4756711883244296
80641,human,HLA-B*44:02,11,AEKPKFLPDLY,-2.6147271469614033
80642,human,HLA-B*44:02,11,RLRDLLLIVTR,-2.7883779692845607
80643,human,HLA-B*44:02,11,HENRMVLASTT,-3.212359234305725
80644,human,HLA-B*44:02,11,QAISPRTLNAW,-3.251245873168875
80645,human,HLA-B*44:02,11,EMKTDAATLAQ,-3.4833481090006604
80646,human,HLA-B*44:02,11,MEVVFPNEVGA,-3.722101174313985
80647,human,HLA-B*44:02,11,LETLILLRAFT,-3.725078143372353
80648,human,HLA-B*44:02,11,TQGYFPDWQNY,-3.764854133070101
80649,human,HLA-B*44:02,11,KRQEILDLWVY,-4.042092536493777
80650,human,HLA-B*44:02,11,RDYVDRFYKTL,-4.213432219388259
80651,human,HLA-B*44:02,11,VMNSNTLLSAW,-4.21921374478957
80652,human,HLA-B*44:02,11,ACQGVGGPGHK,-4.235404877346967
80653,human,HLA-B*44:02,11,VPVWKEATTTL,-4.367950561305715
80654,human,HLA-B*44:02,11,QALSPRTLNAW,-4.4174765252215185
80655,human,HLA-B*44:02,11,AVINTTCNYGQ,-4.429236957802164
80656,human,HLA-B*44:02,11,IEDLIFLARSA,-4.444835648649624
80657,human,HLA-B*44:02,11,RRQDILDLWIY,-4.472973282573669
80658,human,HLA-B*44:02,11,RSLYNTVATLY,-4.547916658711387
80659,human,HLA-B*44:02,11,RDYVDRFFKTL,-4.604055889426496
80660,human,HLA-B*44:02,11,MSLLDAHIPQL,-4.6823100938968905
80661,human,HLA-B*44:02,11,IEGRDRTMAWT,-4.684505536503937
