,species,mhc,peptide_length,sequence,meas
85183,human,HLA-B*53:01,13,AYIAFPTSCHMFI,-2.97716484203169
85184,human,HLA-B*53:01,13,FSLPFPFLYKFLL,-3.3576658884017383
85185,human,HLA-B*53:01,13,AFPTSCHMFIICF,-3.769248250973876
85186,human,HLA-B*53:01,13,SVNCFTSLVWAPL,-4.358245845520553
85187,human,HLA-B*53:01,13,PLILAYFPVFRFL,-4.478494905987532
85188,human,HLA-B*53:01,13,CFTSLVWAPLILA,-4.503926820253287
85189,human,HLA-B*53:01,13,VWAPLILAYFPVF,-4.75629534412009
