,species,mhc,peptide_length,sequence,meas
81731,human,HLA-B*45:01,8,AEMKTDAA,-1.6767045171366688
81732,human,HLA-B*45:01,8,AEMWAQDA,-2.1426317867641944
81733,human,HLA-B*45:01,8,FESVAWSA,-2.2020837580230737
81734,human,HLA-B*45:01,8,AELLAACF,-2.392696953259666
81735,human,HLA-B*45:01,8,DEQSIAEA,-2.868776432103511
81736,human,HLA-B*45:01,8,EMWAQDAA,-3.0690929370932523
81737,human,HLA-B*45:01,8,GEAVMRMG,-3.3451370414602013
81738,human,HLA-B*45:01,8,WTLVVLLI,-3.596851234704173
81739,human,HLA-B*45:01,8,MWAQDAAM,-3.7358956724038985
81740,human,HLA-B*45:01,8,IEAEVIPA,-3.7964355588101744
81741,human,HLA-B*45:01,8,IEAQQHLL,-3.7964355588101744
81742,human,HLA-B*45:01,8,DEIGEDVA,-3.858620876309886
81743,human,HLA-B*45:01,8,FEREGYSL,-3.986798293695755
81744,human,HLA-B*45:01,8,WEAWWTEY,-4.031013177030632
81745,human,HLA-B*45:01,8,FEFTSFFY,-4.107573917047491
81746,human,HLA-B*45:01,8,YERMCNIL,-4.177686593865788
81747,human,HLA-B*45:01,8,TERQANFL,-4.209875085967165
81748,human,HLA-B*45:01,8,DERGESII,-4.391570526656657
81749,human,HLA-B*45:01,8,VGNVYVKF,-4.411827790893859
81750,human,HLA-B*45:01,8,EELKNCNI,-4.443846104177788
81751,human,HLA-B*45:01,8,KPTGSAVV,-4.517254473592973
81752,human,HLA-B*45:01,8,EIYKRWII,-4.5431173396065265
81753,human,HLA-B*45:01,8,WAQDAAMY,-4.559445693377513
81754,human,HLA-B*45:01,8,FESKSMKL,-4.729799981613545
81755,human,HLA-B*45:01,8,TAFTIPSI,-4.874949865078934
