,species,mhc,peptide_length,sequence,meas
71362,human,HLA-B*15:03,11,AEMWAQDAAMY,-1.0737559509241492
71363,human,HLA-B*15:03,11,RSLYNTVATLY,-1.6323433584578944
71364,human,HLA-B*15:03,11,RSLFNTVATLY,-2.2837225116254563
71365,human,HLA-B*15:03,11,KAFSPEVIPMF,-2.568353134982311
71366,human,HLA-B*15:03,11,RPQVPLRPMTY,-2.5903862540780453
71367,human,HLA-B*15:03,11,LPFPFLYKFLL,-3.0401230077420376
71368,human,HLA-B*15:03,11,TVKSMILHEIL,-3.494335033029832
71369,human,HLA-B*15:03,11,QALSPRTLNAW,-3.8854431270324237
71370,human,HLA-B*15:03,11,AYISSEATTPV,-4.158753043339569
71371,human,HLA-B*15:03,11,QAISPRTLNAW,-4.202574067041579
71372,human,HLA-B*15:03,11,AEQASQEVKNW,-4.5052473782921805
71373,human,HLA-B*15:03,11,ISDSNPYLTQW,-4.690858298344566
