,species,mhc,peptide_length,sequence,meas
68028,human,HLA-B*08:01,13,FSLPFPFLYKFLL,-1.7368281676434232
68029,human,HLA-B*08:01,13,SVNCFTSLVWAPL,-3.325073171687232
68030,human,HLA-B*08:01,13,CFTSLVWAPLILA,-3.661950980536687
68031,human,HLA-B*08:01,13,AYIAFPTSCHMFI,-3.956278528089423
68032,human,HLA-B*08:01,13,VWAPLILAYFPVF,-4.105535422166351
68033,human,HLA-B*08:01,13,AFPTSCHMFIICF,-4.321116447688948
68034,human,HLA-B*08:01,13,PLILAYFPVFRFL,-4.377675737476264
