,species,mhc,peptide_length,sequence,meas
68005,human,HLA-B*08:01,11,LPFPFLYKFLL,-1.7282120490127344
68006,human,HLA-B*08:01,11,AVINTTCNYGQ,-2.2064448758568505
68007,human,HLA-B*08:01,11,EMKTDAATLAQ,-2.6725842447782973
68008,human,HLA-B*08:01,11,RDYVDRFFKTL,-2.7986925669936795
68009,human,HLA-B*08:01,11,VPVWKEATTTL,-3.080311406713319
68010,human,HLA-B*08:01,11,LEYFQFVKKLL,-3.38082605015044
68011,human,HLA-B*08:01,11,ATGFKQSSKAL,-3.5563025007672877
68012,human,HLA-B*08:01,11,RLRDLLLIVTR,-3.5729945298533563
68013,human,HLA-B*08:01,11,TQGYFPDWQNY,-4.0429678122064665
68014,human,HLA-B*08:01,11,VMNSNTLLSAW,-4.142156473791259
68015,human,HLA-B*08:01,11,KRQEILDLWVY,-4.171430536025691
68016,human,HLA-B*08:01,11,STHEANTMAMM,-4.299249773116626
68017,human,HLA-B*08:01,11,MSLLDAHIPQL,-4.331778600675982
68018,human,HLA-B*08:01,11,QAISPRTLNAW,-4.338799419542565
68019,human,HLA-B*08:01,11,QYAEMWAQDAA,-4.457710037375977
68020,human,HLA-B*08:01,11,RRARSLSAERY,-4.473684222836977
68021,human,HLA-B*08:01,11,AEMKTDAATLA,-4.605944686571926
68022,human,HLA-B*08:01,11,RDYVDRFYKTL,-4.614301885667948
68023,human,HLA-B*08:01,11,AEQASQDVKNW,-4.6145860538160814
68024,human,HLA-B*08:01,11,PTPVNIIGRNL,-4.754197676069783
