,species,mhc,peptide_length,sequence,meas
18530,human,HLA-A*02:02,13,SVNCFTSLVWAPL,-0.6731477652887548
18531,human,HLA-A*02:02,13,SLAALIVGLVFAL,-1.8836479916862932
18532,human,HLA-A*02:02,13,ILAILAIATLMSV,-1.9581376259637653
18533,human,HLA-A*02:02,13,VLGMLIPLSVCSV,-2.2757307610698843
18534,human,HLA-A*02:02,13,CFTSLVWAPLILA,-2.4256238089476607
18535,human,HLA-A*02:02,13,AYIAFPTSCHMFI,-2.44745816004157
18536,human,HLA-A*02:02,13,FSLPFPFLYKFLL,-2.5816211875451858
18537,human,HLA-A*02:02,13,VLGATLLFFVIAL,-3.0025201745997823
18538,human,HLA-A*02:02,13,PLILAYFPVFRFL,-3.276833935481964
18539,human,HLA-A*02:02,13,VWAPLILAYFPVF,-3.6553949165085977
18540,human,HLA-A*02:02,13,AFPTSCHMFIICF,-4.197391898060438
18541,human,HLA-A*02:02,13,LAYFPVFRFLNGS,-4.437530631771045
