,species,mhc,peptide_length,sequence,meas
43494,human,HLA-A*26:01,11,CAASGFTFSSY,-1.8638176441272367
43495,human,HLA-A*26:01,11,AVINTTCNYGQ,-1.881739856813604
43496,human,HLA-A*26:01,11,RLSCAASGFTF,-2.2435110528751654
43497,human,HLA-A*26:01,11,SLRAEDTAVYY,-3.048414039281087
43498,human,HLA-A*26:01,11,NSLRAEDTAVY,-3.4550019346572234
43499,human,HLA-A*26:01,11,SELPQWLSANR,-3.5839936598581272
43500,human,HLA-A*26:01,11,EMKTDAATLAQ,-3.678914378532603
43501,human,HLA-A*26:01,11,SLRLSCAASGF,-4.08166604794566
43502,human,HLA-A*26:01,11,DTTQIIKLLPF,-4.154949013156943
43503,human,HLA-A*26:01,11,TQGYFPDWQNY,-4.184128489571024
43504,human,HLA-A*26:01,11,AIGVLIGGLEW,-4.191332961429082
43505,human,HLA-A*26:01,11,EVQLVESGGGL,-4.199600262777643
43506,human,HLA-A*26:01,11,ITKGLGISYGR,-4.24717383231453
43507,human,HLA-A*26:01,11,RRQDILDLWIY,-4.410172298629751
43508,human,HLA-A*26:01,11,RSLFNTVATLY,-4.417038186541998
43509,human,HLA-A*26:01,11,RLRDLLLIVTR,-4.435493982896432
43510,human,HLA-A*26:01,11,ATAGLTHMMIW,-4.4571295214491915
43511,human,HLA-A*26:01,11,KAFSPEVIPMF,-4.493632134448061
43512,human,HLA-A*26:01,11,QAISPRTLNAW,-4.5072961308101895
43513,human,HLA-A*26:01,11,KRQEILDLWVY,-4.520536854934216
43514,human,HLA-A*26:01,11,RDYVDRFFKTL,-4.542357105140317
43515,human,HLA-A*26:01,11,ALVEICTEMEK,-4.5503962606783315
43516,human,HLA-A*26:01,11,AFEDLRLLSFI,-4.568187191391465
43517,human,HLA-A*26:01,11,RSLYNTVATLY,-4.724334936680421
