,species,mhc,peptide_length,sequence,meas
33429,human,HLA-A*03:01,13,FSLPFPFLYKFLL,-2.6146703665321027
33430,human,HLA-A*03:01,13,CFTSLVWAPLILA,-3.9023402476465066
33431,human,HLA-A*03:01,13,STLERTSKASLER,-3.9604801612380736
33432,human,HLA-A*03:01,13,VWAPLILAYFPVF,-4.235905122599082
33433,human,HLA-A*03:01,13,AYIAFPTSCHMFI,-4.4132744184858295
33434,human,HLA-A*03:01,13,PLILAYFPVFRFL,-4.603488880995659
33435,human,HLA-A*03:01,13,LAYFPVFRFLNGS,-4.645196840412663
