,species,mhc,peptide_length,sequence,meas
82797,human,HLA-B*51:01,8,FPSQQPYL,-0.5478081681493525
82798,human,HLA-B*51:01,8,FPQPQLPY,-1.3088150369216414
82799,human,HLA-B*51:01,8,LPYPQPQL,-1.5089525630148204
82800,human,HLA-B*51:01,8,QPQEQVPL,-1.6128419105968623
82801,human,HLA-B*51:01,8,IPCRDVVL,-1.8303931600934091
82802,human,HLA-B*51:01,8,TAFTIPSI,-2.3954283331758788
82803,human,HLA-B*51:01,8,TAFTIPST,-2.9609225341176897
82804,human,HLA-B*51:01,8,YPSGQGSF,-2.9991393567666518
82805,human,HLA-B*51:01,8,QPFLQPQL,-3.0448421090885995
82806,human,HLA-B*51:01,8,YPLGQGSF,-3.0568016712835844
82807,human,HLA-B*51:01,8,IPCMDVVL,-3.1138192613238016
82808,human,HLA-B*51:01,8,QPLQQYPL,-3.162235790723292
82809,human,HLA-B*51:01,8,MASSPTSI,-3.1829089650887785
82810,human,HLA-B*51:01,8,QPFPQPQL,-3.334674936288593
82811,human,HLA-B*51:01,8,QPSSQVSF,-3.4711561693440727
82812,human,HLA-B*51:01,8,PLRPMTYR,-3.5609000116502934
82813,human,HLA-B*51:01,8,LPAMCNVY,-3.760745873624007
82814,human,HLA-B*51:01,8,NPQAQGSV,-3.7825878518578073
82815,human,HLA-B*51:01,8,RMYSPTSI,-3.877750445010228
82816,human,HLA-B*51:01,8,FPTSCHMF,-3.939009385241652
82817,human,HLA-B*51:01,8,YPQPQLPY,-4.038476523808328
82818,human,HLA-B*51:01,8,RYSIFFDY,-4.080532155058353
82819,human,HLA-B*51:01,8,QPLSQVSF,-4.099936976635903
82820,human,HLA-B*51:01,8,HHIWQNLL,-4.1856864902962885
82821,human,HLA-B*51:01,8,YPPKPCGI,-4.225772294936896
82822,human,HLA-B*51:01,8,FLKEEGGL,-4.2329176925870495
82823,human,HLA-B*51:01,8,WTLVVLLI,-4.24830390037612
82824,human,HLA-B*51:01,8,VGNVYVKF,-4.256711181011281
82825,human,HLA-B*51:01,8,YPPRPCGI,-4.278464850469838
82826,human,HLA-B*51:01,8,YPQPQPQY,-4.290397530760696
82827,human,HLA-B*51:01,8,KAFSPEVI,-4.402932119074786
82828,human,HLA-B*51:01,8,RFPLTFGW,-4.448910040151134
82829,human,HLA-B*51:01,8,FPGQQQPF,-4.4855541148093305
82830,human,HLA-B*51:01,8,WPTVRERM,-4.51443878167653
82831,human,HLA-B*51:01,8,YPQSQPQY,-4.516701524198675
82832,human,HLA-B*51:01,8,RYPLTLGW,-4.657188139278126
82833,human,HLA-B*51:01,8,RNWAHSSL,-4.709178427161338
82834,human,HLA-B*51:01,8,AFPTSCHM,-4.711453592245683
82835,human,HLA-B*51:01,8,RYPLTFGW,-4.739842674824982
82836,human,HLA-B*51:01,8,IRQAGVQY,-4.7424135276782415
82837,human,HLA-B*51:01,8,FLKEMGGL,-4.785210605451329
82838,human,HLA-B*51:01,8,EVAQRAYR,-4.79298319233951
82839,human,HLA-B*51:01,8,VIPMFSAL,-4.840210400719666
82840,human,HLA-B*51:01,8,YLKDQQLL,-4.89244680306419
