,species,mhc,peptide_length,sequence,meas
82434,human,HLA-B*45:06,9,AQRAAGPSV,-1.0
82435,human,HLA-B*45:06,9,GMMRWCMPV,-1.845098040014257
82436,human,HLA-B*45:06,9,AQIGIFAPV,-2.380211241711606
82437,human,HLA-B*45:06,9,YEHYFVFAA,-2.5786392099680717
82438,human,HLA-B*45:06,9,SQAAFGLPI,-2.7781512503836434
82439,human,HLA-B*45:06,9,KQLELFWVI,-2.9206450014067875
82440,human,HLA-B*45:06,9,SEFWLNYTA,-3.0472748673841794
82441,human,HLA-B*45:06,9,YQLEMYHPI,-3.5065050324048723
82442,human,HLA-B*45:06,9,MQYEVTQHA,-3.579097326552644
82443,human,HLA-B*45:06,9,FEYGGFPPA,-3.619302075875608
82444,human,HLA-B*45:06,9,YPFHIFYPV,-3.672559627763276
82445,human,HLA-B*45:06,9,MERFSWHVA,-3.6823256186678073
82446,human,HLA-B*45:06,9,WPILGFFPM,-3.826916647184921
82447,human,HLA-B*45:06,9,QEMPYPFVI,-4.301028331661486
