,species,mhc,peptide_length,sequence,meas
86991,human,HLA-B*57:03,9,IATESIVIW,-0.0
86992,human,HLA-B*57:03,9,HTQGFFPDW,-0.4771193173276573
86993,human,HLA-B*57:03,9,FSPEVIPMF,-0.4771193173276573
86994,human,HLA-B*57:03,9,IAMESIVIW,-0.6989717881535104
86995,human,HLA-B*57:03,9,HTQGYFPDW,-0.7006147728330007
86996,human,HLA-B*57:03,9,KAAFDLSFF,-0.9030903461533316
86997,human,HLA-B*57:03,9,ISPRTLNAW,-1.0434769873588459
86998,human,HLA-B*57:03,9,LGQGVSIEW,-1.0791795479528807
86999,human,HLA-B*57:03,9,KTAVQMAVF,-1.1760911056049372
87000,human,HLA-B*57:03,9,KAAVDLSHF,-1.2787542021074063
87001,human,HLA-B*57:03,9,FSVPLDEGF,-1.3222196746380213
87002,human,HLA-B*57:03,9,LGHGVSIEW,-1.5051505769672933
87003,human,HLA-B*57:03,9,VSRRANGWF,-1.5314789059294256
87004,human,HLA-B*57:03,9,KALGPAATL,-1.5602121029660156
87005,human,HLA-B*57:03,9,FSVPLDKDF,-1.6720955832431093
87006,human,HLA-B*57:03,9,IVLPEKDSW,-1.7323927663329923
87007,human,HLA-B*57:03,9,LGGGVSIEW,-1.86923147183092
87008,human,HLA-B*57:03,9,ISKKAKGWF,-1.9444807774870068
87009,human,HLA-B*57:03,9,QASQDVKNW,-2.0043221606719315
87010,human,HLA-B*57:03,9,QATQEVKNW,-2.037426404308317
87011,human,HLA-B*57:03,9,AVRHFPRIW,-2.0606957036195044
87012,human,HLA-B*57:03,9,WASRELERF,-2.243039234680863
87013,human,HLA-B*57:03,9,QATQDVKNW,-2.408240923133701
87014,human,HLA-B*57:03,9,QASQEVKNW,-2.4440470745521394
87015,human,HLA-B*57:03,9,LTFGWCFKL,-2.5954948778253684
87016,human,HLA-B*57:03,9,ILDLWVYHT,-3.0893542943827947
87017,human,HLA-B*57:03,9,AVRHFPRPW,-3.493181408500199
87018,human,HLA-B*57:03,9,ETKIGKAGY,-3.52517669520684
87019,human,HLA-B*57:03,9,YTPGPGIRY,-4.301028331661486
87020,human,HLA-B*57:03,9,LGIPHPAGL,-4.301028331661486
87021,human,HLA-B*57:03,9,YFPDWQNYT,-4.301028331661486
