,species,mhc,peptide_length,sequence,meas
84016,human,HLA-B*53:01,8,FPTSCHMF,-2.4450457292395185
84017,human,HLA-B*53:01,8,FPSQQPYL,-2.508891988935961
84018,human,HLA-B*53:01,8,YLKDQQLL,-2.965368177524681
84019,human,HLA-B*53:01,8,RFPLTFGW,-2.9931983183492368
84020,human,HLA-B*53:01,8,FPQPQLPY,-3.015348070802132
84021,human,HLA-B*53:01,8,LPAMCNVY,-3.028419491088456
84022,human,HLA-B*53:01,8,YPQPQLPY,-3.1276713922738417
84023,human,HLA-B*53:01,8,YPLGQGSF,-3.2207105160220006
84024,human,HLA-B*53:01,8,VGNVYVKF,-3.543966702442357
84025,human,HLA-B*53:01,8,TAFTIPSI,-3.569789303905707
84026,human,HLA-B*53:01,8,HHIWQNLL,-3.579743578651005
84027,human,HLA-B*53:01,8,YSLEYFQF,-3.6807463413203068
84028,human,HLA-B*53:01,8,YPQSQPQY,-3.708584172154169
84029,human,HLA-B*53:01,8,YPSGQGSF,-3.711472730779549
84030,human,HLA-B*53:01,8,YPQPQPQY,-3.731731890057063
84031,human,HLA-B*53:01,8,RYSIFFDY,-3.7935918188976623
84032,human,HLA-B*53:01,8,RYPLTLGW,-4.0172334762072675
84033,human,HLA-B*53:01,8,QPGGSLRL,-4.01862740125285
84034,human,HLA-B*53:01,8,LPYPQPQL,-4.172622944486099
84035,human,HLA-B*53:01,8,PLRPMTYR,-4.31884679415713
84036,human,HLA-B*53:01,8,WPTVRERM,-4.344849927413701
84037,human,HLA-B*53:01,8,QPLQQYPL,-4.350302851530523
84038,human,HLA-B*53:01,8,RYPLTFGW,-4.379352190384698
84039,human,HLA-B*53:01,8,AFPTSCHM,-4.421461411963066
84040,human,HLA-B*53:01,8,PLRPMTYK,-4.542950564136784
84041,human,HLA-B*53:01,8,QPLSQVSF,-4.5740771706917505
84042,human,HLA-B*53:01,8,QPSSQVSF,-4.583528553558111
84043,human,HLA-B*53:01,8,WTLVVLLI,-4.5975733358514095
84044,human,HLA-B*53:01,8,IPCMDVVL,-4.613826763325604
84045,human,HLA-B*53:01,8,FLKEKGGL,-4.684111287584424
84046,human,HLA-B*53:01,8,IPCRDVVL,-4.690875245975403
84047,human,HLA-B*53:01,8,RNWAHSSL,-4.694410380748886
84048,human,HLA-B*53:01,8,EVAQRAYR,-4.712278119929426
