,species,mhc,peptide_length,sequence,meas
74590,human,HLA-B*35:01,8,LPAMCNVY,-1.6159458348783693
74591,human,HLA-B*35:01,8,FPTSCHMF,-2.3203236768364097
74592,human,HLA-B*35:01,8,FPQPQLPY,-2.387118782958061
74593,human,HLA-B*35:01,8,YPQPQLPY,-2.395348858707855
74594,human,HLA-B*35:01,8,YPQSQPQY,-2.462400076517226
74595,human,HLA-B*35:01,8,YPQPQPQY,-2.6739060555979326
74596,human,HLA-B*35:01,8,FPSQQPYL,-2.8663180683200333
74597,human,HLA-B*35:01,8,YPDPVIKV,-2.8672709967594403
74598,human,HLA-B*35:01,8,YPLGQGSF,-3.1832103119260786
74599,human,HLA-B*35:01,8,VGNVYVKF,-3.4540222495287285
74600,human,HLA-B*35:01,8,SPEVIPMF,-3.6855365674895033
74601,human,HLA-B*35:01,8,YPSGQGSF,-3.6885779077447216
74602,human,HLA-B*35:01,8,FLKEKGGL,-4.021144176424554
74603,human,HLA-B*35:01,8,LPYPQPQL,-4.026787023853596
74604,human,HLA-B*35:01,8,FLKEEGGL,-4.0998356110170855
74605,human,HLA-B*35:01,8,QPLSQVSF,-4.177360948017941
74606,human,HLA-B*35:01,8,IPCMDVVL,-4.210768194622219
74607,human,HLA-B*35:01,8,IPCRDVVL,-4.233583996951942
74608,human,HLA-B*35:01,8,RYPLTFGW,-4.324423673751443
74609,human,HLA-B*35:01,8,QPSSQVSF,-4.3792578896264205
74610,human,HLA-B*35:01,8,IRQAGVQY,-4.431923639462247
74611,human,HLA-B*35:01,8,WPTVRERM,-4.468655339951251
74612,human,HLA-B*35:01,8,VPLRPMTY,-4.514873544931823
74613,human,HLA-B*35:01,8,ASCMGLIY,-4.515163457690373
74614,human,HLA-B*35:01,8,WEAWWTEY,-4.527263602686174
74615,human,HLA-B*35:01,8,AFPTSCHM,-4.546825775597814
74616,human,HLA-B*35:01,8,QPLQQYPL,-4.557500107087934
74617,human,HLA-B*35:01,8,HHIWQNLL,-4.6587355394169165
74618,human,HLA-B*35:01,8,RFPLTFGW,-4.664440017016438
74619,human,HLA-B*35:01,8,TAFTIPSI,-4.692391882949544
74620,human,HLA-B*35:01,8,RRDYRRGL,-4.83404589757396
