,species,mhc,peptide_length,sequence,meas
41412,human,HLA-A*24:02,13,VWAPLILAYFPVF,-2.9133200888082116
41413,human,HLA-A*24:02,13,FSLPFPFLYKFLL,-3.377800652094876
41414,human,HLA-A*24:02,13,CFTSLVWAPLILA,-3.5685356452343147
41415,human,HLA-A*24:02,13,SVNCFTSLVWAPL,-3.905558316422927
41416,human,HLA-A*24:02,13,PLILAYFPVFRFL,-4.337409467921733
41417,human,HLA-A*24:02,13,LAYFPVFRFLNGS,-4.533037934064562
41418,human,HLA-A*24:02,13,AYIAFPTSCHMFI,-4.53639722374945
