,species,mhc,peptide_length,sequence,meas
39106,human,HLA-A*23:01,11,RFSWLSLLVPF,-1.100370545117563
39107,human,HLA-A*23:01,11,LYRKLKREITF,-2.2898076253934065
39108,human,HLA-A*23:01,11,LPFPFLYKFLL,-2.5064867875945764
39109,human,HLA-A*23:01,11,RDYVDRFFKTL,-2.6422985326340425
39110,human,HLA-A*23:01,11,MSLLDAHIPQL,-2.645442809420248
39111,human,HLA-A*23:01,11,RLSCAASGFTF,-2.850921349229541
39112,human,HLA-A*23:01,11,ATAGLTHMMIW,-2.9607011973828943
39113,human,HLA-A*23:01,11,IYWTIVKPGDI,-3.183943659560573
39114,human,HLA-A*23:01,11,RRARSLSAERY,-3.201751271861043
39115,human,HLA-A*23:01,11,VMNSNTLLSAW,-3.273070441675109
39116,human,HLA-A*23:01,11,DTTQIIKLLPF,-3.2789136898758455
39117,human,HLA-A*23:01,11,FFENRSETWPI,-3.5197488615236363
39118,human,HLA-A*23:01,11,KAFSPEVIPMF,-3.7107288916946737
39119,human,HLA-A*23:01,11,AFEDLRLLSFI,-3.7718619656756616
39120,human,HLA-A*23:01,11,YYQSGLSIVMP,-3.7867510473180377
39121,human,HLA-A*23:01,11,SLRLSCAASGF,-3.8586604970810097
39122,human,HLA-A*23:01,11,VPVWKEATTTL,-3.8726020376931207
39123,human,HLA-A*23:01,11,CAASGFTFSSY,-3.955913868349414
39124,human,HLA-A*23:01,11,RSLFNTVATLY,-4.052710429030782
39125,human,HLA-A*23:01,11,AFEDLRVSSFI,-4.09822487578976
39126,human,HLA-A*23:01,11,AAYHPQQFIYA,-4.131528939912878
39127,human,HLA-A*23:01,11,HFIDERGESII,-4.15329293025283
39128,human,HLA-A*23:01,11,NSLRAEDTAVY,-4.187097881949475
39129,human,HLA-A*23:01,11,RSLYNTVATLY,-4.20788578503083
39130,human,HLA-A*23:01,11,AIGVLIGGLEW,-4.24662664850093
39131,human,HLA-A*23:01,11,STHEANTMAMM,-4.355742328969758
39132,human,HLA-A*23:01,11,SLRAEDTAVYY,-4.413691727231138
39133,human,HLA-A*23:01,11,RLRDLLLIVTR,-4.421748568411257
39134,human,HLA-A*23:01,11,EMKTDAATLAQ,-4.429129387330816
39135,human,HLA-A*23:01,11,TVKSMILHEIL,-4.523727083582241
39136,human,HLA-A*23:01,11,RRQDILDLWIY,-4.52478634683628
39137,human,HLA-A*23:01,11,HFINEQGESII,-4.53763911258582
39138,human,HLA-A*23:01,11,RLPGPSDTPIL,-4.5387885174709
39139,human,HLA-A*23:01,11,TQGYFPDWQNY,-4.573482936352031
39140,human,HLA-A*23:01,11,EVQLVESGGGL,-4.589949601325708
39141,human,HLA-A*23:01,11,QAISPRTLNAW,-4.605647220387294
39142,human,HLA-A*23:01,11,KRQEILDLWVY,-4.6060652249434195
39143,human,HLA-A*23:01,11,AEQASQDVKNW,-4.64400371630653
39144,human,HLA-A*23:01,11,AEQASQEVKNW,-4.708019115346152
39145,human,HLA-A*23:01,11,SELPQWLSANR,-4.812716286160853
