,species,mhc,peptide_length,sequence,meas
45431,human,HLA-A*29:02,11,MVRVLTVIKEY,-0.7422343298489631
45432,human,HLA-A*29:02,11,LTFGRETVLEY,-1.4440447959180762
45433,human,HLA-A*29:02,11,TFVPIAWAAAY,-1.4837918599617297
45434,human,HLA-A*29:02,11,VALFSSCPVAY,-1.5843048528440191
45435,human,HLA-A*29:02,11,CAASGFTFSSY,-2.0571132626730657
45436,human,HLA-A*29:02,11,WMMWYWGPSLY,-2.1251558295805304
45437,human,HLA-A*29:02,11,NSLRAEDTAVY,-2.2488239467516182
45438,human,HLA-A*29:02,11,FLLPILSQIYT,-2.3138672203691533
45439,human,HLA-A*29:02,11,SLRAEDTAVYY,-2.396835443374412
45440,human,HLA-A*29:02,11,RSLYNTVATLY,-2.404539221559318
45441,human,HLA-A*29:02,11,RSLFNTVATLY,-2.606376957644241
45442,human,HLA-A*29:02,11,AIGVLIGGLEW,-2.782166986893197
45443,human,HLA-A*29:02,11,YFYYNAFHWAI,-2.8205078930858525
45444,human,HLA-A*29:02,11,RRQDILDLWIY,-2.949303895567685
45445,human,HLA-A*29:02,11,GSSDFQVHFLK,-3.163737665427645
45446,human,HLA-A*29:02,11,LPFPFLYKFLL,-3.235387517199337
45447,human,HLA-A*29:02,11,TQGYFPDWQNY,-3.264455297135384
45448,human,HLA-A*29:02,11,KRQEILDLWVY,-3.3758401293058267
45449,human,HLA-A*29:02,11,KAFSPEVIPMF,-3.404527466107889
45450,human,HLA-A*29:02,11,LYRKLKREITF,-3.415232065639416
45451,human,HLA-A*29:02,11,ATAGLTHMMIW,-3.7951573969158665
45452,human,HLA-A*29:02,11,DTTQIIKLLPF,-3.8115736939373637
45453,human,HLA-A*29:02,11,TSTLQEQIGWF,-3.8298484635465817
45454,human,HLA-A*29:02,11,FFENRSETWPI,-3.832871443802444
45455,human,HLA-A*29:02,11,SLRLSCAASGF,-3.862270097062888
45456,human,HLA-A*29:02,11,RLSCAASGFTF,-4.060649759782483
45457,human,HLA-A*29:02,11,ILNRETLLDFV,-4.120363313121263
45458,human,HLA-A*29:02,11,AFEDLRLLSFI,-4.128020284551752
45459,human,HLA-A*29:02,11,AFEDLRVSSFI,-4.128925584401902
45460,human,HLA-A*29:02,11,RLRDLLLIVTR,-4.215509253681328
45461,human,HLA-A*29:02,11,SLLERGQQLGV,-4.249429919207392
45462,human,HLA-A*29:02,11,AAYHPQQFIYA,-4.392546056309784
45463,human,HLA-A*29:02,11,RRARSLSAERY,-4.499421711400105
45464,human,HLA-A*29:02,11,SSCSSCPLSKI,-4.591870278071322
45465,human,HLA-A*29:02,11,ITKGLGISYGR,-4.655000461849139
45466,human,HLA-A*29:02,11,HFIDERGESII,-4.672858237902693
45467,human,HLA-A*29:02,11,RLPGPSDTPIL,-4.676308514964425
45468,human,HLA-A*29:02,11,AYISSEATTPV,-4.707834387833402
45469,human,HLA-A*29:02,11,YYQSGLSIVMP,-4.721313244469995
45470,human,HLA-A*29:02,11,IYWTIVKPGDI,-4.751989310948496
