,species,mhc,peptide_length,sequence,meas
86959,human,HLA-B*57:01,13,FSLPFPFLYKFLL,-1.895231154608307
86960,human,HLA-B*57:01,13,AYIAFPTSCHMFI,-2.8553175199078304
86961,human,HLA-B*57:01,13,VWAPLILAYFPVF,-3.4658602048142417
86962,human,HLA-B*57:01,13,SVNCFTSLVWAPL,-3.7807978174192365
86963,human,HLA-B*57:01,13,CFTSLVWAPLILA,-4.002617131993566
86964,human,HLA-B*57:01,13,PLILAYFPVFRFL,-4.004223773836493
86965,human,HLA-B*57:01,13,AFPTSCHMFIICF,-4.423782438321252
