,species,mhc,peptide_length,sequence,meas
79609,human,HLA-B*44:02,8,AELLAACF,-0.9684829485539352
79610,human,HLA-B*44:02,8,FEFTSFFY,-1.9680215762283533
79611,human,HLA-B*44:02,8,IEAEVIPA,-2.4216039268698317
79612,human,HLA-B*44:02,8,IEAQQHLL,-2.4216039268698317
79613,human,HLA-B*44:02,8,AEMKTDAA,-2.4584016781722267
79614,human,HLA-B*44:02,8,RDWAHNGL,-3.2008474386014782
79615,human,HLA-B*44:02,8,TERQANFL,-3.3450310384110917
79616,human,HLA-B*44:02,8,GDYKLVEI,-3.808857194480445
79617,human,HLA-B*44:02,8,FEREGYSL,-3.840316708461181
79618,human,HLA-B*44:02,8,VGNVYVKF,-4.011261918560527
79619,human,HLA-B*44:02,8,RRDYRRGL,-4.2049536462759916
79620,human,HLA-B*44:02,8,HHIWQNLL,-4.218899963208744
79621,human,HLA-B*44:02,8,EIYKRWII,-4.219421838318229
79622,human,HLA-B*44:02,8,EELKNCNI,-4.247327221810049
79623,human,HLA-B*44:02,8,WEAWWTEY,-4.2556051526853595
79624,human,HLA-B*44:02,8,WPTVRERM,-4.288755931322783
79625,human,HLA-B*44:02,8,YERMCNIL,-4.293578178665927
79626,human,HLA-B*44:02,8,AQFSPQYL,-4.30482298475665
79627,human,HLA-B*44:02,8,FESKSMKL,-4.372238357278464
79628,human,HLA-B*44:02,8,KAIGTVLV,-4.3750484359991875
79629,human,HLA-B*44:02,8,RNWAHSSL,-4.420100707150182
79630,human,HLA-B*44:02,8,RSWAHDSL,-4.516901399792949
79631,human,HLA-B*44:02,8,EVAQRAYR,-4.5347380437575415
79632,human,HLA-B*44:02,8,RSWAHNSL,-4.5459425416556805
79633,human,HLA-B*44:02,8,GGKKKYKL,-4.54819860398438
79634,human,HLA-B*44:02,8,CCFHCQVC,-4.5530310631491435
79635,human,HLA-B*44:02,8,YLKDQQLL,-4.564998265575047
79636,human,HLA-B*44:02,8,VPLRPMTY,-4.688734827716248
79637,human,HLA-B*44:02,8,KAFSPEVI,-4.697920672691486
79638,human,HLA-B*44:02,8,RMYSPTSI,-4.704910631172495
79639,human,HLA-B*44:02,8,GEAVMRMG,-4.8034239640571155
79640,human,HLA-B*44:02,8,WTLVVLLI,-4.8058026546114165
79641,human,HLA-B*44:02,8,RFPLTFGW,-4.8233166243227945
79642,human,HLA-B*44:02,8,FLKEKGGL,-4.85332666754644
79643,human,HLA-B*44:02,8,RDWAHNSL,-4.87716699507775
79644,human,HLA-B*44:02,8,TAFTIPSI,-4.911947763890773
