,species,mhc,peptide_length,sequence,meas
82671,human,HLA-B*46:01,11,KAFSPEVIPMF,-2.286236758630212
82672,human,HLA-B*46:01,11,TSTLQEQIGWF,-2.9487399480740963
82673,human,HLA-B*46:01,11,ISDSNPFLTQW,-4.2163809172229385
82674,human,HLA-B*46:01,11,ISDSNPYLTQW,-4.2570511537235864
