,species,mhc,peptide_length,sequence,meas
78583,human,HLA-B*40:01,11,MEMRRCLLQSL,-0.8687410420109314
78584,human,HLA-B*40:01,11,AEIAQRLEDVF,-1.913331199633848
78585,human,HLA-B*40:01,11,MEVVFPNEVGA,-2.8687731655911644
78586,human,HLA-B*40:01,11,VELLSFLPSDF,-3.744762237065578
78587,human,HLA-B*40:01,11,LETLILLRAFT,-3.8213763258155202
78588,human,HLA-B*40:01,11,AEMLASIDLKY,-3.833331475296136
78589,human,HLA-B*40:01,11,IEDLIFLARSA,-3.8992361678583367
78590,human,HLA-B*40:01,11,RLRDLLLIVTR,-3.9592737518148735
78591,human,HLA-B*40:01,11,AEKPKFLPDLY,-4.0384063343167345
78592,human,HLA-B*40:01,11,KRQEILDLWVY,-4.269176060715701
78593,human,HLA-B*40:01,11,IEGRDRTMAWT,-4.359066263009192
78594,human,HLA-B*40:01,11,RDYVDRFFKTL,-4.440775112240225
78595,human,HLA-B*40:01,11,TQGYFPDWQNY,-4.642848220616734
78596,human,HLA-B*40:01,11,HENRMVLASTT,-4.6638067392295035
78597,human,HLA-B*40:01,11,AEQASQDVKNW,-4.713892937270209
78598,human,HLA-B*40:01,11,RRQDILDLWIY,-4.722698642065534
78599,human,HLA-B*40:01,11,PTPVNIIGRNL,-4.722896748171605
