,species,mhc,peptide_length,sequence,meas
46961,human,HLA-A*30:01,11,KSLFNTIAVLY,-3.131618664349125
46962,human,HLA-A*30:01,11,KSLYNTIAVLY,-3.1766699326681502
46963,human,HLA-A*30:01,11,RSLYNTIAVLY,-3.2812606870550134
46964,human,HLA-A*30:01,11,RSLFNTVAVLY,-3.4714384073892988
46965,human,HLA-A*30:01,11,RSLFNTVATLY,-3.6090927434728837
46966,human,HLA-A*30:01,11,KSLYNTVAVLY,-3.679518743695789
46967,human,HLA-A*30:01,11,RSLYNTVATLY,-4.072294501889318
46968,human,HLA-A*30:01,11,AYISSEATTPV,-4.554718719961384
