,species,mhc,peptide_length,sequence,meas
66260,human,HLA-B*07:02,15,RHVKPTGSAVVGLSM,-2.6920786894622486
66261,human,HLA-B*07:02,15,ERPIFPHPSKPTFLP,-2.8976622380353008
66262,human,HLA-B*07:02,15,RALIKTLPRASYSSH,-3.410612073432268
66263,human,HLA-B*07:02,15,GQQRSTLERTSKASL,-3.5233289796889653
66264,human,HLA-B*07:02,15,LKFSLPFPFLYKFLL,-3.5449298211951628
66265,human,HLA-B*07:02,15,LPGPQVTAVLLHEES,-3.8410892522358298
66266,human,HLA-B*07:02,15,LTLAIYHPQQFVYAG,-4.296532274277267
