,species,mhc,peptide_length,sequence,meas
27237,human,HLA-A*02:06,14,ILGGGLLVGLLPAV,-1.9782705860265817
27238,human,HLA-A*02:06,14,TLLVLGILLVVAGL,-2.877885810166976
27239,human,HLA-A*02:06,14,LVSDYCNVLNKEFT,-3.7850130330228415
27240,human,HLA-A*02:06,14,DEPASTEPVHDQLL,-4.2418658631711095
27241,human,HLA-A*02:06,14,QKEEAAICGQMDLS,-4.618811717444384
27242,human,HLA-A*02:06,14,NPTQAPVIQLHAVY,-4.649123631661578
