,species,mhc,peptide_length,sequence,meas
76453,human,HLA-B*35:03,10,FPVTPQVPLR,-1.9122817851923344
76454,human,HLA-B*35:03,10,EPIDKELYPL,-2.3014076632605867
76455,human,HLA-B*35:03,10,LPYIEQGLQL,-2.6952072146119037
76456,human,HLA-B*35:03,10,LPYIEQGMQL,-2.716482188633904
76457,human,HLA-B*35:03,10,YPLASLRSLF,-2.9693475969326006
76458,human,HLA-B*35:03,10,FPVRPQVPLR,-3.3885608430552328
76459,human,HLA-B*35:03,10,FPVKPQVPLR,-3.4281928404130846
76460,human,HLA-B*35:03,10,TPGPGIRYPL,-3.6299452873787637
76461,human,HLA-B*35:03,10,TPGPGVRYPL,-3.7591977510268504
76462,human,HLA-B*35:03,10,RILHNFAYSL,-3.9429166096893273
76463,human,HLA-B*35:03,10,HPGSVNEFDF,-4.059060588762783
76464,human,HLA-B*35:03,10,TPGPGTRYPL,-4.0820432239634
76465,human,HLA-B*35:03,10,TSAPTTCSVL,-4.138671654437153
76466,human,HLA-B*35:03,10,ATPYDINQML,-4.163036429632603
76467,human,HLA-B*35:03,10,QPKTACTTCY,-4.172119070192181
76468,human,HLA-B*35:03,10,SPGDLQTLAL,-4.207240362780129
76469,human,HLA-B*35:03,10,KPKPAVRYAI,-4.323958838469529
76470,human,HLA-B*35:03,10,FKRKGGIGGY,-4.3300000161487615
76471,human,HLA-B*35:03,10,VHPVHAGPIA,-4.60057236794771
76472,human,HLA-B*35:03,10,PQVPLRPMTY,-4.60094414999187
76473,human,HLA-B*35:03,10,VPLDEDFRKY,-4.679712902773336
76474,human,HLA-B*35:03,10,ETINEEAADW,-4.685086749717937
76475,human,HLA-B*35:03,10,TWEAWWTEYW,-4.728598282427477
76476,human,HLA-B*35:03,10,RYPLTFGWCF,-4.731028754122566
76477,human,HLA-B*35:03,10,SRMASVALAF,-4.760689295085776
76478,human,HLA-B*35:03,10,FLPSDYFPSV,-4.7744265065629925
76479,human,HLA-B*35:03,10,KRWIILGLNK,-4.809441212363518
