,species,mhc,peptide_length,sequence,meas
53226,human,HLA-A*33:01,8,EVAQRAYR,-1.6409362439544868
53227,human,HLA-A*33:01,8,YLQMNSLR,-2.7023981191164057
53228,human,HLA-A*33:01,8,YADSVKGR,-2.9534169571201923
53229,human,HLA-A*33:01,8,PLRPMTYR,-3.0267303592547146
53230,human,HLA-A*33:01,8,WPTVRERM,-3.0479342810733256
53231,human,HLA-A*33:01,8,PSLPSPSR,-3.8273206374270528
53232,human,HLA-A*33:01,8,HHIWQNLL,-4.192513229205405
53233,human,HLA-A*33:01,8,FLKEKGGL,-4.248194081102993
53234,human,HLA-A*33:01,8,FLKEEGGL,-4.33662998713881
53235,human,HLA-A*33:01,8,RYPLTFGW,-4.36590972016923
53236,human,HLA-A*33:01,8,RYPLTLGW,-4.447071350387597
53237,human,HLA-A*33:01,8,EIYKRWII,-4.5491947204970185
53238,human,HLA-A*33:01,8,AFPTSCHM,-4.620657440051461
53239,human,HLA-A*33:01,8,FLKEMGGL,-4.762077204849158
53240,human,HLA-A*33:01,8,PLRPMTYK,-4.8375036272030245
53241,human,HLA-A*33:01,8,CCFHCQVC,-4.850438410164455
53242,human,HLA-A*33:01,8,TAFTIPSI,-4.882004026633259
53243,human,HLA-A*33:01,8,RDWAHNSL,-4.89421054987828
53244,human,HLA-A*33:01,8,VGNVYVKF,-4.921337547470675
53245,human,HLA-A*33:01,8,WTLVVLLI,-4.942569988997809
