,species,mhc,peptide_length,sequence,meas
33506,human,HLA-A*11:01,8,TINYTIFK,-0.4303655098004575
33507,human,HLA-A*11:01,8,TINYTIFR,-1.477028812539693
33508,human,HLA-A*11:01,8,SFGGFTFK,-1.6532125137753435
33509,human,HLA-A*11:01,8,TLYCVHQR,-2.0453229787866576
33510,human,HLA-A*11:01,8,ITDRLFFK,-2.24551266781415
33511,human,HLA-A*11:01,8,AQFSPQYL,-3.5117753716563263
33512,human,HLA-A*11:01,8,MVAYMLER,-3.5122840632818537
33513,human,HLA-A*11:01,8,RYPLTFGW,-3.5735422107061443
33514,human,HLA-A*11:01,8,PLRPMTYK,-3.90359446506993
33515,human,HLA-A*11:01,8,FLKEKGGL,-4.063959820936078
33516,human,HLA-A*11:01,8,FLKEEGGL,-4.102083154802466
33517,human,HLA-A*11:01,8,HRCQAIRK,-4.211617031213212
33518,human,HLA-A*11:01,8,GGKKKYKL,-4.2237334864660365
33519,human,HLA-A*11:01,8,PLRPMTYR,-4.254640441746809
33520,human,HLA-A*11:01,8,FLKEMGGL,-4.378527512875101
33521,human,HLA-A*11:01,8,YLKDQQLL,-4.484958881996996
33522,human,HLA-A*11:01,8,KLWASQIY,-4.5425053948150005
33523,human,HLA-A*11:01,8,PSLPSPSR,-4.657353109283422
33524,human,HLA-A*11:01,8,EVAQRAYR,-4.753542239037952
33525,human,HLA-A*11:01,8,RYPLTLGW,-4.797287065426693
33526,human,HLA-A*11:01,8,FTNRSGSQ,-4.809216852103663
33527,human,HLA-A*11:01,8,FLKENGGL,-4.824338097994424
33528,human,HLA-A*11:01,8,RMYSPTSI,-4.829450329307534
