,species,mhc,peptide_length,sequence,meas
76746,human,HLA-B*38:01,10,WRMLIDFREL,-0.5002598086052122
76747,human,HLA-B*38:01,10,YHSNVKELVF,-0.7146489075838484
76748,human,HLA-B*38:01,10,DRFGLAESLL,-0.8376074382034733
76749,human,HLA-B*38:01,10,SQGIRQVLFL,-2.4821331678759955
76750,human,HLA-B*38:01,10,NRIDILDSAM,-3.2050256458677415
76751,human,HLA-B*38:01,10,NRVTQDFTEV,-3.3765891959594736
76752,human,HLA-B*38:01,10,FEMKAPFSSL,-3.5236818396344662
76753,human,HLA-B*38:01,10,RGFAAPQFSL,-4.0221157291519285
76754,human,HLA-B*38:01,10,SMFAFSLSVM,-4.195873946947593
76755,human,HLA-B*38:01,10,MKAPFSSLKV,-4.676543395749264
