,species,mhc,peptide_length,sequence,meas
76756,human,HLA-B*38:01,11,FRYCAPPGYAL,-0.9248246035528128
76757,human,HLA-B*38:01,11,SHLEVQGYWHL,-1.1036459784420358
76758,human,HLA-B*38:01,11,NHIYNRHGDTL,-1.2830483142559062
76759,human,HLA-B*38:01,11,SRVYQILQPIL,-2.1942681728468503
76760,human,HLA-B*38:01,11,DRGFAAPQFSL,-2.76430901215127
76761,human,HLA-B*38:01,11,KHFDPRLLTAL,-3.044336655151102
