,species,mhc,peptide_length,sequence,meas
63653,human,HLA-A2,9,FVDYNFSLV,-0.041392685158225084
63654,human,HLA-A2,9,SLSHYFTLV,-0.2041199826559248
63655,human,HLA-A2,9,FVSCDFTIV,-1.4771212547196624
63656,human,HLA-A2,9,FANNEFTLV,-1.6720978579357175
63657,human,HLA-A2,9,FANYKFTLV,-1.6901960800285136
63658,human,HLA-A2,9,FVNYDFTIV,-1.8864907251724816
63659,human,HLA-A2,9,FANCNFTLV,-1.8976270912904412
63660,human,HLA-A2,9,FVNYDFALV,-1.8976270912904412
63661,human,HLA-A2,9,FANHDFTLV,-2.004321373782642
63662,human,HLA-A2,9,FANNKFTLV,-2.0644579892269186
63663,human,HLA-A2,9,FANHNFTLV,-2.0755469613925306
63664,human,HLA-A2,9,FANHKFTLV,-2.170261715394957
63665,human,HLA-A2,9,FVNHRFTLV,-2.482873583608754
63666,human,HLA-A2,9,FIYAGSLSA,-2.6020599913279625
63667,human,HLA-A2,9,ALVGACITL,-2.845098040014257
63668,human,HLA-A2,9,ALSPVPPVV,-3.0
63669,human,HLA-A2,9,LLSLALVGA,-3.0
63670,human,HLA-A2,9,SLALVGACI,-3.0
63671,human,HLA-A2,9,GMGPSLIGL,-3.146128035678238
63672,human,HLA-A2,9,KLVANNTRL,-3.146128035678238
63673,human,HLA-A2,9,FANYNFTLL,-3.1758016328482794
63674,human,HLA-A2,9,SMAGSSAMI,-3.230448921378274
63675,human,HLA-A2,9,KTLLSLALV,-3.3010299956639813
63676,human,HLA-A2,9,ELLRPTTLV,-3.3814760902750294
63677,human,HLA-A2,9,RVSRPTTVV,-3.3956757852699364
63678,human,HLA-A2,9,LTSELPQWL,-3.7781512503836434
63679,human,HLA-A2,9,GLPVEYLQV,-3.845098040014257
63680,human,HLA-A2,9,QTYKWETFL,-3.845098040014257
63681,human,HLA-A2,9,IANYNFTLV,-4.471878199307291
63682,human,HLA-A2,9,SMMAFSAAL,-4.526339277389844
63683,human,HLA-A2,9,DVSRPTAVV,-4.698970004336019
63684,human,HLA-A2,9,FTNNKFTLS,-4.698970004336019
63685,human,HLA-A2,9,FAFRDLCIV,-5.0
63686,human,HLA-A2,9,KLPQLCTEL,-5.0
63687,human,HLA-A2,9,FLARLIWWL,-5.133858125203335
63688,human,HLA-A2,9,ALYDVIQKL,-5.137354111370733
63689,human,HLA-A2,9,VLSDFKVWL,-5.173186268412273
63690,human,HLA-A2,9,ALYDVVSTL,-5.192846115188842
63691,human,HLA-A2,9,ALYGVWPLL,-5.237040791379191
