,species,mhc,peptide_length,sequence,meas
68038,human,HLA-B*08:01,15,LKFSLPFPFLYKFLL,-1.192176049604725
68039,human,HLA-B*08:01,15,GQQRSTLERTSKASL,-3.669131281295452
68040,human,HLA-B*08:01,15,RALIKTLPRASYSSH,-3.9254648660324087
68041,human,HLA-B*08:01,15,LTLAIYHPQQFVYAG,-3.964776407909607
68042,human,HLA-B*08:01,15,ERPIFPHPSKPTFLP,-3.9828515320004314
68043,human,HLA-B*08:01,15,LPGPQVTAVLLHEES,-4.285360052443493
68044,human,HLA-B*08:01,15,RHVKPTGSAVVGLSM,-4.4792411032120265
