,species,mhc,peptide_length,sequence,meas
83989,human,HLA-B*51:01,13,AYIAFPTSCHMFI,-3.6049894787594914
83990,human,HLA-B*51:01,13,AFPTSCHMFIICF,-3.877764317425542
83991,human,HLA-B*51:01,13,FSLPFPFLYKFLL,-3.9549721714316313
83992,human,HLA-B*51:01,13,LAYFPVFRFLNGS,-4.0854390594327095
83993,human,HLA-B*51:01,13,VWAPLILAYFPVF,-4.426562001074919
83994,human,HLA-B*51:01,13,SVNCFTSLVWAPL,-4.581555627120249
83995,human,HLA-B*51:01,13,STLERTSKASLER,-4.6232939447424455
83996,human,HLA-B*51:01,13,CFTSLVWAPLILA,-4.742545092201309
