,species,mhc,peptide_length,sequence,meas
18522,human,HLA-A*02:02,12,DILSGIFSNPHP,-2.4674925205209743
18523,human,HLA-A*02:02,12,TLVGLAIGLVLL,-2.5712300721371153
18524,human,HLA-A*02:02,12,SLVWAPLILAYF,-3.3218894814936104
18525,human,HLA-A*02:02,12,IPQSLDSYWTSL,-3.5356244653774143
18526,human,HLA-A*02:02,12,SDILSGIFSNPH,-3.834475818003925
18527,human,HLA-A*02:02,12,DPHGPVQLSYYD,-4.129965805765939
18528,human,HLA-A*02:02,12,LVGKLNWASQIY,-4.189685006351004
18529,human,HLA-A*02:02,12,LYDSQGLPEELP,-4.4591113129252005
