,species,mhc,peptide_length,sequence,meas
99701,macaque,Mamu-B*3901,10,KGAGTGGLGL,-0.05546930959741419
99702,macaque,Mamu-B*3901,10,SESSDSGSGF,-0.18874938820692025
99703,macaque,Mamu-B*3901,10,RGAGTGGLGL,-0.6807937741007043
99704,macaque,Mamu-B*3901,10,DSGSGFWKAL,-1.1000550155394442
99705,macaque,Mamu-B*3901,10,ESSDSGSGFW,-1.259581050526146
99706,macaque,Mamu-B*3901,10,AGAAALRPFA,-1.2901563081226584
99707,macaque,Mamu-B*3901,10,KGFTDADNTW,-1.7259341464517086
99708,macaque,Mamu-B*3901,10,KGFSEEHNTW,-1.78156515508823
99709,macaque,Mamu-B*3901,10,SSDSGSGFWK,-1.784420403500615
99710,macaque,Mamu-B*3901,10,SGGPKYEYRW,-2.364768332084525
99711,macaque,Mamu-B*3901,10,SGSGFWKALT,-3.927401796967642
99712,macaque,Mamu-B*3901,10,SDSGSGFWKA,-4.090468667134782
99713,macaque,Mamu-B*3901,10,RQYPWGTVQV,-4.207269635232072
99714,macaque,Mamu-B*3901,10,RQYPWGVVQV,-4.299092744094193
