,species,mhc,peptide_length,sequence,meas
101082,macaque,Mamu-B*8701,10,RDIDPIITRL,-0.08770760986143789
101083,macaque,Mamu-B*8701,10,GLDDPRLEKL,-0.09835294533400514
101084,macaque,Mamu-B*8701,10,KLDRPRFERV,-0.11253127244780928
101085,macaque,Mamu-B*8701,10,YLDEKTHELL,-0.1488493429592205
101086,macaque,Mamu-B*8701,10,KLDRPRYERV,-1.137212562749908
101087,macaque,Mamu-B*8701,10,ADENPDKSTL,-1.3968643373288876
101088,macaque,Mamu-B*8701,10,SLDPGPLEQY,-1.3986496910760768
101089,macaque,Mamu-B*8701,10,ALDTSEQERM,-2.1149163106506994
101090,macaque,Mamu-B*8701,10,IDKEDLHDML,-2.8382485197235985
101091,macaque,Mamu-B*8701,10,TEDDPQSQHM,-3.087618170466061
