,species,mhc,peptide_length,sequence,meas
95620,macaque,Mamu-A*2601,10,KLVEITPIGL,-2.1203609858791057
95621,macaque,Mamu-A*2601,10,RILHNFAYSL,-3.2317990668971284
95622,macaque,Mamu-A*2601,10,TIVLMAVHCM,-3.9531491076174574
95623,macaque,Mamu-A*2601,10,RGPYRAFVTI,-3.97727137940257
95624,macaque,Mamu-A*2601,10,FLYCKMNWFL,-4.068927512001841
95625,macaque,Mamu-A*2601,10,HLCRLIRGKM,-4.560645555049953
95626,macaque,Mamu-A*2601,10,RLTARGLLNM,-4.580374456836567
95627,macaque,Mamu-A*2601,10,FLGKIWPSYK,-4.658026434630648
