,species,mhc,peptide_length,sequence,meas
98018,macaque,Mamu-B*1001,11,WHADGRLTKKL,-0.1952950922300237
98019,macaque,Mamu-B*1001,11,VHAPSSRRTTL,-0.28707289192186225
98020,macaque,Mamu-B*1001,11,NHREAGKEAAL,-0.6160196593821826
98021,macaque,Mamu-B*1001,11,IHEDSTNRRRL,-1.490989049436598
98022,macaque,Mamu-B*1001,11,NHEDGPTAKKL,-1.8968154505647432
