,species,mhc,peptide_length,sequence,meas
99715,macaque,Mamu-B*3901,11,SGFPAKVTAHW,-0.11077517167022384
99716,macaque,Mamu-B*3901,11,SESSDSGSGFW,-1.0816503079389908
99717,macaque,Mamu-B*3901,11,IQFRLPDGSSF,-1.4220019464052218
99718,macaque,Mamu-B*3901,11,ESSDSGSGFWK,-2.2008530743139274
99719,macaque,Mamu-B*3901,11,DSGSGFWKALT,-2.542165395360079
99720,macaque,Mamu-B*3901,11,SSDSGSGFWKA,-3.000381645729244
99721,macaque,Mamu-B*3901,11,SDSGSGFWKAL,-3.014486228558613
