,species,mhc,peptide_length,sequence,meas
97893,macaque,Mamu-B*1001,8,VRVPARVL,-0.18253875960118005
97894,macaque,Mamu-B*1001,8,YHAQTVVL,-0.4478007766325152
97895,macaque,Mamu-B*1001,8,SHAQTVVL,-0.7570074955593105
97896,macaque,Mamu-B*1001,8,SHAQTVYL,-1.474575355813945
97897,macaque,Mamu-B*1001,8,ANLKVSQI,-2.9167470531424904
