,species,mhc,peptide_length,sequence,meas
103617,mouse,H-2-Db,13,SGVENPGGYCLTK,-3.004901091891236
103618,mouse,H-2-Db,13,VLGATLLFFVIAL,-3.4347743289437687
103619,mouse,H-2-Db,13,FQPQNGQFIHFYR,-3.485090184454108
103620,mouse,H-2-Db,13,SLAALIVGLVFAL,-4.607665361139092
103621,mouse,H-2-Db,13,ILAILAIATLMSV,-4.64464367378242
103622,mouse,H-2-Db,13,VLGMLIPLSVCSV,-4.698048450224894
