,species,mhc,peptide_length,sequence,meas
107019,mouse,H-2-Kb,12,KVFGRCELAAAM,-2.3607982011948287
107020,mouse,H-2-Kb,12,IPQSLDSWWTSL,-3.1689980952311267
107021,mouse,H-2-Kb,12,FQPQNGQFIHFY,-3.845098040014257
107022,mouse,H-2-Kb,12,SDILSGIFSNPH,-4.571518479345987
107023,mouse,H-2-Kb,12,REVYDFAFRDLA,-4.643452676486189
107024,mouse,H-2-Kb,12,LAGLLSDHKSNV,-4.660703064742349
