,species,mhc,peptide_length,sequence,meas
103626,mouse,H-2-Db,15,VEIAIFQPQNGQLIH,-3.3517705285907344
103627,mouse,H-2-Db,15,AIFQPQNGQLIHFYR,-3.941515096543848
103628,mouse,H-2-Db,15,NPGGYCLTKWMILAA,-3.972280820989544
103629,mouse,H-2-Db,15,FQPQNGQLIHFYREP,-4.017808814717703
103630,mouse,H-2-Db,15,GIKAVYNLATCGIFA,-4.101918946332518
103631,mouse,H-2-Db,15,AIFQPQNGQFIHFYR,-4.342422680822207
103632,mouse,H-2-Db,15,AVYNLATCGIFAISF,-4.530178499631139
103633,mouse,H-2-Db,15,VITGIKAVYNLATCG,-4.725290618667208
