,species,mhc,peptide_length,sequence,meas
107999,mouse,H-2-Ld,8,VPFVQWFV,-1.7411676855781217
108000,mouse,H-2-Ld,8,ISHNFCNL,-2.5796022682505373
108001,mouse,H-2-Ld,8,LSPYPFDL,-2.887295719567437
108002,mouse,H-2-Ld,8,LSPFPFDL,-3.3174204118682358
108003,mouse,H-2-Ld,8,YTVKYPNL,-3.5278678832859236
108004,mouse,H-2-Ld,8,IPIPSSWA,-3.653212513775344
108005,mouse,H-2-Ld,8,MGLIYNRM,-4.035190947076008
108006,mouse,H-2-Ld,8,ILSPFLPL,-4.200120744544971
108007,mouse,H-2-Ld,8,CFDVFKEL,-4.247070323007597
108008,mouse,H-2-Ld,8,SIINFEKL,-4.6569848498540685
108009,mouse,H-2-Ld,8,KVVRFDKL,-4.829847320629543
108010,mouse,H-2-Ld,8,AFDVFKEL,-4.845500537366234
108011,mouse,H-2-Ld,8,KVVRVDKL,-4.865457953590262
