,species,mhc,peptide_length,sequence,meas
108518,pig,SLA-3*0401,9,RNMSRIFPY,-0.0
108519,pig,SLA-3*0401,9,RVFNNYMPY,-0.0
108520,pig,SLA-3*0401,9,KRMMMNLNY,-0.6020599913279624
108521,pig,SLA-3*0401,9,RRARYWLTY,-0.6020599913279624
108522,pig,SLA-3*0401,9,RRMATTFTF,-0.6020599913279624
108523,pig,SLA-3*0401,9,RAYRNALSM,-0.9030899869919436
108524,pig,SLA-3*0401,9,RARKRGITM,-1.0413926851582251
108525,pig,SLA-3*0401,9,KNNFWFWEY,-1.0791812460476249
108526,pig,SLA-3*0401,9,RIRAANLPI,-1.230448921378274
108527,pig,SLA-3*0401,9,RRSRRSLTV,-1.230448921378274
108528,pig,SLA-3*0401,9,KSFFSRLNW,-1.3802112417116061
108529,pig,SLA-3*0401,9,SARRRHLVF,-1.3979400086720375
108530,pig,SLA-3*0401,9,KRIRLKHIF,-1.4313637641589874
108531,pig,SLA-3*0401,9,YRFRFRSVY,-1.5185139398778875
108532,pig,SLA-3*0401,9,YSRPWNWTF,-1.5440680443502757
108533,pig,SLA-3*0401,9,RRFFPYYVY,-1.5910646070264989
108534,pig,SLA-3*0401,9,RRRQWASCM,-1.6020599913279625
108535,pig,SLA-3*0401,9,TSFASSWIY,-1.6232492903979006
108536,pig,SLA-3*0401,9,RVRRLNWAA,-1.6334684555795864
108537,pig,SLA-3*0401,9,RRLHRLLLM,-1.6434526764861874
108538,pig,SLA-3*0401,9,RMFKRVFNM,-1.7160033436347992
108539,pig,SLA-3*0401,9,LNIMNKLNI,-1.9493900066449128
108540,pig,SLA-3*0401,9,KSRRFTVRF,-2.008600171761917
108541,pig,SLA-3*0401,9,MTRRRVLSV,-2.0644579892269186
108542,pig,SLA-3*0401,9,MARWITWAM,-2.0863598306747484
108543,pig,SLA-3*0401,9,KTLKGGWFF,-2.127104798364808
108544,pig,SLA-3*0401,9,KSYEHQTPF,-2.1367205671564067
108545,pig,SLA-3*0401,9,KARARLLSM,-2.4800069429571505
108546,pig,SLA-3*0401,9,RRFKYLLNV,-2.5717088318086883
108547,pig,SLA-3*0401,9,RRFNRTKPM,-2.74350976472843
108548,pig,SLA-3*0401,9,SRWSRKMLM,-2.9599948383284156
108549,pig,SLA-3*0401,9,LNWFEIWIV,-3.119915410257991
108550,pig,SLA-3*0401,9,RIYSHIAPY,-3.177824971864682
108551,pig,SLA-3*0401,9,RNNDPTLPY,-3.2198463860243614
108552,pig,SLA-3*0401,9,GMFANRWII,-3.400365273349939
108553,pig,SLA-3*0401,9,RWFVRNPFF,-3.482015576450712
108554,pig,SLA-3*0401,9,RVFKETLFL,-3.5749567757645067
108555,pig,SLA-3*0401,9,VTFWGFWLF,-3.691169934131603
