,species,mhc,peptide_length,sequence,meas
108416,pig,SLA-1*0701,9,VSDGGPNLY,-0.0
108417,pig,SLA-1*0701,9,TTNTQNNDW,-0.0
108418,pig,SLA-1*0701,9,VMRMGDLHY,-0.30103011531209445
108419,pig,SLA-1*0701,9,YVFVGTSRY,-0.8451003573413878
108420,pig,SLA-1*0701,9,YLSGIAQYY,-1.0000019035085426
108421,pig,SLA-1*0701,9,ASYQFQLPY,-1.0791795479528807
108422,pig,SLA-1*0701,9,SLHYFTSKY,-1.0791795479528807
108423,pig,SLA-1*0701,9,VSYAAAAAY,-1.3617286145369598
108424,pig,SLA-1*0701,9,ASYAGAGAY,-1.6627587298205162
108425,pig,SLA-1*0701,9,TIINSSLHY,-1.6627587298205162
108426,pig,SLA-1*0701,9,MTAHITVPY,-1.6720955832431093
108427,pig,SLA-1*0701,9,MNYAAAAAY,-1.7481860045075994
108428,pig,SLA-1*0701,9,TVYNGTSKY,-1.763429463198002
108429,pig,SLA-1*0701,9,ATAAATEAY,-2.093424029645634
108430,pig,SLA-1*0701,9,SSVGVTHGY,-2.871573462419483
108431,pig,SLA-1*0701,9,TSADQQSLY,-2.898174331620837
108432,pig,SLA-1*0701,9,IASVPTSRY,-2.9740486002883646
108433,pig,SLA-1*0701,9,SKFTFSIPY,-3.3560278719704706
108434,pig,SLA-1*0701,9,MTTCDFRWY,-3.664548145498282
108435,pig,SLA-1*0701,9,MSRDWFMLM,-3.735995984438112
108436,pig,SLA-1*0701,9,MSFQGRGVF,-4.301028331661486
108437,pig,SLA-1*0701,9,MSSFQDILM,-4.301028331661486
108438,pig,SLA-1*0701,9,GTEKLTITY,-4.301028331661486
