sequence,meas
STAWLCRYAYCF,20.0856095876374
HIFMWRMWDHPR,20.0856089848125
SYRTGLFSWLMN,20.0856081221726
HLNTYKCWARPT,20.0856023777849
HWSLWSTVKYER,20.0856012636623
WQNYAWTNRYVI,20.0855987364221
DTYPWWGRFWAE,20.085594343538
FHVKYSWLGQTL,20.0855930305545
SLSRTCPGIHKA,20.0855913340355
RPGETLWISIVN,20.0855912155316
LRSQDYCYPNTA,20.0855911626107
WLGDCLVKKYSN,20.0855905869979
TTGAVSGVWSWT,20.0855902472304
MTWHRADNLGWS,20.0855890607034
KLRITAGFESLI,20.0855889890579
HPKWLIDFSNWT,20.0855889805427
YTMDTWWPSWMV,20.0855883499503
SQWTYKYTSNTR,20.0855877354709
HYLTHMPRGFPR,20.0855871620738
TSPSRPEHCAAR,20.0855855540472
AQQITMKGLGLA,20.0855855338497
SSVCHSNLGNTW,20.0855852559712
WMWSTGVYSTST,20.0855851077355
KVPARTVSGAVV,20.085585001558
HYASLSCAVRAA,20.0855847056646
HIMSYTKFAETS,20.0855844058049
TSSTTQGHYVPG,20.0855839205011
HNPFCCMRAEYI,20.0855835703983
SGPKFPNSNITW,20.0855820874584
WSSNRWWSYLNH,20.0855819497811
HFWDRASLGLTW,20.0855817602333
